0 1
1 -3
2 9
3 -3
4 -279
5 2997
6 -19431
7 65853
8 292329
9 -7202523
10 69363009
11 -407637387
12 702049401
13 17222388453
14 -261933431751
15 2181064727997
16 -10299472204311
17 -15361051476987
18 900537860383569
19 -10586290198314843
20 74892552149042721
21 -235054958584593843
22 -2203459731525812751
23 45552641965263783477
24 -441809755910972780679
25 2558854161654066002997
26 -1991815007608907746191
27 -158708484355326526545627
28 2250158292399600233139609
29 -18336446815037256599499963
30 79500233264342829859816569
31 285889127931117595233806013
32 -9672919586269588459481207319
33 108265058620985019966908744133
34 -733663527612632988703991101071
35 1799753122541202676126526126853
36 30446180033540585876016052681521
37 -543530153438585725675379962613283
38 5037389891180607599302987852820001
39 -27128392158028651163766275342826267
40 -12410884867511404070994778621096671
41 2207995159861941024095562279314021373
42 -28888945389962558998839712412472829959
43 223880905468129058597096361623516357133
44 -844918493981951812189241154607298111151
45 -5512103186378881145553563925475778831523
46 138758095294544098730310703097985898000209
47 -1462843952614906593922681698001433429594187
48 9296559444159442888140110103321067672233849
49 -14834798362772537063132158929946718444622123
50 -507204290802975700063550196854264107597136991
51 8026846929139848024220728356922054207340309173
52 -70414033535860168729006993629878665147683782319
53 344158743518489420868166754580463312571696429373
54 706594524037377059227787827426558358536728968289
55 -36009337802053972180672790728974129079253893455387
56 436553418737343754385045671905913411837561659291801
57 -3186731732949194724948847462105923764811728970446763
58 9909521535955404153286382981066090327361416219948241
59 109978411045425591472247902609728612306037762540544133
60 -2264803786379105974531350836789767488183701457707458599
61 22458165564406913222855586138747110522074588547684887557
62 -132168250560896085993996427104427745871092646998480501511
63 72875967938472758951374024087555775429115959523117693117
64 9215020580746168940654417426555175504464626370868892265961
65 -131696060231247776809452917978527550108885977538820515279547
66 1089233107908293328355150897309352219234497754484846792701361
67 -4714175103487125028986196696219986282646420025749724253896763
68 -19836624074417152209915052558334540972698782539081256403411119
69 637215022908135992255320660822103718001862558233851124349872893
70 -7192646634374112174549467023430768425604534647619222507743994751
71 49124040283372190562831180229156021315563118981617539110478782533
72 -114866723791729631778824061383910494049983085923885661577494496719
73 -2242384967815843685109080212206384546230041455702846840106421579187
74 39694425314473868757694829253633697723565487501829286190329384245449
75 -370234675680450198389899537623519670305461298189921782883127031772003
76 1991821133210450936417533886401473204996532284694304803053096713729409
77 1489088045297988649213856945389699008443212112136022992847677438244173
78 -175660934595262837714321004200347820255694705765192450712766744710448191
79 2296829731479612334763331006883550891227348135368215225442245462396782437
80 -17855742964221735043031629577120162862843816757901002092958291496464153311
81 66148976721634195518560273475581656399329467850211305863229934282999023453
82 484771266044740544830288547299077982368691358750582448118511540794602121161
83 -11831782987243761557942611414864449825398643476270460001341506442883175082627
84 124828027898279745261400916636582453893070191675470452042545387072586447666649
85 -792030696387436836580757205303030336807733026301371460949067165241217928240987
86 1133971417627616534559955814531220449913848214642692440060604646927107324080041
87 46363768097528607104118160611829810160631196557367062820944805040819292549278157
88 -726862125622062396026331741335028733795561950414618299752490843740498457051458479
89 6375459284269838875908799811934183167018128456137727065050903783066519345728818093
90 -30843999258076793896150970688664571263906914960893883235684456178188735434263965431
91 -74827580366003164344761738500594264370227044391963723520902308964508649775283624547
92 3448398425321767875909617979060588648715660781247513262065060889843357469981790983601
93 -41636466060165230173401132978684429422501129554350890190030008465490672013011614457987
94 303169574339952812466817333989352999717129514242218666410210961554522955264798264259089
95 -910624055890861502514803896296796933844285686929583631723248547065114356941642530368843
96 -11246484309592001124428854535324718457339847883452157104909621956204361872185194341226631
97 226534207970186885822135291253494378554166210033918920694339377582154148948029692524352533
98 -2239879653684888668837521243412232582528420266145316646910295854049375834622256553909537791
99 13087323230104740932873261112520022063550945221645222934599348189214199219040346663845247957
100 -4449569566019526284077587339420727854809724060976795750657721175916536887344061951897457279
101 -967522112776947730443087486981619914105087316207915295938602290404341962519248986579920716563
102 13697238328298534795867394222444092827072986197646237972543572309251308267304904688575316962289
103 -112876662541052793701310530719667723098114914592007022606224241931579109587418666948167136733963
104 479837314522329929273591088147076278750861792815234641610794527438211371606865227530863472732241
105 2261941322471885136130554931706623858830517655034163229476276836648791260395982219367233662434157
106 -68998832255421049011428340195147059591779106888140388087051261582173421067389667646277371038973911
107 774391827731909407677912434357912497918234340847321003843529913979147249888135519563161035703831293
108 -5256679567205246326271268599779195237802534911159412317548723147912794108652087082939613936340761151
109 11571367108987373344547089622421621948915605777025051614321041628243310115603249449772775948028237837
110 254481343707705582419715559530985124632243014628088886246502094216103881580098247872776227353237085249
111 -4427037994340640612161031149233167073709507654669728591468103064530376182909468945106128111996106353307
112 41087270510150935100625148087782170488544261414386442921231916972756861517752458362824683333452428791961
113 -218473857787618493335309517611804974820928724788156137542450952260283694917290978269645604389680144694667
114 -222647233026498717439868017700754563407653798651580490641160317989188784501494023665284748418495114712511
115 20315362748692636933661119328392630542488219163453443837236850750681342502177176612554915160487261049611477
116 -263184857649558796822772641967900693140240041200410872804438777461782145951134424671062439855001447380854351
117 2033888607225440651589475075693354930177678406075817678332166769516988235996998490152323778483318201993269533
118 -7333801290575490552168559272862211775616144617874260812051802155864348203797342949270021760467662534127099071
119 -59240808517596609464452601225011837116664110721873401643338887303715225956471808163162340921426272963500287163
120 1398367927240656833992170258192490910898771553251598878659118051609651671384456130388284532424190819034696047321
121 -14655183490426160695369136736539835440985301925468284491056411846239392850963839292089342114465765521965318664043
122 92157435228890115576686123199008940328539073804017626566063756502299100857208982235199121071719040590002733954449
123 -116197246175037941980241646080139369415205522966265900661950004242809070039963070606244721514458088023712083624123
124 -5678424996403562484754851339466060669185375249354943840294856110394732515066783172966746015157136403086550896032679
125 87736582052044409937334573666367119599201389525059503456078618275859725049505966587669872377191142995000725597252997
126 -764673234990741634729208806517357163865763677368802862229978190601700510960941259653698722420514884314763608238569991
127 3639490880615187036340654395601607461298462167924526982081533899666262876952601247415187568913994842673174944565238973
128 10139508509737938802526034912465705061317202752199762754287578781723367202816364254942005473229967959573338955218284009
129 -428306392793716880103719354200540675632060151402753709821937389245601588143958603206476093391902876419473792362031455163
130 5124937897854879273074011903535867583480467973243606865502716223282900203724081636712867336549743550477365618182188469809
131 -37027075905574403711066924844327104084502698544600674765096361181093221705508114784623869268635671175454147209593456146107
132 106759250722844278316451680869578246825159579089850126801141861886804745585492622213187891858067224226095317856170340042641
133 1454198444497820128152690679907370348481682168867950431997577077286502537277227816495331714010674312778356824573943757495613
134 -28587272232042895675421142769019266778556763072393109578834662618287620055470478276698283967563260916909888968452876311549631
135 280603400605443825042005005265337196345938532406149471556188926792679311187570144277720923600951413852099273024971894974490373
136 -1620451050874565517135338599716671905679922625016958633747162678078465735268177470316293683444419694118006260186040441378501039
137 204257942587842932680712961366879866358437175845175929415726790440812090864105047044316219909639935904804878493198809410396397
138 125595091407060034849210708963206075767108605243610359621274039646831713309458037753608052356324604215493126668847142845863566441
139 -1755631219309565803876428333416823694778164770489591690598970971811473602221744440939717862870058946084241528492159102640103777347
140 14359896292311019626690627117415660793308380123621614282889036136917894005623249665998624487668860350047995826833969192688509680609
141 -59707340249539688384641090866130946533189016034339549187827275175223592392214432431350884064046923473915842230630296277985440198867
142 -311639385516689112995604854667449297977922802480246640511039208128720298456250242145434676212580098066159639449974836296727855756639
143 9052925667775649671121343886225187008995030822019635163382427330855987352247354904522738662087096167368578806226154843464833024439493
144 -100705865134554693490450452849604992012618547556020711028444519177542948630423437919184855073584428392224455633521782019415762967825871
145 677139378475783134681654801720301723584874148266777188991470762380794700107153115810178151844756628483219624113750980471533608477621037
146 -1392259549501046051597471743461784258889409177928535941187520504295143947345036175996045946095165177053296536386827267137419566936108071
147 -34442958443113120681294572439126837417000391447767472900869415798865530928995242286960752765494507925014038147369428197835940319466384947
148 587837146246718131990017034673549520041978384517521012408691263077674843477458911419025474156658766873452146147476634984015626927330252969
149 -5413130485996488399106546122070823589297394784691323658874299286335608138059352889409943324904061280731165402462497285524563106587094882763
150 28360264108590366344966426081223588734443412090829602401948034628665291858310052246016989417854415602332999042257696915888079054037601816569
151 36694235581999912639657101721686441565941890481903899998665528589831136347503884981186490243909173951030508060356573497482786478385860108893
152 -2760810231148306989258584827088261932101036378069424022042057976297442334373534058375371158183475452917854381476534985743222934779924697182079
153 35359605298477354023297555397707110202989079474012490265566015086078990932265002736834305448984344907953445498287406903633746476985632582718493
154 -270934551232717641854718530380825330734277831496737034042435219239655402073113963790323976300983743414076384571507956886838021239864722930193351
155 947472673252409759034577883902688212466600942547155274092070534324978285165588105143855972851921013484082491997993148132422908226611119756528013
156 8388787133410540419432918606436736087810834748017116120016273684688726407511638358005326863115712059697302447388180300276017681807701739386298401
157 -191613507416952048353297540840198305640251261705307902008129914525782709131109849430934958527475080792586548549920994585108567225366205758604087763
158 1990549622840212506341108143953280643711643816404880173558139507364263974618804271995382159307026077514949561182561986126214161968255331924981200641
159 -12376125298199074128395408357668028343671862797927228734330127082185951478019226057601493697407391624313676874629197355074466126912474723749939258267
160 13417435899261161155964683572015539023794628968827608008623885144730731707617242561961656028511493492294859279560330895017591438551864448902046139681
161 797801715405610844670833739735189803855196472825786257129981424417220753419082393612147568601691693510150857727840039713329040500714692618983507353117
162 -12133010037852641253368657498991309925772449619187259562485659123382569535564829746344818750045873901621569713488535898184901158312996375710357739568791
163 104865060298867464119860696399767104174121187517243977092986838256418830618078826403351596925558465495400884726125318081418137851660040290277338081258077
164 -489827975755344210632574024297209618566169419911406689932768196292484957582345002165357624743818498916315564543358538962013362279933304571262976199497559
165 -1545082859667559809873214025697450095632116336109313404974913626388260765902253737899742555144381398995728159663308663315573628286663446735732337082233867
166 60399765177525010557025892383387434550023967859964572179047308236735911071202825755794268678935099806413544077750351215773306111344417145521203289701719321
167 -715112734985761355617253756132618321584352724041312354364247526183902318109145382691487827977848799034025107580310139074183074454186877435009695292800664643
168 5116982102039588237436051246010161825510273404106946209624370330890229062034223416661178200067528087414275960800717171805371565378114518140809752388317850841
169 -14102272545895736913072737373242912372651863841141971190056008068618551373605680832165112620748275501358569300148221028002556448576695890400140057698853750827
170 -211508111447353264035618902126804904549724867248522743474046565162162577783466309892344506001941707919825571456385110202995302981795600962581299538497774509071
171 4057593755206876287297176522812976525990223123249441200876110298017512687789435634943265096947819552868820515358547620564452450918462710667568761467101861883493
172 -39477615032665870367696252248241379621248777584278572891145172448998107123554993512549320385608335298954821427117216313596217660886209165483234074522284361412599
173 224913074218997285654011438143652876554723069111584925067864253236367499622923985904803248009644098010260766945765373543965251838786850354325168809829458994990773
174 21135729470920350182676110612998102184662279458350865460125945848155781916794665376995409219008989062771619122048907625559211691422716808990600279404146875006729
175 -18200805245216567286865263680290038501106638000875885522812810911671044639002438020584905226484969453497305554406363293064241866786073253106912068046378636833748147
176 250964237076513003932419702328410541810470071269831712095659160160600241811615468802766128576936435518717864697847504356817979140739766702300324262568972832699509841
177 -2034409317808082872330367631139078334871615448828086880569066134662348247405461358393709192356477824382091773383661585379553437547249182873496925717879127003064755123
178 8255133621797095507315918520896070295412508066009278354536680038744733692667968976774653102512191986263157068811574325091191085509031163241736172324293287341213309241
179 47434022767994980307037134308853000008637783602569713188550945635034878129920647523815692510756220792151234799925174778818330509865920538065780284426523896080605229613
180 -1316144549022077136439227198141201517975667345785718001403304710880430012439700717316308188680100481227208855489109427757293944744851894430281841414622626200114674099479
181 14495018540096245233839397642889571991016830014631494004787588731406749626014075189660775500055686965357804123146652515084096481453071889410464238312134948786025989699317
182 -96403362795310251984304272154127661279284516902667026584238478271963429301981465708939666829638403082755831465837430595390401942796571342531371690307608585721459748616071
183 183667769476282801808082914697605552501292670302635454351577079956734528661215565932147062166103946603606739141293155973936496941400009518454951262530920026182933431368797
184 5131590626874064756393882300635016681449187088435891024149922501682714103941160966972316487049783081882345298771707379598421461659155220144407882041260072995675054319069361
185 -85898851577949863444993491411454191750660254045556672570200495259536871222464789070341859895365036100113695736838922596160552708450765713732528017375400395133731980533399283
186 783927257193148604326962357120700768488903352331917509648119996325985477274507411540167359476132818056790847189945496527662717423969984125815925949620052088920726078672745769
187 -4040457806284491653627825663898026521126994728429500261443245480654036815069166595069451818090947852377309193724096166190579379266167766570236425230815145559493505022853259587
188 -6373654454947164209066767263811076039723241545372260646932071584653318303036431047193176575871836703455246005010539837352878287812368536438840534736500432896962887427398541711
189 410634940900695317049701133667571723688574914353617137537992501811925857785354560086172863859062764060857420653752649400509977399170535318820672419904829077491174740884931938237
190 -5195493629949325239121919154307716637005306366854524229876698418319729513905863344185662798222621635847095726175138234605173883235594686187939844625193837214673298178462085285999
191 39425797873619926374334452802958931081768566570945692608116527458605229889499225308840238925721186258345948486997934423214616845521622666557124999737606498553808541222186524973237
192 -133369234707755166424138461187530648506269935595947472723241462201417328209974333701022486128206857006328737218590721598134307579665240931303126412433606772420593250887392878811271
193 -1291402551018545434010565549296836520748175959166807972292388432529735026512828704355331457646947453121506660158587800074818094015007253497203821196101174731245308995946267398594923
194 28577002617247898456510660084236575334338614755274303300657230535493653520733645629478558188405329653912443640744772136989743796449311105164183645899710285707758224906319249953932481
195 -294007712616701947148697410286412372408305185188050863601319746423621062223479333784641207182736884445188634775908259312671780431269154998848158993400692504215323174630840038052172267
196 1805218508647515082005354247443711500047869349996480277906559076561006874183865305288631448066568972570114913524766092025357099860263113472965044657702442475405143978464203526599278561
197 -1627425396113787349129889450083384702549938126016117168252612578076075926973331070680298193713577887411266038439719690659485460889166691922299825442593406467612451865058598615168524723
198 -121406485446481711174342368446664652228350925712860667437266424922754724274412614195384099187521837125927995133271504911683606340413639851043786144265052585638784699401755496701665789679
199 1816763033453973705386109199962219304002589558637114576454989945671229214333077793504165400087138680527611362627072892480646233385441737120404890669886769585051348168803907916790749690133
200 -15557359360036734075741133942985102721235881730077008475838741692542004387649424614336855940088805556731221955284219735159273163692319614622418590593031455320874266833306751946204491596671
201 71210305778449684652063307472263995274852469346195285462722862019216180064991213672897210915690477244297939748877912535277160415259928516119460464074316222182616642758580141667424000126813
202 251959672062898630276193864220786507262033215360998261417016958026500149980337880030198372087966781603954528552576895913575298262084323926339115631376159111358108729482371429557981336894361
203 -9184662105561891962712163649764952184711573349178853050346380578680209533627514435695469442712160154224064046955984349881006479460039539609582319762248606242405103380461244193267489784418387
204 107532581594995710252802104080373728843644898658507976647586535083329353559255049457764903715070215872012670279839751924627312412585641143158458771431270750366426564665918492722513106254723409
205 -761350368652841790930180619904247269158635412485645239742822722625610401537079867094903815210608635573579983829598831363202147677470931253718983488954790914874261463178091477003073723511246627
206 1997617560257814277838456205902891177512747672401737452910918303142894534968632971013245791440132418358701894626097261739384444962081278622235870440891048390643383922463024113791569203001189521
207 33015337083466100679581942279376751362162033490323946385463346712971497458259285366503746109859197372281805976207253536388668875759194295187265058651773038642353371468143193348449069671876617077
208 -618375818657439375362560791441088175347581392295634965257549052644754984671778440945066325010453690187153365395422304130670574239067383025180878974900270668903109975607041983781374012546471813039
209 5959272414793539127844017928930692239365011619368151429544335935083917765512852943307778990420492180264476710771781210075972387627155888864007456886874335254030785629630073872903799268381861894093
210 -33459347218719369042437029979228714802517382245482044223655129183475723230186817983883462841929249290406321829849368221984196026702708733714370352593453070326832517446763594405382287923701756877959
211 -10759948987766079329954079334027647559658877184162593503576438758231078173543238518037839526782330708121828725757115207758158371914695818616330507826255222224634342989746934097787101255542009292563
212 2821612309001709199515122662279108151618188613664353356212130599422657574605079933658438336104804776866824721721600280508609692491526469105943906678656437462802123719642087116620128129215670541424649
213 -38365854849531094149805802514137888723367872678309527202470113168764702624641662291149325208250049494089003179272695389118590563222420099680303677263957905317955646190930118412266474275409940369428203
214 308006408118101310426675149047696892873407787541809189113402747224843701425118881716211303518328337434183155528527668846115454676514277896175320353771313585344518736716236140874923127517429791138480601
215 -1217618618291622476303766732508037793361602496654279345882596266430029482138289004846394777788182816329597648769561338327773995880113500750661790739732371148744778908352661106360682132011275399572460867
216 -7674993595828687371880773014425506512943304643880512666655464317199269213720553764050369650250985242369535867752568330730613951786736928320442449443377329121664901465335190470397455411369433984811241279
217 203979159102680226953128492177796335130392263943558193128260084073795097478965896365836109294459591373490944981206494628778020953708082499268204081829657937440822722863876245440168889233805845983337470557
218 -2222956085849312955116665186749920196597105868808147608596769571215875766519561416935663843854784289162640522181211424457732802250749465282204997117427213250168219114934551318585495289243301655347633668359
219 14611816175595649489287200267108424776825946967026682598938862136395009482172035088101801646324858089192394225956609773617384335012343898519956552395073078803349018007681507002654172438634024678213333981773
220 -25559352019000288910173321556338813961384123173859331736218652388201785701491909691227845052246129027950338247263379592028018556051322371457616255859782676691770548456733558427574940541886544390357970189151
221 -812154305457869725839857619315441696491077759143349514762932461812495697643997128481496974407536998203454828846498719393533096625104510498555754252421432584758538628516280409097928445175542544637963119171667
222 13336005093164894085437887403064528826188806200587911585803256896093744302723039251459258183468845731305868428109205349702115586838782643040866676368390860114398819836532008374573553363470475921818550948756481
223 -120548228838574145570509995789601142594523893568812238607498402024978582931348991315964444137718417362141962865543265659912054817594683048006142248567475799905987714480752408370383410375293780441953005722661787
224 610591289727268438194540178004306352547897816723777088668067108475055869300996736010545919328761175218225012014575296067824658873942429158348456122886592266247224785903203642565863586920660905738817434837815449
225 1143346054239704406432743587075983590265433415841996294865970720847331699837307613234100422583518765333478057929160211016409079248018187945789850872388914255172742487066059766553735280494081878839955087607543477
226 -64705169768850556642599648998010672062936305846846058638664469430281815998545569380269918592798873309970389935165207799355692658446689801400515067447944550268362349072049403984585773072288560840566813098715947231
227 808510263569919742999425030935352293286278445885888746871518737946385275940635025033684599502492102215017747204417725366201848867911478970536483775879323579408296853497745099338191793986015083322678613581662251893
228 -6072418938974049667080386309146974620924821579442150755275520924076122109659093735939330597385527755316877631665411229147447139840457573588838897320808151553123246172569360630597671079384129771400810472992112472031
229 19823376073313480624315931973045115506483547379541616387699696036545412548798255858812559626995163357287226277212759593105126198932060085828669829314636427915074338570914576431479885644153223691309763588851550312717
230 209755973867301309148137112040890891262918857485387262074548693377855139861737511299326145175604973605939975963909966481852291585700256582377442408755141492776997564359460211923467538632630258119051550618084412536209
231 -4502496402962696451383582816135158317081034490921501394405629266191403372005167877860301743329734753908962743003164734786868374223338940152133291273537767649372920827726178372830032560369088033019189890900426117276907
232 45857004273961480560967480564587797615580291147283460383595623690150549327947446028546629622027912642914572207242968820837173388402060184447625258166723606249441713168805091002124278989736368623618861615595485475979441
233 -277849398528615955058151161946580948001191647710710754291090048908847930804558061399129760752513647429291500276254260074265757809570172320366289388027623617842166021128171973442883550402577372568800769389167536201124787
234 198022449555081030103861337689759447708638736908827992724626791208848625074638355125984517867027826507745830890178319835954857823415593294915922770204336137767187793463132726192841074424000075075590125991348670008095369
235 19465048793405381034861720959030071614038823221085042781051478952217419260975830574843362977074751536852627121779503823229582528419749259446616947690250840602611597450146484366893373423244580118804785767082367362255406813
236 -286619947737342893036580809065634964133472138057478701451233774273974854998520377417308667952596604958393256276020213032860093057670185384302514037560994265643869918527657221885945573800436794859671553349279741416470968159
237 2430553626818186136959740765012859282668663801683963461458009424920981005228744436018296559781371042231816088982137857715333579047535520090693257800324210177933932346796871554005619221259442009793919788997844565513005486957
238 -10889045186159870716899550126091958409339509741747834144947086447506502417317604410943903544715370436620407675345193358009726604742997132729103750497619913499836985476927982646020700461821753298021509047754731638356593856479
239 -42921606496770915702942266003562711172096894044833973703585844688559404292790088175407544510249424853170256853991837640937995187943074463840836040503446289355996388349390436728663643600145929598435806840578887353541552725307
240 1468189904424216206530595576203440389333718010623649802629757612691227142243670355124110530776179815339459129433467207264022998833421959032030512257073735428972098566169969774429270898896738600596899257027540971410891028869849
241 -16993501753845406216205166914282599009544328519722718016325841468371350730923583683103135680912962078995787959678232726325634973629350959302526872277131552780205336253171741577269133473120000858636487415940666520282163088000587
242 118982941416747363955689257243811219147745893286324585066072610966928422941047371099986172472251927930145185511353643088746011689355337832111864149534815418887818881651035526238909846836518591595935848473397193890605604374427521
243 -295954896879841714664330374467432565048190210778893396894562972307673567112669114808000526796291644407437222356200680464008736341858172467252122152653237773114843569845026717815510552240707467902721129338502341588522324027029227
244 -5401646330906328417926560822453941671788591411491097768557904872876680806286824304644685685771343432741539709031990891415933793889405149469238466893780979756841679237471461348561698975032532120485442012195740524408828772678546831
245 98841223339848624186978523051047645497214120832113203039825876246552282973680933759611982625757891433403187020881991289683730847119573657158168708609952497277621922289923197894549173727700476220449564868756681591848864578180038877
246 -943141433476749201595943776225926748240986675687521396680121064219557418673077375451444420702640573272824591032818252939268778093742505997638337773947738243888137395983724333778597679355351421074834024765528864719524066250202574591
247 5214703044896905892146182030738419630009280543905581944115356381506823609727124183538364923686933250645169342114192457435493635856791420164845844960811937797938031177394090294490196117932951963841909659240867728788859304057938308613
248 2908674704744038713606018681211512680587886250461677481804430506185294350682143959216063685910208803494619592606888059332621184809603571829881293579940645984210326635611280441325452847806283739604111395069141301119362106013887471449
249 -457799054928654718250085758105142692706749234479533314837538287446317424098730040055492297854179689889062517741704057704158962509783521547257510057171977849225486101805616503919433383746375873985708015203793992353620844747959239270123
250 6138040069573227367445999251725359381436900600776017734015714412758753877432934191296772376546638184609817496675228409928961514323027446613577104069274901636551094594944477761289410051793410246346291460185236870786020139055931746613009
251 -48780006145524790662713614333103075453273096898782380383784619053189156961082396204419813486969839516167026602029205660884242287121892318058845664592060223873164544559050703992295790262842148068537609515009399387914467565231995415348027
252 187579184596743482980200632978739452280731242297914218530414005868125415051823958431553166646611953387360503668082488537366377874930473641867401855188341138450291307894634817796997668568954678330822400964753728917902340713898798912245081
253 1293936664155345681135667190780244350425607331821890430581735737853201327694245544450822497417562757708776580006085499612360445795773208853669865403954114079608972670949140410871233488589127050059837888808502415139282096294556413413027973
254 -33023558641467271586666547268801529319852336798471336807915923655417949201378957841664489231072867002004990865913264143038977848988786534544410359081848189780209741757054511054619364510984172698096626875319594865753301920337457286268565511
255 356036176574577781644453432826599571803487729000585432505959709865150812861062227781964864211916580586108053271118895551646452262012795436268122234862333802952792859485269408078414063418453804983762319927322655247502636870175764674770986173
256 -2311686983572216049381036787562711541065317423355909262693819653910060755969661377672555691307439740945571832199066800351067104347065242389400908470756915873514507996889648548920621873768584364535103846707943891874148908916119063699503059479
257 3671582363409029647033873344751297012824932388354621093331830862778108576560213065016787479087691120314028423841824414894294200227759914840851405787011689421752877642211000750582355781042507877456581969950245455467041547265664279748828369477
258 133973767501907067320131402556767333552731204806097606966999679159587191848333640376624354174275831408045610884804867912642361368166831847353649634346077643164098959066586858102653104378870188347796006143695246687199638111745307083616965869361
259 -2158762635619788313858458632906628766944718407222173696456711265488446070498989036924517724017644652975405284674458221302561340105546268203051832909325855650880481284491884330423570946209381676832820785474067114288363135132345475635988247192507
260 19321587881292213503798060235597303001465265434528481418924658182512932591304474314195224438592933072599250326053818035381877353684942744681024173707476797082947848234679117111788270091663894481062195763350330143016139359844836669446283610609681
261 -96093721934979610019626625929538285459934803465466760883647765631606834073424320070836256738062041798519034014261934952287616447778428209526535516701554817295866603514899062513714658448833367593720412008701818534964853388028409948862154136649283
262 -209568404808556686246241091110062727345203853542401486746786705252620524048337602939754697931265043561394232171068131452045729399147565150607430665138774651311156523486045162733776015485170573349763391745270244514888557670534476629091941779356991
263 10612405845796314003832761646941479414058711468621908294638156559741095401412280617479785142375902160656956754253795537527436389931105098400578901434292761424180894403941793574077899490148086505681420930146447418037890020830445594212286687705478277
264 -130948618584852139170509170697874865097736907920727937658455092986194606545919364821066571137324771887518745781373194612745306879873497848724206256212458776020495859595171619254324328996447509686864542404935821169450576079910356363450453200776866159
265 973017646283856923335824630202392694327856878814616732745604886341731878722765558453883559785065859018051967502277082682584767916959285683974397080216289633915127641812335667067717167405331495161745858417100507373998663113879070385719002695380131373
266 -3057947212888717637576281274432657321695561859610518796395296826954699674993572807344050107385559231928212712733411992009640423283824198091438738808725352076784927200771126099316491839694646759536195383672656515772034375319614441769526360260547238999
267 -35360881076853641269206286468634904635905996735458847265299217258229294838068172340919267278570400953900442393893569041571672185677854217628031654127691461315209809288621226269019241866043697565262032217668394281970248886923676355532907151438310049283
268 737219280799845789429517604502002749519824342662832007682681774433312646549355508114608650432812080598236221844308314311440534679983227595129390308716975442063072593938703429638452773296142715605674866129509782371246255675759383393309252965073914869921
269 -7431242961073136536714845916474439523706402328780975724175189107767486709515095616451821344702731594636669610983178940476935709696808155370427999382548183431807786821005842085070508830593319536803849483348762121793125232349308060840918458326221320359187
270 44407021190259321529575198123941855772504282263768941427326985521183687051292811124345730067337309048847500385757216520973379233416372854907232569431110519624183601831215645622256060304484662386272798046393053575056428131403434012958658049733233993480289
271 -22973217420095498152677193737882612418609800662882285095847847648960097690866704544686929793678981227653391912101251390241818360377863118413385802753823783384784865237536593287673019126398411581156219850242728742186436072781888948030930551457481538084987
272 -3237586533538350473279329169064388637820672381960481742926992574974370769494326841861918552636739692831875087756389843153035493224576795928354727452692944669127050994625097831696260523341240705596066977319645531953232274320982727789642532296897017253296559
273 46918187337517756386722731963989497104382218890668405279899882798114626807785185856980144397995188691331158765616583661124200977600293483561672365860611930745713332523832362350242690310715982887010320691489572575241881725360999309682330787919456273351922893
274 -393883135285743792674139486547906013648939408803013403008638282594756251336497543794464134087500460556042686960859877392138576692009403041130319954951459406040530847908400753458981565088761003528065081653831969883289749076983305804249716803295706708839586311
275 1725288063746394326448980887557540797039232592463180849320078319007880072842146229139010213745464716154979700571741271885238243503001255288732036011270677517678867294619252598811087905338697846894449102452184578415477160122740834286651517600883961139963669613
276 7535945346232498947951038423309291708846086885603985408032145202886643344511789923232031259826719868341037297855118066770537595176859239460755329384138160356305052302922192713665027925505840391321500433160609799345819834035214514327840673629971031189230604361
277 -243173464128579298024060996678152705883464874519261565705509884975183962681580816466222149509551932719662823385948069814800769305048892086526594753329542559245767933321651985361940584261787865206358130623771706229143274436614852890139813318945270225930250867883
278 2782252085463862857842447461944214760195864070211669648066215214035214399011845884638928735300299280255901033551077415804118513124942851899484874217021043968426978613766889885503902024978516551651426295708052913788708408537524474832037650093936237868439979729561
279 -19256564073568203295959991504312173017295483021528303147630769578151827715111578646890934023009918468370804999946415101485863598053272273083026766086008716526932837280835524895909853344269370315520232071767789398880794678461390529730665479669091894708357140804227
280 45194410272739370067744766957954942257841739600091661560252818317103015171483788391711853624129710967085010145402729137284041501374878936545742444774317198548555720495597379111218685829089843001687043504212079210254129241541933540764618188290030514853570137560801
281 913836747343778492495189498503069525025817457297100269326832439479161753175420443268663805192903531901089644223347133405609373798980638482702560741181297902431423043067044473642473991155031957468971798330815102256094677379929084759620761739412198769324781745396477
282 -16347753104293795743531009139980579097336914164568470040552573135549160025706774347673044594949427274534940386605724916080884799413170058778040946727284992793816328043474789347289011654052562820125233122941084099870003287070530384561966594293768952493479802465480551
283 154419237280744060950117985525588368347056772692175693042108684408214883766056654401894588795614487707549193895580677221882370712550378502772618906321990816268202340560694282596876228369055983960468495414124842794268723252320338409881477449458676687710540612896814957
284 -840246360945148302401398076165639948725235015779014446727152328716983483943931785597901160217537792489010213804822381453784318118107569924680926298794884296618367526289758088405580280538841314860073928781193816303837672629350611623550139369973174146945816366637077759
285 -675086400382880939096483335616083769556164277329783255015278472965926379343036560767808311053661238572061884352140118287226044209750546290364534608659054175406569342982208388504498279335325048451118804913409063444034038118926312368890739447038627053875057955124827763
286 76750280451752200820772851382593433524634970294747847391449042882617160527982024860191172092231165874961722453335566803070163861663733876584271077899962599226527790772061383007553126359805458127467974208625981733130778921906862515019622604953646964769759198429947856609
287 -1014787756740278288599949435804400624789291427124143061880642138403996767820556163807772674247697304252416672623120035603509718208397603774021073916227982620633912790331067226901121507352825318278525929025471266099523520442841989461341945302514776522517038671545660379707
288 7980953314745933925092767357476012555608646038959871846092946191772506074922940674269221011622567112916822986665508250185064821274673129536424741717632035160979719802031771046148210314862642659947602908174959952797858176790125772487397098185756128128984466963826811220529
289 -29807163865294604404932491586823972314647806253962518109306812933155279025507813680213654625108382031667080113914421153811816990051029508538012960696826302232160282275644880372178110683117459792797932542329250329239505254666401470471975649988639619997660183362487254676243
290 -224646315647381575501822385222641462627800559673135296908075376328495340227291934019710854883723206622019156092426065370152258527154090752459820253180262798217393563694809445434793884654926239154146172948359591675241549968530997348616501971941691651502346905088881956682759
291 5518446480284302314652274937842377105699616167871855355724050602000640085037310026621382381499041157133934646007620226850852724117432864032521548186301099613177682389517225221864983201130959719405709474089946708161678077977109114497124470520052663879702296755962475763804717
292 -58852174613070498351414481573053899812947647086534230038527270240232056206859466150815862614030954899880137199249709984013669622895707745021861331114949861618444418841379313231713182320374433717786157414050305309413626133001464546745523378150956799448610158794681462912861511
293 377288240207467978043322047881392264378047349964047321327666660202883960004087692197541693155192007374848848509893654632786859883861712756504324141162870078093192198475873364712220282621262608813803900575899605105241497930908127475345056880865983258101033127102008917825538757
294 -536594617654518640887070649365814017093720565213490806491126367489624744095228182599848286355356076317202718169545411634962552353260878429958489390751186482227764983140869594500720623325097567377717524671580174125096143469465877942604724124654011882926248412829770501939390679
295 -22776410092973269094140451262459940576816301797610002547111996613379175552196587984446625806907726444410911623205933167106607651245046298279708436866974030583312578578189609141879846902953086336064865913305756877266892859451828671959674679061340730262396270858508099789876346867
296 360282359556284952725160494692277084767815165157651141311934515571270795320433426524507338493508498021709034693756096188623555770598075980957584243866846308905697842786263864308128144616759188096943428036164677502807597708593560878997078018804339658749110360616439584365186357161
297 -3192214932263701694701517733234590714655409657741254918039065277289528922123720708604156211731923621165045467405771057126539471729209544193718198109439366942998681445114244214206436367249450499296364734545645269144560152046537429741859516870743702970909127465591247972485243501723
298 15576452662467385368931482683533481933375799756483309152757176041041371208020588733274486069143795769852602287052890347645501500741389872331324234726210096510583917284040425940248098318808010976592523299997667444823747884079045102109888631192722115204486636342191892873350737190721
299 39005132481799421457153785015587903473035813979271874423066076070107621444954312743778327475800436409829789226269055045514247057182307144417679742978677532920344634568385375046944208105201828730789964092755430790273361356428176275592154885314892810469502130952275680232754445343733
300 -1792464873908344454554271479064790817938303193904748015398235101695135531344227840309066132916735216653588919221979053573918729324874345225470691068958392183851665634445314457870320447825878217102409323959053584718533685622542261241940187725107617155828298984378017118481191393458599
301 21841678505662446003607764542668224596232265606375562891665886790071277256890869458461554215949071907957303810495257295015754220000628665236693508747638297202989703754905015211452607292263806790376232061842773414290091734835388933094885367860055419505962437347914322224689212086694597
302 -160515673804562630427709787504274782400823246567662034599522850794825916748020009874814788746227227604266952418191854251736761720987620239324062697076027966136768488867968104332082649932146911750495213929843363555768932701208952546705253632459012736871092645726520922523541897903341991
303 484400183775510561092749317502801741796811433424259906169630026837130090086963034667942798045885582040456867885525664584759092848392347455075909027677538710985573320249399381450159897995851679651111273068298601800326023601337173656793388594529239431043702814644732547520175020314386397
304 6125675434973563235012641772869953130909376572310979170861827536787133367630568047571316252762307897984593400491779234370245743407387255581349780786137344789601810445994265129455997876113787021289584447870870228679088334880184803463722649584242195593085969875042693049339580827438344321
305 -124190290576061730912437977744081451717430621039903443040069675590850928440270564142977510875756122386186714350135921645582686952448314982237704080375976762090594458301586602342854766159176649606772552522968786564652623406449313486341797960718055859278186246251321857090683356875028389443
306 1238827350968718353577114357470383805430755026715751931390902425818388061213882329318461504854417933080629366849884491462045970729879165038082443574849570200989919345479776670967562882202789049166800450435895741121638736029256939634091729325346935035712019285160086316527859758106777293289
307 -7297580098622631185846965596670355206058691620907745672586925853568051862666352780086550048358739298808016797197174923540823759350849918349472249465568093187751621855328220386713345350395855988256166223052164369679675813360880653491396868583720191534774595187414150526398769775937801367907
308 2298759586803138530304396657512050400112877465992595950927277176412107102038619512777229348928023395852725891373027685440144399806514576024011648258251860796254329848264534729863289251737606700353243812978822786494300891696577799407117483837120644206166352194046949357624761504151764199449
309 553356946106145368772927244923724296717622245993093927914860080519101294355004408748886392113160688599718138420075314419415777365930717408611341883354360818113318148860209613645071756711817079747958098001867197174735506553539097099953256456341908651198146513961543743361894445130706206004837
310 -7893989977057081391299703337067243483082656255938946907012621099349057246261805929842546343688874193461381584490995542341616341327760100675987252834419462339184754722235789624146531687476346124191423744838787656787208377979314061393822814896700597795100849638512272173604636804163890026663511
311 65592949536460648197472592307444081540620573208745297703792924847322164169331901978059823955819998643067217765120202902505473588812816682062107975513575515845139032936756824542777211602628983706065237588197076545523006506887454905003702508136343405868782384747086710160675892578370367341316173
312 -280610467571087817976059017114696032510340240804624458103322041764822800919840072497621807954102613774828865154002014841160024691630581907040333062365174250087214297359876600627916332301787660365429005582397454574752425655941733830665804295370690529584462848083288604074454735705345051577261279
313 -1352510980818074132418620872101752339129192489872270772532959535037345037469405188992835501674840826873432475667045274166010218614594728723852922944887326092113714877161560192451103116690285051610271576285514782804335979896781405136319787231804185922327007718216027362481956977241872807623569987
314 41357855777024336074751815108620310572179546803622562066046059942031095931871455158314457971610043286483262745226175439005836872851450751858741833738621140130929567091268963117476425252597816016538938159672482759451682512905055525714755293378977842452621916412200927391398031584460569590888834329
315 -467744872439107823694452572662873207506189544530108432134663185368846001972407262665774245806106239211354496502815776365139085853571043501955426745933142691587625759544685918223495169182936152651793835641548377236476922943825362133356879243389790311728303133380283868447652758510268219353629108883
316 3199121564339594673084494450616903901994425491913568859986248541079278464395065760637856571113210366014148343860685209923549881619587430818794794716719993659168970114058496891170767577314611103697941542580869322869175966027799061523932468655262295712893003502467030106432479099853628696915288933729
317 -7046276923144591437719736212923275301228575036601842770538229117714324730480699585148252929063699526591851309716576570558715846087383335564902428535212643931225850070803743073688815228196032750610005500442120339566204486572805817440702924334256356637646896181465946642997898107352332895983411314707
318 -158508452423393639917314791074403595295838054625634983594410846594298302251202135571803349622217129927219961323681344286417383914752376276632795977801976036352737675961989809259085391030055616192065928755479464525706660648035638962072630645985689756285255736622546952336096008346283446957920353636991
319 2774101542311355833996778743911340351341957235804853343211492631915673395443649703202553888811399732319016556435024124989143296884122730459269183371237057261191856916607893528942100878826472727965949109606788084923670274689110750698391773904636906294882446040286359672782935905536491168584630324594277
320 -25936530059125346859345844337486047823844941110263687812463262747688041616409480211518360374049730532782735118523424189183716936068908012980422962135673943973216918519051464316388949600214057948896990057812144683766696174867636059944296039053144420325058204199594412579312105111762928933336760296291039
321 138809168914207161516810110629352527087027047097089417087090051388708496310879588881841406543048572965346763579840374017061553692165106442042357730294886698799067334481503357373233841800039339122817048637541494508523670427818205653736853723218364287546023625078220188901512981733133518544997644228955037
322 147053453903359258235616390937951110010908211460258625393454280710879303889903886228460088409373045324801708345297303906958566925230083972025441391836004995898211097422513149741457438294814239705894005081851816646394778783013389837921334852538851839254074495944975482527790730125252781356613369778263209
323 -13188642383980559318954440049017068465175984721365534021883070350020895319846853505376305900368399306522041664189731922767826560552896532731071322306949220356570088559639882540740106975783020059226052206169968856131036450344812272941451451989880172138867583868527312076203305737231730175427637892989443043
324 171986426324463072715947419027598475887521434328785731295836862588797189943244934678844518264322977503107220507233741623608197927578058821788358240653922364221685414913468951859307344322862620953263556563191740355743290363787074713187744581962302617069751130809993906715224856640587555104479093358011762761
325 -1338268854782086486566859275139162047538939217640591596001850113497973653930869849095080521217851119978041750525135599975579497508700510773549099638518565047039807249636318990351181129740102970025864921062475459863195016398371071195656200159711496731555351228943489765334088454992200655398867381044480029547
326 4846625143348068453575246723421672668192961660305185997439695995464494969629845470516861351046143211609235851455840866086995194644108297482123449574705589121249472285053108816434664598054884573140690787653835690771742716828441607111653759911634015580117881962120909721906643359261880022169974458753640437241
327 39866232363817249856507415601120982962509438299969920775108155416249574830433050418775229010442961144750929265194951159623958598737526343242187353815712825995553626606592324865695249582354230600559502192264660997906536033612418223310845333235712346673888966881070805075584464448049726606263880352392851262877
328 -944576588344516547529459325411750232751885660841097564773487596115920762529233634543374139461123150785556781523764437623907417221988034311414367702584555715222030771989549465858573219056204346260336183858164280117682553760968060724025600394290334560892872784042458611619045519365577861236161969565800131203159
329 9964084522300867574300534698421441284938518548344999046997439643147641285239569197917676856950401051821786894089932118860476599942834836588128008141085766225327243631218345773116183934921136260594376634298752865673219694680379964663073956716673278161134987602647341326675209167671341487727380814089244922423013
330 -63047036434411489677015353921062343288478234069355060863557283009317554259183997673277581379584064524861660370651297250891118598603518008259891302978836932026380912976577801571949527519277493277628975266155363185804003097360392574834798477881007297494629780567038603246381172255884640439324004993471688821824639
331 78868121657109387976295099876147475022331547020103787747940922758510668258220946734500736823624311499727826163616060949792568987936416339400960101725128065920722568233459525086441841532282711107451492721507140373249894009034364677548186351257595242558620097509467954402418652890042292182573434851231897683593397
332 3961628579855531037368489783456162611528958342135793324356390419438813758660746895775147158713553861727972033936923247067524058312935669822476369147127694444746673519658847587604638510154602758417269659667118983700103141097484305159293245219672348507729720929840359099685492015744785209385627428809991495877671289
333 -61544369900305398581977694836903720163850749962341641053466145819351266727299285120452992923077007297636374018381313456033125364546538613697615042362276403801384955291578184046307927466132828466860701717979890831025238647082396710621842571161384169925394492538997639728881267332633588075718301286085601221650442523
334 539740516256560828635279520618930504568147874024093041656235725745304883737994475144557480659728837065775006474333497421286526020095190026459219718354656947736277136386300950340235348632657995240817401246840664518584200533699065070456388483368534335897908789783025791541278703715629405072127183798832657617538793401
335 -2582010768826618476121877936603473016895376616054877047724011329025676773543634890551720996731462450772510163468310941373343993984240123240674844457994277447828164901438088384085841344688548424409585534449409256309269485203987878799243838358395689098962110500565666879616554467220596308205382213086802585300838157763
336 -7342722157026714232449262465189733692309015681950567597689737239066935341422912121671979063328006364721035213337493719249349185442633982224044131291373085390621054793114367088341621908119322148094021844830745573119309865336523033333283153550377951267774031401344209644699796282894884034660218739272600836909721770791
337 309627977247098760873804700592589537579137363939740740930989596115670256155964588583189775237563735573006613342571014793431928392230283227141073895898081357709775133316933778301206306138113096747017992313121524504608395541691385856432099455317906499491408904826133756634552308870052842000830999037833234729576495767093
338 -3726092491078604195318124232660652615750824392283997073569273063469068556899551475896336583695121935316860296923857161256539918700259841299171303939883467544029552996294905088356916595818720657650478318161717780271416649310332821460714490453963429755378709463329746902233771102403392061908299224622648889172738169294271
339 27076321697168871913784358684712482541330578596740048840608552781296848838102393423500733763496725115281989772200827797694882191097404203479377252384881681820699525744892091378657095044034220074646329735505974086459979817834573754197666011523998620613279551091019878604109264233893493550700338617139878750666994634915157
340 -78240929155833593027258381036108307180074014003040826630445463021557575167376588750751122615347169081252745299023784843631565059528365753776747079429084061563611265600077513704988255539745301490056201812633231462796311596202209266910882598627477446778781513197060116708523907311818001534347837867415456148788445018787119
341 -1083380335395108971929127678858221936614946641705383235525725506354402651152481325570455447778090233491425355821441056172539409668062220371217094898261598646839954912159559830226219657351620023878543447453704437023403673686936185999440863955568536461770041398218899068603820406053003308675915331212328048419172995986980803
342 21383007087457644076916224515996356112998626861770858933788544294202108425138035609077125220577473507458575041782773983163765163889900741211199709435858281034405669073765741151154845488886337822355828507566514536229749710723485139477319612409965539816153119519906957323321760529230397051302456240155348722213641453511484449
343 -211066780051463006099667447897749216546572398068905739090433512624325675684725152824201127909173525350895053306424643639803395180415929211065842212343150560882370081474458888329428330283212786456999555768479940230814696992813447637466540332545542083159040343168075664138380914755094708627595499837386787879617003136478310363
344 1225110617365818966105387918577587541523757841583234018164272859441146569506949912748698596487780265432445460587379467320657361372049851678838488970499480340055662735431910873412169281107297806996725223649123705052498725708626276831282025745561324184722186735659595595174796153138189039510600467267587063614304918257105220361
345 -128935158973509976253431804110168891837400538935477908806429894671332274095284963408741192203056206928623609867303066951948528439923675366094864262828147577221927185769007767803827364910418386956289536501433174101266467603837888813906835627089513561844416918933283861723849441782978106239725248716247671886957484046529098107
346 -96578753614272216625305184527688415854942840871988731454746073776565431130804315254137676845311879530987283444903683628500748180709038789832123247857031791560191887259479252135655372860599494765966324479540009692333053394035991846176995934452356608954956114803117064112738150653818025845584477409665898065821150673744752299519
347 1356621863183967435244334917007955711277972137312303321669149703155336338442036500950435247118784907717354833518974093812048411297750168272233855903988585958457144499264179409486183631308572150802075997796081377859908298710544548232024843111658305290112421330627664382046856663535245495312471104970240167268719769739436011228917
348 -11155352469353708300166823731389525203420119585959693317325313907372401661083963587674658687605137210127231303160168832105782401289880338114990008549110308613436775360685830857315660270827455088267352000659360515822535981132433167653812379722107015172510923941879126616170344818875740567147142007717134949873060180096754518910359
349 46560392550529860165276297898278268289025190533620903903075372503259098918384892395724067492371455349959336284134574835970987194333587205298825749741897779222326251225515146734841589730019014727581143535849290484494970399584421787251357885381445626233512734363854906590602419803232832945775335239667165310889261613059627542523093
350 246803845662857235175535926930522190537657965918513119556472765851666578774848405383102304590103878010238037966162633516905574730121671472715937787626706587001686651784397899776830493987257182205341841169333442382869634077870432918848538787959262734638263744880558812618778767821261391369301126709963194867870041909759270628130249
351 -7179763249066397131958015741830109392662253747179097263461505018294523083398496758918922249611975939331932529162736789705081237346853735738160775887281797139061293788047995700413665619285341587095348086163552057446694641723751002934615899307061120340936295719955183947081404016492874510199103451393383610650230046461751650643239347
352 80267883865199541324582893114133768144498860579509628002487718795546550378985090665744939866358299020882961774529193375452762489890720526138466547781742692535108262778177039639155710738689491695867582500653901222565009579017962818715385456973054775705770750991373254900702320484449253628151145737073514463163326600579401485239823441
353 -542351231507133828075831038277055467570025340356506955251111516869034177391307622540419586893500355813542046739846973374186208602824312597386106079260254753259976399369594826911737422536719333703979695084881548285282305418138245472622317785556196113804385006592321883420936771853476684078163164673641628389001036889977563577439928947
354 1114045135388574454969510983142220297075067889221878841617427834225632267724118289538154952289343880352847949355989640469745330190278259385542918761839067491688960593592650319183537763122435420932783643102777493006080559784943892380418489013348705615822165035020013467144506989807232943188292967228442244809518081926965265610543711129
355 28029405810833990978089323677363309742188951727553095001351126769258868677619808226023246922104545283715543626815496281385012591383459928739418731875463457386001552433110857997054160260798407111406260545060630742582098303806279151984008117028942371851730785872721059537829636342330768069515271885244172939364727054547971517774002739533
356 -480240494930431294663239382492071885510801692455528589384843663131708770442623329306454701340028035433157289276133473048277337052536423538403385850718162387646941542559954950276757041287833460190722816576801767395173452709075308573204737742147907531790291451477667861742192333892385728262351876053730105415342916552366236408132626089959
357 4443810018119082907300841987316001172153446535749641533112342394025529852844369589406952354198898569218490664237426072149258942942809011595906315759606119819435950133939631457657403313727999734555936457575513182413504835670698321574027433665170071360237729463148240816189038311267865726102886825601815137468735277306614538903037089092517
358 -23378703805331378357999597061109809845664317648841767241061523293539570003325079061182637951569513726093930888622709920972547860785181941745795527207371477941888709231380552337050681496779362855206548790585878153722422369899947267740755575691865435017106673538036750513552679760009147290619271753892769820822991502501626264970486856246519
359 -31012401762233174454537348721235601175005222828564337479074122612418659759683779634750463402498601469346812187732145536188168174426571170420746589606010556761087881892799786387183749478152963193525801498209757503074857050550337180235656910885555932960038799347819720946149249440953119050897353474871399439882299726855288391579982257030547
360 2310305854364446330311116361145908705896584436900933314150741025608476402454195840299567621151716530803897795835577308448915572086340372711312698714230610740959303869041267391216169501119632447092826277269544332773814061341316186788211273842567766963232620980880695312349273808827051553155478526941780756321196616598246477249550709309090281
361 -29718930820035487223148257178735110916398566942802867204578912813505620187301438098577851606311596564487789831073466863125774917643240219748534647092429530800572872226604170080759108441129582811241432324818507712919187398981293614605058797268409643965836027906227803930852923954319262844036599990234956794813792030614738770552598633212347483
362 228755737765412393345787182934215627086800638845578223926062878992447262917059252706669308096931958952402080225096475056647494365078687380492615230596980895857162713864873556460024748081881312246870051362866998024177527826862891883004369833724207804372614948180878505760427543157405066779667698896101357512661195869451578101861958853264478209
363 -801975418849480072819458316086955612616504097451564078057709061781015767977621704952221386982060850366515258548624958473395149392971343468488737520715625125630583998275331113714676558257249991779632660027569616831921270376303052040137469106844887500094940704846313644421125115812480574689064861968442746384352132946510540628958837856640341323
364 -7195453920268272561427897012867863578726096330600806423237400591078078174086735232168284706629482139861358856237523727383887785535395406765948323789711972600623537360281047601436274053197848858382818675895399557040812280616113016462078867233716711853032994882557938222017431015012286425343690057776068835195076645746103896410645163631744933159
365 164750624045059394138438602016920753584680153143221414819096071138866932593714575354123262274450717093139584096891992419922185853032786247713268812582710732564730616412724335728090522122036650680060643073257036203663907915840159677393213449882687591728939482924392275775922550076496627460193055178151216951179610506405233236465163562954999327813
366 -1719004311568587434764046221087254963612395654102314043023870094671432861834097123298375776168885252627354981431534993767030433275086316190026636179948924417950594575822003608286211191807307146522615162127566928070774850289758999387440606902667954289888456204532368533296315992742257571881554108122094533523816194678703886609427297890072773834919
367 10731851578583358779506618063636995301886914967034407771870021207774835689240126035416281367193687011733496658054981938383004608912909058221174884084612958751123465623091600980842260066501706288001154960830905247023973815455330906194801065617377268558837385732617641528389526223660556504313525771091601566524825426506883544429827456709191026854877
368 -11527208640086747476498249458167430326820257133590637666421292240076474701213878877306083522988673912555435059225805332951020572035116594483798981888809326950915433523877391118146501465635110640697889175531365490513679898468902050123983594334152220270185194140232152723003970147579997721189198325944880851688674381099956775775708597597436520267599
369 -701505795459287032654962093408157387790423124060447359338096227539756671855432444118701833679877116905132901441642292088363182654020398091021483857924379867354304893792310000292041003151832647035243196481085248246519152298286937286657228794403377873016901680084429255308163256374038196350032657559171049819003987971958857882130384820303386315963347
370 10707486286211908190587849189273309569313264720896508904650487337620113956375734494758680801153175278631049336796933667534484850071396129264035143586611553771869521906407880502505133315259810932611826189591658499808007568824680100072010524935377508222454433404422894021958953317419751826558840148742846099183870776478234890994244089702994551705127449
371 -92936004595870737670805742694756434435018480288695440751014118413515875184868636048486549831056148890277506331690184350079660648337304745439718229025643308366092692121887077934446733326400199848032923952885014263744205690704284297564900806125781009052743893483811515082932504916585273135430379200466170136833069704623771544155962291213078617733258867
372 435535633978705397231950302904530774825813385548616853584167829712852476335157129192708720645278499682508368202982407612871198687435585922425867630471974672844923312545632563430069523979160915160955885584091118780083550575141466291363261587116548783924367647245686671952853688179065707694499859498994502347143975691219896561699225470557760524954748681
373 1394414334084367916526377055380851046223255320265334591351934822708466315840028397917828868221176228644580457057244403736136121801312170219876450384692293518961226072271204753062827441760500934488270396472917349354897436604689749229366670871871551192290096674088243567275513471220366080943421551048808697911676597050715575169769385069087551820194782613
374 -54439794806100391637392199181493143713956177823927037024593943624621592828671204891368514236218810758282677484679236479681348268569996615019594490059201877504320361986736640648423316266180568231941376316968157658209595252128522732256237995662233605266559656429221970249111057660683405406910444843311656663067222823956636992175665288850110521454594968551
375 647067140357334931173614493100509825121328868629314799443136415374984002371799133866162607175490805296483446762497845039599793947326400687638336474030162225427801916124059971658696450243565164508739025939273808558539563980409544618431875930408450953287809231047224386385829118257326768918042862427692695809503314683871291762483547275654071496879655727997
376 -4648326337004541380925856378335149653517531827389346608276445616831215629412210161522968928946371152542357901490989896893590507107425664841406744363167920529308163678340280584010829727855985074694448098891307358903832961605240016820465040473256082975317787055274494221878495375042145382652169049792443397953581933956306211663702257817295199697954676366991
377 12821599698430190837522361404333147942538294826746991378034968747878197857060364411202646625569543296824275185932908555408391070578707856619909962686143079409475383477040159969610025830759496147874776999036557055193643622641721084071660399606329605196696670120915259440083302630050324311120569643906715282838490345868284959907057326092300746457199597312973
378 194742871337264153766633875417806625818584126990114877437937339101018438270452713567469859438327606496321600074264767031304655382870937423470601610737956931648894909159103675196256001369770372751946321703005568564856831676309438643180258778629252106044254525866612772525898500858484913239046146018393302020941568127770883961618884629026677372619612385820009
379 -3745977848757390877748030613561783842460757237299347232954048403044694806166967633988103571959653245624913132582304274955438043603699658515172228660537164217454315840260533487435566967388866526967993590415136537871925109895793271751829577378517338290962633382821232662506139049641398564519343509750096121834484010542499746648409063643956529812676545441468163
380 36587045286542479023196234402213275863098164531032807907009517900217042549590603518877323383486188782754921437914143123233878378566255397190279455012112776580730509140974585556591170648541750227077808475337991838484828191761395052968268449920558374535776343053295657974759316754267355663880836865368547216514951328513051028324430555804738094075938529681895409
381 -209163995743231825561707290594889281482293767820846434006466811382372679289723719591316581448997840575101921188866829997411423342564221910938048523780109956262256763492394554117190367668810380969013028677784838736821545905644480454278064980144412229287225136298009229067132623655302469712759156439776422620894818647319698592448314126030143150789658998645843907
382 -23521564739035859710590935807762261238372562548503216446756851099554285702776659175935433299780785753491373212192663726493529593453957564239177247685397076479063669928684860283838686291937775062070540193618198969163812926509587512859298594901571925675769554243423104326928322209880385785613432153126691735732192719898816245635497016292257773427923512256494959
383 17137936960401054987596291778144259726814968255510585558610370197016977756384305829111405018341700689236770479161876247648794388640561206707012399135121729376986330220614892470164068042151353397735217058896935557667205646821688248217144839714936843415681448414999540602836842665618050289978244023041099458524350617978145808229276363655606306708190020293612741813
384 -237104995790674007725390003502537285132264665030752422300277085348966114883032867150694882879975042983386011829672157133332797146639315887578791153341631774766195709952716253938399585649862891657760371848341945806209380031492678752119455560447754273400114533425526815445867860469391095039153802863021830442485650865759857709340137885935896567818779203933506001031
385 1929173690256873790349326623645818103352359232386321621672209868669167736419921120178266750620061555468433278523978436988647449146646964729546401687300538989792308424844237091130331186042141767770519867377274353092529544723151445250586280061191914510928691047072378898233300022145066857020439029419388745513104336025521147099601795325263887661874068358498263905173
386 -7847019396075995743159559699919980899300505881370341430109742782703883025425327521736065321371321740851316976269345521929067949599490796233142472570206288447344864355234195474456801864029906861971728261796331841241847204996071911263441766020235020862107657842721451344784313523590042046308999275007913182578770177469848305935945157816079354013837082669989347285439
387 -45621709668222750895294821237369958667129033445920050523995685511302579086921307336916691596380765795715254346071225594108699610450626810623488836545110459997264993365456580763821906219179803708237079223998515382114503703971039700752549836842969677552512065298513463171041581374526608409779969025193298908684823069899943510330409804431981457909456720010689460055403
388 1266945383535737255225182958271218163312894700320796593508605728039593595566338414831224170937327515392691207074923039029326382363581410195219457175070954912857839287759074982169153624911546000740254795689414764131302378245730675330131867260775384042475409616623818419261441547652986128079852816727157333369532084676667054897904798611721608541141458569671613933307041
389 -14002015865465683279052284529975915995340478191820971462677481948202228304154899163718099844720407018583195566716826984501571411370633525173957879605283222081960853661810790779531965471613683500502848640084463333781258546050586743996795363175501556618129369569999113051115396014383125294752536214430939873509211088615745563886685295806174007837696237653090044182306547
390 93440269442396812863794316031727283338942310544186678088074625525046564036273176086377489661334555558407577760478450349590846477981960738187264707763894096809234962929241756700628737751380735879145474989504002869763596318742778322443176601210995833409984041075437923616552242094343245920412941516888506724555928333801295226987466942496277416641649144593119779941417809
391 -177669680113001056049384617607848561659714088209192316335138490171661575633127189365348143787471627954010569051694396982351427698778145889823090003255825922963617360758777775628775014530610760690147010222755288052915610609058976938291027048306400141328473933749770780030583643834811577844886791144053931677339350540795026752095214979015720930659907312087555338549751467
392 -5033013505669247978905220515160944343630409198434764133577387468942658865562923889493740087693033804451904590207543170143988446125957413492980060204842947007304915921224372339777757681145341752825469459260068758690222919058331583995866864101655036082015448560253491846995701183185217178756215493985529787424825683730227337843499430759798260266481621719020442218357399839
393 84475339368145405177797330017212458306639596063220955254136075353379643102477710032890884436014890912842278486171726872287134297082023640619245816029251155900694688990919337844553520900682501956858591605247748191452829063746260237583810639659808396655908062238501484988326591295709154424276315580367192638212820184086129467146853768994279787934516799914408946404615960893
394 -773581480262608779968421046808955428465641327432527901151085587685428171337075232767078682400674966837721114466269212877714145071180022931803766376959347050749046390606181550268855244344891322621733140884379179598550016675685771177995741519156538522921255333084132593736669747205876099309129530673668003507412223543253357860143216310676701804233467327913288626053244193671
395 3998412454178897195408021105013813636940647602378818531607821717461245205427296197347795672313619505056031371515590851638034437494708958019072754781843990172564377873720740991750239472321783784381057922349312485023110376382409437679409015000589490719398341412141955118064321048064456927024974460541085477819498152143578597465576430085620184809999442078496244729156456903437
396 6420531288879830817179624841865480578298445031193488437100517661614770709649430903440449891289627376212414165115630804249151275772864177657489567913028430481400104437433925611300306151773448081233914765678795316956205388306895771798529283009120781999943425514089124906075065299302461175145345934773017572990721649825361464364409829748936369923043530378138310444772080815729
397 -410978519564668599175680116520816104808251787235216221873752172143527072295841938516936762697950291724716862379665252286986680341588129658878942260865778382963707254914175267519362812629653975140231637990640205951314429838029934136405386425146929693759721986990196147098809857863660032544870732751686905162624653690406950836956897118073844901025471944400940211241475818985347
398 5215895384079876136807359927633339043216302228671232143285053000298882806773538495034300195766937863475556703291489833840936106173446144050692075946047159502851783624633463812143871812443999485948658757186538192278135122654837178391988068533178248561018781253327182785996546643700816546025797573497527889147758449822466402028452149487174956272679896888724588637764673913342769
399 -39708848561219099865225613557875753802946492246152459394317057434703165877372799206625317515417725862943570150015339380968313468594612067964390610448855367864112947399931500310112948826623317951821119755324583030263610806614790811602627752940981390773387551803688238882252830852762071721042977366854687170951315916033146322618602900305690883086367050858397819239196939110048363
400 134515605085808299950877764983784624291672995385760286900333356567199971986642824521617537488945412669617796697081016166460441413477720608632655820215918637752688199014289433973698202457244798655730640002919744292745990436299310448698494274703370608838336939875245261641876448973750667166689882598662535947878577762081042424446562768662267852991641353887233576935682058145346689
401 1316228841126796003643348850639431442663659460984946384027231064520185130561374840440203827900475823208843240974939684187097574964406631153895673723404206716522411445454529932237387237925674075123622009646762038603049116676854199053989082524736362422392172447858424363936154807484466198979937014020294056293290926767485737648416975795697709970903381717532643815161276542897257533
402 -29173205814415994984505627367542387875481695607012380536610566101749960075024463450089222435921130934487784242407973450544675254631094491289847356615016474120396531223996662053507869156728722627577141943223699397322227625954511269098863896273541969063979125569628434385254488595037581155296445977055937842719733819104343825976559315255051680600336821562809633441256768875169798999
403 301084176085498618258001715212797696656229347734824537708624158896085107929193211937993103084367263794821192589916978614472416792152912993562299963305947480966666669551264575707288957260239370597622111907832000517301642806787590116540043390594634816314010118108231881294127616143862962466095096574240600515414330172030460433446127360940971404662402437407787823438196598162871271133
404 -1854026198588474383770019419144627507859243494646388218743639647300080158536319738948096629498285229464985092552709493904717006446865896704522490933484145260180960738250726531930640654446810426616685831998181550027295535759266501500969544092636364598482046028094533987855884859539107887552562008452827391768450483895180202870130952403783316563673775552537653622225689416862556765831
405 1652765507037746913956579447470499348749696355628344960265855846556541090970409860191419956919165821933327597169552379804161154703410646985644467485878959419728021952252007832423828099949448068456200179586669845516153377726004408850251198121293720029008646413880821140560130599765152773654730645511712581261504610891794679251367170025476596940467250474052470950892091327283298080453
406 126015817753450875187091956135804998334363208092495465401040065788518828504473511358507828916493212709390947904992079747929063336478897811753692433547974178522841347628199038095032816375916730122491839175979576543074719005919816840947611033613880643420129681242828355427127673434119503564979446606825306579151361269246533148117797747137078049258363103616190343038252316681889621390281
407 -1890618930245185711870865427975950388421899095641249892399339819096155558469530499688420697809634104979069498741715176273896731123138057931836352478149185235521617480023241207430858030568311849414641080966868115935040837316021472478549518943916793741242510703587333255772719421950127056937522001603504857018519350730884097355638147302502940525112700591670280650321568523913123491309203
408 16239089815293162647670002939376203836624585941284510277201361712838760126248490705355606504983770332911321163668253295050232317950449644564745677181197228791677240740430766728133159799793087512376739537001044192284687309430116596267271785327319601429698397223935141799105639289933200040359385624954847790512876975992773851471160924191985175600177860972309317502416406439398548617200721
409 -74495126552733065841898746151377775020061609541832806130520869908127283044931092296429888221739164215440033522039531347752223044284703158892389294717457798923591611852823226860237769607627135289911151461870265001988913541771150446593039283326329923644471207377251317683186061807612179537156860105887043846995706732712520008542564398981571729277361552808897199655384652637794321392294227
410 -266643173855969091678102444822323375068032255913200856569583581538487367587616425748989535192082999818929461506637670635147018812707456210785565861697425390453263433914742479749665582392465567928970049169894790167206621201153312511631435835498375631286594370179415933368515810135382886870632225536056184019458500006084383608613435578816882409629507102421504887759313055043007082306846839
411 9709568603666381332251780681921499578663260238504173110418668214683056359599089198259413628279537191507735099915043354983832987704332269642266951248172960192481732613528822707534859472458145237273467301049100891727547125909025292305210885551582952388841698761951601239772584026907264939772677608094751676608902373786621184925021414221237433859697025411510669043118835932695533293062664477
412 -113998587661208037100683169928293400091172881708792747547631588354706981855343723713478471962004636856500096714902472794438104809362167077587461169811568049933918115395817407241482554229641287970128614969992838259006827960575938706680768988075714342624596250437537830802540074198007796225037659889475445027013207217159565923705058383804086810645254751682011483422321268616548527161983949071
413 809416387975092268810080800267625292067926525516403414427031867015113555212933936742070439120275360980135277133114570503047782113227293183993626421306349474362093229025796126350527692071726489282641027466187008431091699852010334794412856895791557867977429444199350866789452949954597492520235532002575890168218245004675128605352470920643212103875964451631918644948308002518196403553743170237
414 -2123698557188651589213408756651189285280235473050521863918241404461092066166747274197289054840682111524805944683913140374271979890257689550445157215033934929992048837787809160217834932077137709081408103864257145261400564753626944271040260947684180594207766107497591997477278825365197983915681877507845013388186686151095027552826744773122032304419147548166760109289139368911829594505181727279
415 -35465445373932714284118210798380197452358405769294015373768161876777754821134415642068853244851787260952284476562566530374144544258480427673873249413531399072718326758621991782439636037096885675840748947387014387576605409803428487972199685535267570152342568947011519944946262920400749467054687339093784878323331165686470089956735279362976333121377055495171114253422343454412949085173026975627
416 665510611900845035033259110915862559020402169443346698258172204993838176465103281852884300437838172792136781542618980518148424793029789343783107591627489062312765112530805949221939178890002263124265476760435986459825462442587083990451577850540935660167915763514471404814512297947260075228613238927572242775554026824910096759206904384695876814595850808946938836198171880155432120904497207173201
417 -6431599687567001605001881643452378973123214096858503099389293926373318590365090061879948763748262989849326473141388164599203420923697535171214056154569010660483670292997239163198690382675507455099639725534745735060406013089640445791708730406333645833811076221267160170292336300667734751877472456330887565669810326392295527842852682170537662912720242457516588529368376449346354722472511639629683
418 36199358601264554589285880080428937076139701367168042711292137024505252348098240304699763484356686546996369854166429555923376378204026775200168492120273252410423365201334146514760424667797246723454897790988819868868803189306000854325709903848409244102252687613120731776021897138145716803289706972761705415485056377667551528801767179279253232847064341503689008868947740775213982442988233487287321
419 12259037206224315991756627300378312136607562568395485367481328149411267054739319482425762895971013502492153698604901610566807309820896976465828415860008765813314359112569482543221717085659439190576958807218841335061303268991380353832385362744122980068638229163511235627506971211239609658729393880317162103350498221911850610869388594283518043000409955436937168474663733454260092207441352469201613
420 -3082268430944163476684726439464084873203842102099459699845892456256548092548641046676552956163633694571122059045400076489469178494501055338171084615541482059117202685588669782169557740147076738982688505866815822298714306568519862697121620165490032496641367390758806644812919526582601810016509806616663246218552417277957031459334983472984264600403644577507557653934511404150088434684216136051581351
421 42012313699980891610961766395359407505700106945066821050337953478814271433030562857612812987000059603993347555132681190099498076294747005953358913189314456694983477689425640943033447973470515502721716203619397900448614774032293410988636564421901565134813748245227911067068377131753060616912031579143922520506179961430785351208521631147109701129780151100264706409483274649873065972055945414036341733
422 -338191712146069960382522778894226712971336586565981683514899130485833737153608252613669979870319091629527848934814583960890246346512853953814330390506266218410741289524264707821382058939974023278261104980816970773795300575316265287243162044963932831652479580435271784361024411622898347488466722978797572121998245029889080546970591881978413480030983413826536143162480435437483981952142786206727652919
423 1338999180885014294172211075183427702262064225421945163306263681777820855479210249010123462961421977967429834725769163973717896781254093107161643091271026266743605935000622079912836176266379583196253652020941963935829243172193951862613413970462979671999922127705615498754248188365904445679962819724192142013502305575327828619862203817781108712220215695549133158742588991657383515434403511087347610413
424 8520396365197129907817867144308576474785230112040794041888611871378996446401188522912987080731884925699553088905112629719261485355599151897160186630090068984803703323018673463090478576625018680435102289323159551809031353753596613468024518271383694496340241954689232187685245916060895369467429378839505622921126868795575188559656387343101955515066289450762168252275290712054299052265153483515563677449
425 -226560295352110768774312728182708437372344845133553588214080853320154541613622227374370945971551416820636994838273720379926798442227564725565317560404587911241067319821433785979142391894884888753743482085025387840921311756547151225833357990230053444747560437182328438905037994322798973620254557509059700321865577659545849412503339159971513909551001700976053900364498882861014493503568397846771553740987
426 2475388610939623684312877352397543521311054349612096382590659523946956728162882941476636976175601965896629165573263938796904722778354354427986591955925361426134506616707896873576332499372352930303397624521101326397169660392370403647870429068721186467004376624781788262417011356709616083704957762588003289982211100065663906184155760253017309966808763598451803032783928555416419400087533964773260582963361
427 -16311123331134328373431618398910136591617977497380280697348639615038498853271524045536867812133248007829907024138721912534705290150086221113591818761409348870665685010752808581997779897010486903291529772363929419682456664347561400365140275513214578752157666430936886746387653150878237839940148653770213096138331859503634166825589236472359449585165514992714427931841576317849801600803985892642480925840683
428 28452232051692372206562233101307030156636605590795634686993653504853337786155249824345331029165258528670132262809922465393102119597139803546958868018175319276848717989795139666368046082840753577786761359786859451132453338146848808004811480281704169546255365309129209156798081202186727002445751661729426060985353272596975195501462191782706743507336605081993470343459319341601353575652082990022313834312761
429 915042851045697999659715882420737636981938086934254316788351498059445231644235751066903923087790458889401088093737738926825315630613818691807196171602323366055766547166864725358319716413947228284202461273910457985135715535294958967963297092656663736059894993241067160968774497396436269990388029174517720290387302941183756174991604719995393809312427762561148395883191882249530430782278668645612116447431973
430 -15054565416255744206890748832115007044731596437728911111605835561571378640469912204700347300265795738141388876871465381036329250202159726220679856552339944515965955353400909581077380903468812740815880107546693656003880613197028151623147079357412963605941536824245995455034830726193504560553992814578980611551137529603123203468862674791639287185883238172892585905683491042555841667981913600298946930369845959
431 136427690533535947129247475757860644001916952634978212494023929173481696707711016003386087581435618764135450579522985952615921941004298604282553503639138409600994455446669343201699083111496306622158157791883586751588683320429505220306806011993922102088856902821777819473102148963872093643173064908628332576959892898100144919779485817358810605657016967935523791886070700657164764786337435495988192564697783357
432 -692394071312554722165430313210718656581017818461875696432150864828309611909591244582618004751430175052559051299894563773690219100285975235273918011826443099650274288765599694339972930745695653669035366851375435496210709614893042010770056240389856366929981210759708839463210860675996294175957468543471379115320991595156618793212008749320644232390040121760278262119723982074833845480474183062215358698656118591
433 -1314271603131274759486703521843972107950073647604167395739330476497575456593233016098361667573581421337798562812261303352228815357883021679282737007649418124473295171462073430232352079642260614789940307441719891074816635434692082838462670867393367052376574208468732630036992384393870482988944700330092885916478894459835014102199278984072605427199506522390845434991617136261381479432864893241049380503281250563
434 74033434807170951795557120697185149073213892729420813870185278100545457190751122013902265938097499454155699984361273884004294752403770522370468502541561462980199136718796038846028012317209213863457492827690936394631286180384335426684787453572313990516271434160589396382141900235843392891578366855884673084349029122399751932677464561381333543202174629309585330233664994128515693613279703713677175621030517904681
435 -927175635887238024743128280584201854230779080794723393038340781010225019811567216163709089114087080862529224439590138663688208273719584860590199556285902738135330251081105902297887171616231524025838808455478266017002254159037366862558990024688009664118553448061738377516461338602947054268480885342236324327101821285303224251064002375649376847406788275982418301533001890772935590241730560691375190360083459927843
436 6980323702786529627359364545026311253540433434928695671055550584971840948426029286557619878324159124950751850843812336431293187485892861506898060312152398249482475551593943869174823696901724908629882870777717345736972929426745820095512492460763991732630888666090187866906915178023780297352908799256916356790051379673560106310511393835415645019803694952134059604978404683201374512250093609251055918234863416453849
437 -22802731531136366581579656676035675911403184079567398191734259368421020845348463397524077775584494867158071496241526005212127413401821761877530733224033406477658980185328572864296820856468321843455396597313294428554591218948094652251835761389812073851880424633989293810522437504385040407968494120456501436629279386559625989053168936693296893374973070744267861707772779466679421312096084793582437768545031289790427
438 -243395905347518514083084450856982554261917074053003686856469149724282114917211901743302573681802810526037350325820211605381090605530670905888781472092619150794589312210696725666076539096622516478639290596101375304268543714987082398703204776815057176062879601429223731737022307694241500334402912900381112678816155271451785249475021808151780184343589396051820165918495344240170505937057778103249409511177414466414231
439 5230343971004927305062800164596756149884388685420567962709889884803827609963834587726470933540258347194528267513177950742456236463606671013594558491510802924152498905263595121171591876712892557792743543655606033646064798352430935705278590001086956433760136800488005356366604852043582545492036255203992196411364023538515456539835459621379253597251052101559704345037209031634338878355295376058810457467252521703288077
440 -53394583884472834318010339109241543009063570855974192277955782457655322015271162840691956927380060353526400417016200335684765561979667298523580418051707499671412860316472180941924336626781319750131441584056232128444856600458135826130572011356014437319198533320394460643986876333702958819509537929767128719385991232269945997025662439637296178966276820522713011488740351037024228385716404275675081348857416997453584479
441 324202776771734570121896592181128033720603894089301499112093911004860912445571602861914181994572097935790826983084301833928099952490260454422314507181539665542855262383330442298690696487135312722344480542011209344439312087414763539474379185051873586800584329249797160853764032616361149976395059433733163978141302908263801951055802949398007240008407762264260215827293471326812313451705838803443723462756717366137212477
442 -227784419904329581609212546244603599846815828982551969830018782959589276540425581959893181756547046529482572233335081381112834130955956949335414740642971986473182083280554473497073767518752408635751598989137511546579504023716640904549191709465481872148570610892097236698305885441059115902122553130102369317965030170571379638229965208467056727543631898409512077433435150023137230321422996478990201428751603379731321191
443 -22904791164339248493770822186060921986285756539116018150023529757216720987092306044922008503694651096053119135137249830519907492648244035756244404105214236619435718939269924975477609388433990916273847858251251402513116955803035083431858002314383868821206913434866718481045542672110173727179101468414647143577325626152279720894035548265513039057118855188214443332381256613088067235244334233119161982276158501950745924883
444 337911404022303335415124715880162944316937849021983521859616660476139289730652504867195367375358542515240380393407393771749626978695563869547199770003989915038544992272758939569261310417358102300630174765192394439354558978995120981781466371503244136511631126913730134184483644321024265569844982650523312472903675419000340520711689501327866004034717762494803078859143909036118397097626438720486149899951509736642638549601
445 -2872026837230405505709014855714088446075088883847258442735935812638546183541865516854348920531749022007333413594443343167780892617669842343089176346877690742391767939669495211719465217507579588176932347512224048343434603730864139050342630889287094625505327073288984403289978235762085122363962494279277688778075728345717237326553572488730843609707011182157098967535361402162507932325065595338722826140346664980604675397907
446 12886205822744860204661555977459334109797604403840594795158987158997868849370916703518137540820085471474200216662286287895073779061568546587688953685389695622489807118067862215185897958652760250782169570828768809885745486173259766869360366582273117686101339982390633282083959042020457926822383376305929399502028558122138112219680968761581094922898758604778908780720515486703138225835369957770974485989128863146522669431681
447 51274033609524354344830260739002413929449313579905716147099086169698781438860700244600201843210249817100614473775570259113500035351331529733162628518622267146273486185667814853679728718501041034287712197964609235512643811239057596579677861615526967237820348645335171400985918497961524170234133933560240201537959941858125211599272223183251138513663050701219674546188528984774045698335444794978575317546748479011958754966117
448 -1752244965369737589212391711898871344944975645641693703979010996767137948068214030681350449170799844693182438364977774889916445994019840066310167953661292200708077524419455990063477111338602680476082468822252328661224667412607388788329713897797681352851148014060797810097268137714242456093197911068255392946395486091644077400373064355649029830478409270677667759800695587006436895386356096116541302070460434423069640306880359
449 20324080062129792654798738202737242000191110293207234203823472872217561277962620134972480900410738500912202987533864171307016245891616018187604451661156064103291870452478505539652211238528954542296084570136657181990526433479433839505825924059518669343040528846706466200785899048599550521270119579103971671386988719986361940335241162098669467394089314962733973546737978438546099894141638222762663042764463348782553637233565493
450 -142602236836846148942461778633754811991971216587777154838974546082263973468918427780851055312761035546997776920713283205238179544944510124346414789642020295439886110668270197373531035568583295260735629852043389604124634169203990561464960782927647576992324519876678889039362372468662167241250123381658176284775361356699077517364391782918511373962630487164960228805924152185172410830347579678606747599818801111555880944507590431
451 354476330215981045133293886438542318963662794500774521433372046440462465741072277575786621703638505000095267499265108136809637307017205659571597927106246791101921838324631716352047173453338317978188138123425768632487374462611813614865796326821534560189084167470710921455463190340613166480639875376967110345042444030381935592826764727283885688811606072433376652738668624946861840857922431000532519651943067057705734163691047093
452 6528064059460536097238297586694839544249041531831370633786405798658232347059888161448653086741290441032829057887293326483531456946194455233687903225385579816949429130170601225930035980313166587356562275142304506793856369119658860895541271288648208962157249730995265904021136816787886802099331836494946577124665216587379739956340683835881347743110777435912756156701603243618058102895883729461753758109551984876432257015987787521
453 -119613537328939943915151948072712348035665732213996179187237179016408383788401619149206562176091390280473816991618043003544270399461211737463541208554223972245434636826683190725005684779392013859470689309118915235446099608973515174158225624120005908531539087706160826625654201814030796296963210576411930102813481167553068901634078089834924018508963278870430075033895830946245322999349708929581029660064096120357297985071403769107
454 1143777494732175810574866787359091592820887717600910386776828402868948387424924041385037627798973831907540145173604094255863146922784523920385173387712218579366356003907682305368343323976737975464757415978181215724650235252332925896707399848490168543919664024314361826130017144420062551157423607672948829497926205419437681556701727006302206745230242928831320104752722278381025340943911780564047313770779419582332118248034491238449
455 -6335211677877029087416387083993915086039356161191819848778344746814602445684137906100046635002785018376292610974479493074729248532369665089717191777416764944259941917184840415984722561722912121370935846486177128247740887679997162340352405154085868787528823825419285385393671791256748235689725453610438337862424227396626857357948681388545611738185875756579967354968211863609337951962538034149981454323117138115517007765472826697547
456 -3636193547432731350769180164453183135307200933866828018425773622168556957622511193454573359790684775222163956278173616178269794622521654982212853588977792371953675229227760026448682743785365165442670425080568113223083643455429323192687111651669201944612769773875745861413723800347744185191213025236611808133080307946533959443974343213811003270427762116270185125576082539227722308995740928303294432893176018934281654878850063876319
457 560530744059464117747253457830785572601368386593635757631667968485907777101432427674107912173646173937144073776665547166032964320038243438752961568890126642082302024897463969858142841743460638986229299563828195227896999971827844516392042792989088609394395770472497732007656853074195938403654130530468807660911933568481989133762527329007500418925724218817139758424969989846963595746604695875826046980808050055884181800978364610735997
458 -7529157306758558688193511413236612847354926306957306149307243885248635660780980411627083785394614161350800834365062885769971042930937925900678263504479591115256162261853012568697717557077150162169708228467169392254040169957821369001828890467175937409917586082978006787346621680775586276434410167912352497333710604017228879263218734577579143291338062507704952162690292588986385143170370236960819532281737386564025767796687571047649479
459 59957310649321759745420452992160393586052466669631128934022373148515063102078719660504680028217278951310055239680657976022456822262282232033356348485386748684285789053553966290961888241420699740562077958625829512584273318562795684065109452609232730235430697477914676423959293417243755287459327790706237247486083953559776037540798353084561592991042204648190130126909610658290230586427532197927952652871367091858198645855091373017447373
460 -230775826418157690099366721917495849781759993774328516413847985323500704720214072551716672982605220667360056071712294047689946674067850629277912696916768523142958899943500599867404979585510450754085773418470505144555189360729471982406967462073200765491558514958013718209180076275850639573709719929740538023498808730811375171994879379422778542181448069856675760182563270261067343381081279581196115806078859584294620722157468236320944399
461 -1604643158663403288476828155000139970964709778396599502111885768707521517655639338995261972215797646420620223531123704928391733658135533365200858497567884407596379684036631737567323645789292738041036026504880947461918490625630898454646859990543248237229091510859873468405993327189331357964079571861929685807970410819360948268016228269250040566990944518521501863736428138149203851300041247441064132307590787493845811668777843121725104643
462 40963885970909039223690619429500713383564912073843513712907380951042587060268442596345587930734042654107991517392175799419179738163648635255722779032461934363391643314445640659365641359097008321210883422386248538088548743959893224174499974971190524757410444192858450589894379879338080787826538477131651067840460575879153401355339960825890849900959587150726309501340977847544519755424353700354834083808098956009900269195379033206698173489
463 -442503177528012983526033159875769414422372724374875709789488438440132484244627985007109491625384116423136924504045229334932387320117382766272238083845460726155384321909460778099234706873784723732045752484973516094104314164620964157336849843865192282221258892156197169446799029775657335725706038051781250068841174059141805306042493634190617203995017322377023270513889960704061456421768837847105253383266181518690895560905621400142290648683
464 2878376211958247796516186821032057646961981670160729297808668386491947703884561876027409214249104445875177458766284640261892488854411489173394588964333664195610023349262515120933270289982204881693209866916843689591331593000322419039367276335859538859914935940416714986039046762644920872916769027715393605853323801131233616340128267004167138377556371813895546443527099973615407381123077684200804831777195441308590975415390196701929948739761
465 -4555438027765049670466373151001669974780775513837402332012947046694470299997750683421381127845848533483413388317700367028555179274412936113973967687956507208973095650718468392234146242090620645764372769596233595159406769671425538486406458432202966941771121094283137242484351842080303602984505006644662327270807346962307171753675857450104263106847919774325540435970888762130559483994804275785206497671348706506169043510683709901033596955987
466 -168079618979834469680785985517097665006440875028084965534034328948973190262020641942447237002938971011365707216410194665789288962846198518369971815005393844082998541783460239921938542573656501773568719917606443129190279044615799135840536175453798747550064082955045910699905893449366219112513656503592337334940949168463537820184435133051814236041239561156380995282921720641137717994452683712675998221895717525686604700641220066114746442535719
467 2712191659502195993390465794645708553213560519835476197152777907097556878005511522350700201499565121441173095230297005447825455156662730404687015896886863686156689345450545936116002177700014960609230063975595479963262409682490656225245386402997854991466423938925888233327168344985719928119988141674028944896097182481868066446666120538575267218853330140446224584090159348181618857572873482654645259903820066745504457734500421723097641869040077
468 -24321779852331438807137896384028007772836277824933040081489717066893322504816174736469251704487398639467466109656746237957760608645399119914013532205598592183996485514609547637916860145894414566816595109811731308968907400710109796995843450089948106218387138416214260774907951930895681337309336938644674684827469302622967974014530059448363767172154651140058609106844050634567371711119464233155398494460480634087669004242467367561203498231304599
469 121132051886483824640355539099237687476398046875438021061591330863995961954306333437529756865603817413679955100733289575900324298017889605140596654810891802643317426251039522720708903344031240154780998163276515121640521344639458164881810579384270494226285552488510881348716593816668231561832743504368340684512483746644744219794301070438912405044662156667826972529179523566631000253933933035732256671765887013272535859872908110209633065335000053
470 267072458072490537762757892927282289381012036383347535146854697212679713800484564690098819247808322172074490795068702658591221666316053881950713048670694761841095152133924665682279749706211115365224162668856842513970480826204056111547485564260992789747637282036717539469978556452726100920402553166078704649391335430656173522673481520108859742062355173508078343764011446350144632985034742238793938134660451968955355342574910690082489016168876089
471 -13476456280870608864827075785259882921735102505521374141360717366061900949627032166886339441896024514456864871193915424651733068035874611878460409775203751122962762894597605359066329892902956047978811039296967050420300533041290042921313554504876048931311312813999679394230167502121741164106039614253775766730228415017242277712458521754117126062219517099376966324363329438002404996021645051384781098324915383051409594119052916359504141763825887587
472 166575922679115501118420989005684431508805723541054072633280296687118116036215962199377792357058911010355733869724675700381331522517725708899182629802905625555876699283977143841539593872660823088537222146393639571427069869971709467052269879397556763945518217405653858885690901608651176290083219570567093213182514077222920896821772660411338789545161194927280866939717171697357318800016551977373665340818066155765467337607643590303689199059387995041
473 -1239992880362765823772274066104274890762702769429268548414402632958627371991587484142268097035967695151773039348285189625123965468367179088007939060752827899471090012858054570817455645072491208138233748645600294299886352991683358876331077869962103410018965928923162080668184024261398837779246803628739584212553439755558039617223309025076689571798088516320931785800846342772479520208223305239630491580683030455266891371941722297313165407979860067907
474 3897602389644980814215541536209546042099270100342416800556942740315033526381735374032508731378767096056961076603601167147539814243711744252215672008293540313276161130848075406658078857739033903959915751116283034559184624613101953229173592650843969049156273358383106988039644704326550082479695715196184731298430797878985234178478516209604670848743991206563809754118499980223255700888185137885880772014351105842744494125774072530144348346178722665689
475 45412060738452772824901626063620917559861096649708140510112286916866999221698181799029497937976366979175614047631828761645438472146294121326123148975425403129028271005161784701869825515006840607451128733415363459972952119106660916647210544851633541535190174976607126827224665617783023403414429955538282053474133916677069069055452110067324326068850054718775113851098739602751193839532566989302530680765928596060961178771765173781905106433053218506157
476 -947488209733409863103636104654208353524351828235223148562311916510365711749187911782396124156644182521577105482140033565253955934018536562129744650403570082784271140483413964922912554259974952635591471826589517608858506054579388929948485073458926725587203534248053587698151331629374995771376544746190683971865871617714679982441203774339221744857593050881178365193255552880980811070177018143963740827604882337515984480471273033794050023684679527654271
477 9567884788177806225169951732532593050015114883982939863811971956576484953245087436911744093711107461813716400691945420411845731501399367599953493926936514587012253627914098992625325065679995106959651724039826854389052818878583735342492075746571348171723634212202007325827664920815503932787502599135276588628492087789343915998933095193352226112323205649901862647025775402322001345665863196918553441490559375299715598858128432931564323398050969484864013
478 -57264705657474109685470473784475698920715623397005909694139651003977445317153580138011412118746285752882749321982220950605251229751001702972566213955600422616624743589857781794889620917899617420700365417833893774371084818857638679258507049391400643561573208355175926332696375365380823755205052336679808159860676352168532732805368823620350635004935411365545618737657241049218528723347981551299794674787330980393434108815961008845189991183343810528663071
479 29043620791895617523411864597144507037946503500755121095177123272619135462209855724779009421952789805368970850118310816963288014565683413289634239339257368485199155534389969564444772716495524185162776723026894112428903227775508077889494075452624276116248292800051934884662742866182454197688475532801968831700028699036819617023250651337502806461137141907689897834334065207881162250217745166226173381460892088198562887853842893844117693682243392055148997
480 4204169584808632249122165538684199219024819685515852317880543034589126735272291250265534681750641777775010590771392678338216518727255799582911668505354133817945571548506245008851289638693551890607677112108504773414041351816968935302059328656892077257039940581135248771800645644294198732719074129776492227405348841355393870725525904200571123745704254947747568535068387088781964950340707296552295661776276086237398668636210158430328822291827462205883249369
481 -61012951282594752541630841512727968511774603628287401020525986720493225612035615370320329371282592074898327086866583340262750089958743623989680686976544272000466022215902252937514702061607116374510977622610846484007500159755557668303299443558194330298201095857660678400473745747292221531813343895935314512259525677005911903942692661197046207596516987155193164089726189016901967156435262479131669492350036998536477396570964330333258090013873012666260632587
482 513103888553936206116143056363510717037383251853018763226516702092087608086546399136329979850552864765680186426805862855597239479215890676622250394203424724149210951884826433465936416085323519590599385727522238641681027977845596450389486922973594486400528002175059284131941900194726625433778134766602580777130944264776051052709190771930738572555938655201388413698701280473703980666736754899592555657325558187471293088066776950627725316823942428949744125281
483 -2249757548143816762688254548725763098609297141327754363043490560003875181969429350099198928731184245039390697112408772768204700313244340784089435990357126779940767005687513663155604849109827671735296508835170617825715150354937725340685358424387014532706981020049476524270541166058281219945308840390520397817998497001224269309807996272171601824145004885962371094756466756197847869624157874991689895327277648217208541601176063275671308823048046175154371470667
484 -9905217769287775603201101203611991427964296910010680566186590222068680449599200470174778017594195108007154654677836792909794463465569414011612212833516583779260564951232533024348567457850452715747078504912363597047608147454544103874681428813663155511997255767273491794579835959894661053938591988910248404151606476257213800913025165057880126374109449247633147172234064792976366749384503735027935644884468058743995242774729555131695187310457752650790594919071
485 319350196026183158061368732303757275594312679596714868440577223286169928364563669616109320760716434307356175491965830821992630212766930854777689721406471660671582756939264515279124903736727098955610478447504971299460727708339246700619278587464990135521967870269722620712887537841285877536739894601375085938184330762852409183240718780190612487577824510304863257103919524497525177279580495757390325854859303975737834635585626736081396257464511577857503771443533
486 -3659741016211414746261473855974863800445065333535815554814426382486790702886865417834834848352870316626677952487894473625267274588918339443810744871416740460338822118021554177660741691128253272392609728297411260269380633569810932470725851070257702342178414668322146764765607167861801828567093243513623222964744896474216113174121378461185357405014969767873704557790088288348678757483187529066536514674519465036633093763059319263139119636761240041255242083043119
487 25370416860414479930752353862966658911574802711295403511610042421127722602825505652944295485323620815202385578716970276311173238398868283613663854595147847062724010890181305727699828709832578022498801217857466494874927308464651968111346635038008203435489208120145508690600039872164156403418067155320980645810942682099053932662739424574644854889443841977026591847348798951256187568163443966557674677504057550942979578713487576943910840008207919504580220467550037
488 -59475077499661413461284511916380193119373089711048743575376163851697295123546318345491392408064968918982980050276273595740213976861840922141171700654798480815818269368640347474046345099162168355288001420566205801952493405711359929465628414183573195669785235045489490824196467732002846279808379706675780808992776415712295744868951644023191571485859094209449684053243096859892390181528917336104074226730675626194536497003580252955714396098825827558387037541060239
489 -1212321972580988485855921841052946542957069850243181946020657404722029049912866630704450001898939756930258441406516256122594984733531827046600754817461486629596826785526539684542670768657874345475059402556420509682072490715601011883090473331001173802031229794478735974085738683786615218158336617547085265503148755036512713022135788469733940877773786030082953696718494330648115023919707668735775864415308751757422330345285587679734435070854277175745012247767718387
490 21708663215971090704952858846269626344679164752787012897915140836191875581585477779193935730811593731838235552262840827660234191092290197942288653915259739914390155993524636793754849174376522393553570840727363161749960907350730291389222597229245645039187485998993974015109086432979773661021004142688910003702643880525699223195764924926241354346753849169840048441261452157735986409055893714284357078171906895983610596880665612797363077792140094490216105809647163209
491 -205394666001848085123082950071381814370817666104530802635247715337286618161126831640610066426569147141320390742168763739381096641540874993572531864011305589808633099593701691498477803255119373681463230500146724852260255685589151032223479516768506045524651833583155881377132247016864975722936666510946349630654343020832867861859267069259575259485422879386530252042660053433425975899753298896283103410799223372674669416054247831068146913008192328673572372076431655267
492 1119067967408688938743181084203026050602111145455970869297209925538379341697739775091871283790373019820108789849980937634570277679744013221322671285343088916827314997545678293146154595692688948338863778023464288562613623694096531493504406254694085748197543445364665055758327973123068046455060755385759541294430923369371074422873381158942473471437619403130917393185418885725911763684195301734081184593340967569762799646997308741326354138682722166398503481063114468961
493 916590842799529706139225483795636856054359713112018712563983542456331640143553026870652500761364523199269815155450923599759996523242756951701156541392681870970730194855179160837003979188407833754438063727910874046083860411259781777372729102479704751269979562132663512303964392316183199843054976774220758654999569970431707279612866513607386595796422378751349273859082342719882696411327945853217239256744286789913844373147270527684465343360309221811321336297410472493
494 -102888502436686284886964186076059744489724568858290309093687631095115001042417911531006560801831694942738587786119637298371645522489500647703508114590881360729625733149741267786815678217995496919955233953849909095292659311034111019000613032772849646252301966637520214053555614751969838485893522618990438975255876557490267207546691629239213558854362861044806163622001699359987935521565695444344571390471928281912664461463198784811505540007673519831135720999915111024671
495 1362284719738590088582553474667888288220090884906345548045595827076619270600184117561797699106725804171637226983468442338979775167476898753458858089675888504141786732970731020591469101746185570891388633353160815612918652464709238168629381274516823522770923700124290106283099943507822928570884028625623589932603468435028789211039263160952240110907939459212993579719388568511939615787932457941943685134617222666125372402867283868473060749553246176120964919769685425773957
496 -10730717464080563995685835741268393134038691244671803563468787443539334903606498307993543746835134477786193473546630392301649860937496089445273299783711298826491414100322155683781198326016502232790368641537748137251498423967233993859345420895806557834075558508954679704898290776919626347863678156783485824251416337666934590733399282877428167902046901978587521533267233390760370104315216815780049359722923265606096314023490807546700523661994851760826822178727979105880231
497 40096863591710406536675536956563718455367960294542415105582986265109543711611122253842769911822659996039268241640122108015001004563257889205395729553975558834808259677106431161085409467452018305419721896702803331608646334855362593340196783960489957762101969528780135030755244128845411342178039032551498486861110689801038190260894293921121390329802365308774501086642998171815694199936369670613206212132832351457695850378152150950813964963544251917558792148363910985902133
498 304295189245656186940485216518312629836455863490035550375845591387106951193437199581646182471516254123098470538418350553128202714060902677068140616418920436485447042031881160312435989541556929905789639364763809759279951745166311308356189119630744553229596227619774491124485094404211793469465601029994085381314146865802180712128440367993500414630666821003055249445287767568439601929347352995539443741128956443168200480798215881553182075617460712949102796278631015924945409
499 -7475701446302197292742558291432257680083438416018178647733224564338820636829968655437120473179175475589495705280929595074760151674866563061653219460882018262013481492130040957998203955728650939423012093698022284170591617561719004867356657880357047568307030906351420959220912875352888806767363691788547249672983134717265141401832465568945756086596908477581364304636319294762184615544310844888005262636670211846938537738072824894322499583930981323397307776372483997398888043
500 79845910899879016433152392482069749606967789133464213449940982427812800405914464032314813797714349492379075057064223459473925207305568713451635880639848909930572256925755095149523460661437084939985905381921207469844556517686380298377749011244710160874622968371758107968672982738637103247272919396800351435261397066342613739723618720882138251375149744737277808419544283996453288174391382249554361658241159988371155588396596986152134276415967264694582379764599047914946292721
501 -512586940820384147291539677076376447278884504335751322503021857836087276852615620215772488240383602201054255559682442007231529135788992621249814015657722965789583158713165214996940645863937114393693222805089399432533167926223390438708466322405825816713308614748730540742234403782198398278670657041856012092364579143677065421059884355856231743066721594944505562295837120240706659807164643356408198009862114623201376574900134599257939097848421614394012598825811928611924320163
502 725855507732259393768020847794052060785785191605043413526240355711897266833802069174258028702388816193269006139649297042255935306069886190408150918006624769592159430583177603831426711808350111259689833841574058641805434746742722187348209479095754858346267133110174996334151983840701309904882106278738401800602437247200006751685737773699721131286107250610378182440400561233312636772197524643523256864298016118102924796945375485386903249572072563187488165580120850267780623489
503 31140692444772122426080392561355404623964937796628312588521628940977497163764369680535826962625907160607163154131771010431596477698065470588130606351874017229368490603640707276945577157046365589964217004590385412248287063912069710103641429738963723911830901997093223266714665495820548242770455663562748825091790211932249185423292753726703985847134071681418127668292183180135581395935717797183793386579020364420832540630071908906934095656988576678983027068182771866895693992837
504 -493118782355575694559912213521997313524281451883791956192380340255195248299740781970060575366984839782903992525601094281786881523470735031898656990905794156716952372653592118543549861818402958092316211793544142874575121158647791594530124353530293399411582290425009542105039253857353787661497681462206825175621592811167376530355767542594525210605965235401385635089364637544553104715855163265962190564204768083680190209570509437203095488678819669688601799355920758950506288437159
505 4375740939288587126978779675131585494196359453315841307716346524205458624931183270664717637954891203142246013327316898616315086181779742318433088010277120828076225543298691760239120248282709048154538439584476724293878346820372801874805457845340212415050189829254803030327430353678792671414190117326413806500816694778465429609566564586903496060842841057158850194220323740069931733607391207230650052223202346684887155224520357355010565731279363703992019344209645979678043046396437
506 -21372718212798531246903086604575333188125333235014552297016668191825908096261045584092792773362872528849086992512585924312651223878469230436349831806334303785815707207607279918788086074663496809531989796629285180766199332350383868972147988923093669302834019986727302045292217271658356079925802049031673587152101954283450934551570172049866225612609241452209084265556173383768859188388127866794831742182267227547092398245734292816211855692259463176231035221710420753281304136877551
507 -54008026458224809959249999259815739782444552039907045759671259385107582084913379764827527372385464311293024050416458224895650139504153933970791615329658124928786494947579905991926034129002420667284759253857656616189034159377480868833847348459818463835647528845710731775113771173188888126062732217348590979646723701684080781764679340559896586923603392330965913564832456780852675456802001152865393752283886403739945006842138695328969500058507073848424102666866933319994673866262587
508 2474869197702299993746329555367840479068834364029443013570510657491283468713938256094599237586709623170441927857363287160519731660056639885073343823254237459044599873285395835624991176573656019284714490770916342164406738548873538575029394068901583350525432592223353395938198076970869552228624035045763008796174364700735418787222170030402531725747332628952742292475049208158542851911583698426593856742771731667712755053776199407153006972635647306186609199862915955895543598688280409
509 -30197269333071220871400627008423782214293814926217233826587566282213794853718727341329604562125167643004433687245891166371588115869992625466573592262042554066644632653832330241518759497672217339739270507778116845529700923943427440967570017078139715836549625832146578472276364343975025993432918322234897122117646765828729630002228173359211563950206276159750005398733282683498968846437061528932365938526346585419712412569202727980445936439724384631164892331028280724633170496680495483
510 222232349008729425018025976219286533961282207432773601791799886950243440694861978002397443388245166836522283258510547028935451240251179256641935346360773225632531568403457151915192344535351027363500848578869031530210141352117597228983232299379975186790863291219580755589636680304961779000659196812686005157182028023274628417267146267348137418384228853523752091438352443151379132664293106249582708688816612386635907207838879043023458669854439757763044813620864190521626343032778935289
511 -670484163371227739317080566286294606464063808692025307960679353178215581683696474224994351666590572948451995223285705124105944389618618926604064926679265649342429464952618453507225961871022808262481692017309994755464554339853004489861240148483480514663935674662223786628270084035463946456665838736287474607264620520745400814357559140613211065419106563402675729991635502367242126524933663384389651870091566608510530310893547293431804540833664011788440512174721227528590762994607983427
512 -8536241387141504845008261784229118425124449162445216428813847708820435619025520259932574533253660378980363909553323313151759768269787268305366262287216251676680365134904640900319636453995205703693712003115104768455242674589934621523084492394033387339400869950465639830139654935843304101313345438450174307104144703019714354671511905128643933545231676429802445223026987006846590748943153971159586295882631981401694325536678202056052313707456396807127344743245419574325159544404634374679
513 173150602289044503100484456172586502180658718239459962494952858338496190864647724245649675724366271475934869311723633054057995299185965788977829649937713818039777395862577046559420044702017695229609995485994100461118436294063274130132133389362647997048713289201691694237585157829704939226554121646287202692288039341420914973976218742502598429726236477914723438506597292867803155400899432367346680961309150387453132730808212422001428189473054608284987364623579819782610469895081525702213
514 -1729634919258783759559930764764934736129104206062177298779482109025589907363934628955472005743191919838017927242923545361847073227472925522379966342660990980972979817737645049204219270728525014777864942093592004102593041536041392527775437204191982077219205016026899884933395099086896330495376990163683318024443169986736212836331489296827751353547349564027813504629012461464179909557907283356093712292099599071280148125847592550075532019957940121512368793621086445014994146333823358590671
515 10200787670362221347503576951392075249300183785846035743102806139143244573192990907992776996018318917988185745123258781699812838996448366962664327871076185191672748169725452883054934572157563511063395272531600216689325724586735454482321006402937859308159327146549103881389046605021093113552536435745139301387499726002851019282180663809676252715928229675592370956325737716651861136803373196524653551338141154959246833639132907580170125703724389841844853796724264289737104193956721043604037
516 -3108908256053755946668637965468908023874620681049940447102406148211096918716438565659455779187614922929385222651165074544414578705592342465494064708463499986469059808056270839963594669656425467505836120152430555123328558724445818161707646202621661506738345548935402844541498052863313781474193144293443495900433224034245058621868197896802544058218755321992495491396100818995530507096130131081743129743380842524785713316043423773328656397630252914512985183311326484787737892996341740078831
517 -778079915515170925913034196698468249837227977347392978513916928398383636679056936585644821260611517161441817146867877977647355731442498147476634519226327548304976459476757117795775924082912628771432759005350172811212223702784432406921381729833555331313007973171453252731276176433471611025781827571773059068634380035622823329911631887347671210411010388261604578916539149812031651416959864763492152697155079802189126001165118824502769399079181006089000735225976499793302714806399574707221827
518 11111978673517091110477945067168684314466135646189630330492632916213507746769636442384834503142323896245665983413071325405249927757823309430269233076494001045226306063964437633186344186352459128505737903789320625268360425592105511601726228399315767649194570217415378172848897641381324215283711512484943734263004631107596172812339436265598120276366858384998958563526385109152447458969247325555435122906474008504746526604064462484477054696260536535376869498511891332840437012988826738910131649
519 -92457748520983656643916771823686957185977971637524637529550449436253981560074437965635648461890962104296266581957554854683903224436974094788948385354065095005188179236630140124309391082673395948883257193285850687885260840736012909713423142549306904292290729228784964903443250714679037474943481377198883172339342056749166534558861290528808361954082235852007736393150779297029505456539211774989536653834637269268807935844947525127859502631333896471179883032388906314263970801738283315432468603
520 395791512762347866739789768519748334288979670900864996018854439403224218400383520024541983719052271537880458712818480485068493872958361277600999428681680232308273857132701703067382979885958711414392577498082739610337765077980210645479520345338648084524685591649964617255652501272265148182896910861294184250928374053517738757712827247389016194987185774680283127088110994977698371688948034330323948182898599727630916016245785982582291505432138162573736813155255320159726036048922362206979860241
521 1920890142800254184232686920920112703460886857054692793993158248958624412692738438218667224826696646368935866156469358880100008558397441262233713350821391991105706677790995152611394921317175332231433794626122156826035534988543499164735206445856059552480735871483141485288155270145216175699799896031310146296111577765366440290472159988788029851317588503043306535213048029723551885736476674740308369447788604042257311395336815597734594855997048892556083371854456043140161391867618949508018509997
522 -58690493913470410430172623714213823919034751641073302144903409616268997908216595367081615575242628846262770960556073220135234075779685898243973661489054726269227791627838059957332448771318260587298980624838358578916171263477354498124167462767224632336405907151330865615163318140409749494373769947985796162064451251098875335707863733721358384102700908960730077266115891657053531060481028141917727922103880408845207674017730859144319469427275559962207152887196236570123304313199261367312975334871
523 664611796406968027609009565129090941624427491324962424440131393494386700024980823930946015753590039282980339939453046167826175272403074196583985045751861445379138458916129361214578469060435761358978668001724241929207587851681511959835498931444631773245893835788224913938999798356781830058969378219375904345439102949525097708972728657515142341789103015813161764707367467190246408519023284673177612624551612945615758713217221173346979830093776550481028133997799777940782326016509756588807677998717
524 -4551196638226874073877727161312835765813028364021770065855416831967113148595847016861914458083883481402136231370981203922589353274777612950996938781209248471530746812555637703742108651256293899507326041356998446281433408449417483741566925742071400511979018631607315921614674814467766583835412363020110231051598331328924027312852589258690484438602088589929576485070018957235989125666237228085285780505740256356580349298387881832292752869099720588000172596648741709235280937363043822297283365064159
525 10008398871701914831430534531836960421522749788571957165238774884879681255905616587187639670157862440463466503600734102530294117484206656401446445000700381010217583264768735664468875398078971066207293828349691795859491556968035988890168985001112876378164319570411440548145901197213338651020750048132515475199719352552760337819870417910828822173126138231597003212960488568058725199297713322470419949796951109738241817173683831414898823588858133436659039081675043968585641762360067005905581978434157
526 226829893991552956758020900072085435216294024765778308784770134162476223156283173080599369609314944474185012855932274893527025223059430152825574696091138846624498176082271872461083657833886329169038309337548283741342795196601251755592959596168238486488141808013284876903380954586942076414514227263841794294363423965464702512545878876921977599236397961892623658568378829045095013697983165798932483166855950712977569104861647729538136567858191424356543474002568599053540116191241253359313433296655329
527 -3972664547893668825839831051232967368548816729531934022926153663727284483336908828732501094974610382326055300271488409215488452584515065231356088633355408959299289251369158169246722558647095361705318104949370676099951070308569394146940831378148942180118908293622982129748148209804014414911156367585815224899109148657064890063149306640155228238520085459808877140701102127249573813868924292372770842500376669349329704665404694293021732512671483930303283298138220311531407639206733211798914543618280187
528 37190459435987542221469036473070029495653704998392014356367442986441462316083421294812896558934245278994257728383183280333683830858110419510485501820216631226648654684538094552809685105392842700142003879526424932507915800280951257759741368143837292045703916483790416005609877053002477409805736163680389708015056323748845098134605601642439832177358954781151508602604966004255471775412254415462350678168883887230809385168567824824006737920500713966958871047173865098634661817258325884195564927290986129
529 -199227385688596793664744561099918191835365189724925097082261600026776143818621711811416372448863384504707371625298772444508097922959312266886824411972637489997547118645333044717381695457386466477961454995629259976008316713406922510123609375778373231463481417324032754167039305288899214970018671494637202432920569177210648691524910538544415417785537431280434017971592084408576474521651672785276010476916468258781901416706909300198503968970922625163339766524840286524968335072632808707500837405454063603
530 -214109191326324987836677445118297518557399228558853498357757747144813909170751925078229958771509977055157403389374767740600733996010441687765275898865997263729353931584878112886072950183066247038339751776779490066335819938391153986330145320120634909467572294599329779475022392201700436055376822011926953123886052835502245848803209424193510845087324795347798218419477355157123888006401999790644482492143168457992062331063042656431279631649681960915200899999358730537824710876944593149280275389125907911
531 19035488927721574860796956289988086018818521536588339308885080594879298535942762176418005737860572587942650990303459518642852751883862983758807132303344171931412165950045168252018709513610170347528387723811408547130167541003129095129884321739579806927171289416348223349431224283426831799616198434475499518866000898860478424897969116435358349472270539703392758169262376571880295520496703193901333350668698396332558567915733572110850918396050852575745273640554460375701742784325691751998580061911717659053
532 -248501087859925736689917906798568703581565724858488070243411433783134274317637677441132202351799177102814332871300155676155656692142622692534506154945201058788899279144068303721096367337744219795420091375517311141493049878998418541622189103168501284562849549967916480518975089668393770187058764276422901433499582188869119130198010556894210429609321244910248076977860290158017898767660036975717697331405371513052025821097704219917392235430490265573749864397480155393150116114156927887985106195938975006839
533 1936023340403983966944685226273259416984145668404456656793567695545726438303748826157428980098109058708022551160953391662144134064608970092973540637022191854634078407110646023357848817007224851221302321086827607676322604906198611525730685094773883571756814751968264157018125429423937432994283242132427380667392031310698026260956367803338229190290431677080832944919901917418768538619035552870258634629270393586006186465258136176070343589639025148096091370752638464089751059772482150586753492155602424378773
534 -7012561446979439289395181097607867308712645758125602838006023197416263825949364449338761014260760835074781168548089121325053269554411312948222611201841682770302933070198742781626196619716282170732753557808259639699817015366838290317409717948065499471212862606412689399891273046665761435413671340245446802033843076566194064813627171015994786623581127087559472940797546223151275947931383964994575255115169821534083170448507074625132952287268839157607861205644593799032518576430735528380799884620459653363751
535 -58039261339783801325495205542619680931391778913557652354559768223808124017726998334964558048519611871142637087628880141720427985987122541554262101188418120813810173978513324157175359820665452207583282712949083164590246753552098038090452303018651706186380276885044849322873398076479962263078588706533135058857743105612465688138619198684720259384019798134974980290866120332243303488855800506933252446575600041602634977474781208896887792245231023784938154261554737423494400931484380926652160917316790247152707
536 1375122560156384772054949401211858605210913179943261612165612057558057484602113700548027232211789147156853275836567149935498026558307073467507844250315072506176996211425981477256890177845996000308888456801206529991768104750492472227183011991317021695646918569702804421084504853192814535427956916577428165930388032514095970623258336837709231989306499250796453361004540291562307209214974474444770019028151618884264682432629197296202426801464599967571782081505648601310072519976069156215373982541870619122717601
537 -14523036595283505251422435296748972462472285402164086636240343156221262324381108405396061973229024152690209666982043588932575760891700202571629434927529849235038772305505229146331411000463576880600229178901113949429419338515960253909970330729656636083020819194769961610613931449795057945053805050489512243012239529449008434169359089948372825412391929755517434913582075586610327210652047566725948994002149801889465633014952517779054988784465168967731845230844410891255882534017534834093254970729595956416653123
538 91991304423689443087966074328719423052636241848772943916857138559495421806284975987137482446933797924177990590593766040544706154053998295097881000021555883660151640415739025617479545959383041054287233097509685367275363623346607479706660703175898011569324359120949110122732326851874401000201241810027852162577745280552188434428162250287168355636493841756638645834002180226515411166121659862379931859472640213925735801621861416530184296428861959248575327003191162878125033804684621978553573010034547501242075481
539 -114467686993360799977815123153232455535876850414263324785471519596955029718016785613627902516431668541310462230243407619346633162696594770845443207451487875760783729308780078555813392309653369739336409289464009161992774806468846691233309150053646690119367499637816700662038496189971168060218421637985535548553660133400183326710588503563737644365647169292853818228252250094876354087385107051242637280501938794846936520204056026370565299454848198758467048029148259261676095369918847549343264977816479899039497427
540 -5811874985707775022562588293958534373394322218648017119120264800548692153840973855366402756249279832252112946089659039252993019559190104807168600518767837470837783491385321555220292135810562181615293319298211369935901724935589116610058686685363702793733649126916829551976018573481567199303958152686447567223012386956883931850308562695181456923732688332835947925310771610738933850371464962130113475282653731006979177533394883914723603516495809984255848481356971468387944860259994252436482837217505556312447545151
541 90361470631658101556996141188364873487008840754868841000382322990095706224458061270652614849968579522873674102604734770109428086347608956550621688463928112869824125841299742602379862472380241798770718767607133938939145616623230462887960538714296250665750883230906352077642729817988177959606725301909258327257997485964556180668102456396593473946585849351989257370021655862568334967912934708128521143988750215436415870408583362822636740743818489515439353111620476339876723831209208484511762125663487113573690945613
542 -793402510326530700600318357856246866864120174792728640775764701228892243918050874331287509490294691023624922518648475526322294264537106998922919665376850634588998783878528663518825353810150669431499739949252224027077383203594351801433759236681585730057645465280809243809699264018764371269385179341599571661703703798630382357185161636391461765229586178775885406623937470480155251441306578404989529272125547089227014536169916568206576492358389965895214059960503801684496592875292853211156064995309925795412915734879
543 3798070495405638387372678358631483091487349936922187753385995613361549858345888124874669523277459730540519201047002541157162793907044397516365149814915103567633580906707222320809531827251397533331948328759538847381085418452243528467971305097317085797845637260139959236686162088988419576880058644275443288734388243336212915314753869707856128127592089559716396290436259738437559456665462823346940562168859449001922245428408056670804215733452879511395283074983014916797996605272617700640234098673754432819538341847173
544 10885311501730864474643524602768963810474457952872935419791026293553771834544412885751505468705316843588155756791796447854161913529286191559804490693105961851441770703794626304722775435957598678010271750821912034851042703937471786098733651330836963311053510949685142502173795616195806757517786840652087277767913761553468871299613849421148177149775265852784432586282520716105352172381171530895375600891897769071598936403993532603370659393254398275627124304120747297287893270855593894407523336352586019906462950245969
545 -457928767085362216389850477080812815635707980762006345168196585606977038095120798518785762758731681763663222596314074186604485779296164014809611617560763514936284084460314453823015924684475769886246842001429277192609527945910187255522465734188916115499907731014807609072065533224583396691386015485683571649298313279895921618450313510487393415979925324334054258786514512259629644190894166273034135477697583915754775701484898081609323948109126132088620944627334065382486389934261862925838229872360067446149433756386163
546 5516535517517653450197210217636206813738006272610851420827113605989462429498146908305325048106135814146195065137708559100763481197268476778533279073892924242012192734931216034750656570900043031684015517233887238663585656825923142551909441299575755518513503993571674297667385510590170719833073828450976284255484916533471667286995515740922125487393457470827125010200901025031820523080823244575354191409660545513515863831299898079008415747711595558490648201585448511732166436953342486860606659453125412654246439048770329
547 -40130779338526591933817834132544436924921641738438403942582092942141713303435260368177249603426274723540620037302815611460897337732495321833414503563634727594264784238099032053864025162340706554498890113725824697824889474289452981051581562385617534686290341834176608706463877826474885698254872566321119093299886127733680620668524584962960047471414370349707697155674944219791247199664134726996956967262004797680220444643446380785030373861840778905107158707116159331406394683137700034666456816208747012031013550108599347
548 115897151809992534132101862736613830073978937874735600833051765518977728301055339336491378175722245028293944945914847591783253767493834836571265047856574906233547399941115029875347078116850377818044169753821448723764587640952050833538085760129182431264539712656568554517898262477016744536689085996672832868148057553451805313392843024392869815257261016779970057585546012917841731393028680800875705850506269748857999933774864476008077451839332876223336688910941039501922069628244116055679178103509929443327544127419390169
549 1614730759922936934967362961695092247818647872803956564606851603093730532863882155075702715571007726326977487586738947639969239050294119145961818548035143825155502937412746168209133210417869412010586844484572750873198554347569908580916414422597824916996598055253784682640063962307966038010606801896173794793503802594002810747018938425138025364201552399040031470763672580250528227782865784980708717115709757119332104261524713831523169128638031987803397269196207747386033576306394874921302228648335833974322375687475739237
550 -31881203519051641099793866088853128231244699085869520480656116728168427128844684258096926624726681448048949221553385824218886576643126802983624254370582346732945958443342770930943248847891028037907436146956974947514179915874841288051866080096501391531891400127838439487406160769557356392301493041313114523338849826578319186600727203832587876452463143081941716376079605983693180943982375397931107113400184638021842303032130421288395080972006610618610880019373368170822853337834422664816858265130342987447678882148543789751
551 315040780184837194297021562517306395660548288661121924125065298213234095333593314607191939245882931425102086204748616624042299257706750039015476170229554244467137850790374828942877504490968178331168297581120241077377890975758216481995024961583617439192000815243962775282451647466591466345938718329028605659088449073642030942064017575532432738625983862017449212146504649823500862657058111549421149678514456605318734117484864813970566761163081756687194263552254998318503890855465772481403054851087151466655965058728620321453
552 -1830230876354195950897369118831273337557304814185060736469279316261546176626409088364244388276464658681726232803814562434982791904325805668952140212825468485141713136213437523146844269001228000954628149358235203698821582695371718781386812159470269072067287591302201693465149319876186049518448030239804690329708704008245249294425508182795030968382636322423167354636715635984042280380738429800294021869454170036525831161282451459618592710349650163867323180393163905357751559103726448159441963890905546901674708243532213375159
553 173689863046306262488009812267035281653835382834842882081676427250654707523339858012462688500313743385200534389050606889724286159241997880979813645268486661720589947770310325912041506291964231161850859550992425107291567384606956376033823940970338540395876760851880645860983330077915743833914820700308262852052802443790755684531384845807466405937824580114674858028509033309514942102862163304567508613499464487047881612355931439211766382634437852420524710967428175135225593276420274336891704038909490204994259934917693035653
554 145022276869343667872957587431877018107943901914763085665064770291623920573715284905785531317852781349991976380687192562998427644908875285358499454298970976009474727623083436065694910155584172816824960744032274594391872000989214125758249151562592478832007620221407895205161414253992590532162522104682021845798436803713728272089816139615410312356891014245635490812333515104240216809220798125679263179995628574339211864328374767699798523430360857841019592837450181530877933912375800679417872013812715873669769869023086472079329
555 -2038823632657922681854949766997815555644421483587897018676795243787727828824140487596332631794587487064079456614768430233027986930576552322461724797623303263981085368976545709439336866761540516516128641692158804412036016228513225163139993655044735527544905650829885878188637941382131533894524974311255226174443437203255062187877748008568471762967370820313798069040834569026481330726568296794993208625326482876574127549623852060439003953951017911562291487121289819075471340546111034343794601665285258610704867234986038166851307
556 16783074314795923758017365110340569294898766098808076880404903022166159822504288846957319012569195551163319836850930108954698580634841671045811440759367905749027937086052125149643193121377455047676742025477074221075883222758066148550237419494374280207129278913446748812436376855783721648048690159225469061928451691437616198327285877243117717457203535560996177519306066243167929204517655868088303754538256024548241880738837646603803405620022252388854810436259130872378382799941765168675893500609153030581733341053750122895475961
557 -70074146967601111404427502316691664465601690719030131588046634204137535585436709510071095026897554404475274901367187325936165140990119252846884093492335350246393387051173914431559751735622780238229451263128056354169566314906813781168117633433471871814593284518487490971311856016681636386947033432633411908542707947477842143787166472195925378160143218212473051901972043613814463365364072698474561812531232477930977345284246923648193981510235441290022672164457300282332628880587197170324707426380881377691156889869056194101762843
558 -373729568660485009618474378781555399668352675121335335674051341134343672955514829151880918352622797775415658806860226577987258784763018738998321417842656622617764742739000837060466029937067723180354007918888823046231289862404476233368054998545109848153926736770224286318422255820904025662847172308364839316172758742752516408887273192146288660615209465050360694841280839259835671868313803443175196521720914840619229710068961300069786961931465922889962551467872114914182462465370586972227891826657326457995848129507766930657448199
559 10863788367497478085845002162440885991786968109728828362203922827096108823385496468335390516527071599159630541201950329300390384465991315198462442875196263304107031574399247800924108700150205734511461820860867814169810428785266682417336700054431098674706928078557770844086945524953579286823185992334181141591346287174192237924033980021346473254547653407376950041271499659721180312026188619735029758803362436606465089834045921610752367919247591360118746627670257843591514345944996626622068429289396965689204016265468111159008412413
560 -121575882699930929688506887419595747231790888923083746385479150798666424647967236401743524864251066269796437309894342356800176833961001683492666374401353088766841715701640890584131447996152225092988361510915883386649893502655726750657886281892142427521823260324285005907249791583176799180396149556607324810051794110975974710031118570326530756165679313820302176078568575741442586250913865635158183389164099407576491700384568295013099137372409341196215515913909427231587534906153650587195773456483503996296556387862871259558144971039
561 822246872999750970719831249839938483214436683914122303522606175944090014628496422315686352751857539125829805834029447119575070483515357827167735675382293458804037576205845086675742454643224549407071521585534876635666425923278520008930692284088748925937795476936434060153348868350020942526114955562688701082030013113779167561331158533664860205189843544415639855308016594045682390443291440361174868686679412505901127588300076388829556050599270736564788338366847154886295062141060226303080448679445617359064982145844663476487883768477
562 -1685593052429123847983323772927965121421443411089784248751386810945059774316824416637475898806627994049204130598884273249838497639164050405318069136141964591755169315337474170342291755052971963697000321182789901606559768532662485582526570831180559853624211481676029519840921464759247426952524623482044543438760086540142098985930937581896693642089072498485777018018312260914571746211213461485135078326895611324651605808461140222968297863551650011126882768004155337106814809536767880815223507962881391860412936486953260125629924351671
563 -42712232600018803201486514974080849493822252273865716332301232550953331696690036918272629272783418281175975080597912867697804994335501962869946978533584588048586622017310457764213496150434954229252245285597201099864789864147948513976965520950162260613843480324400615862033267848646200027863552743012714873609372873848627381534738500769073405917801792433748703085834092609474097389282229529433403237524604966717110680613619129015091384961368968741191283982995673950851564087646952636737087915039637618251893232987494560723808494879363
564 732190736755162025717020814394363615383612325154834271871732664224822083040417668163656950081885502031534061128340252272985911332015797288312822998376815817653380133274353193922065147613743089515696164397749143069202565490784258391435790959677662125773005795136051959615608399700059688204506452172693705972232795333119626440397220802797791240704530108442227668288274132442032664167195131497491315405881715743218787883665784361057738997432929876252795641008333932412717684916100524830839913207841895443623175121482802577995091080704121
565 -6782132655976803071796568649188786429465219472619713757317695456716459469449603879056524090999535199319057292390511802369680769782793721839663602158941081254353943291420173603400217057121030792183273096559602284262779717844874082711012748600779621480596720648636758547718736181258083355012400754950319254526956878429462534427082574106993674620515517312005069605559581933589823432513342390038151658952873082536744495618510281781902939558434064369342730139819686369419748047471619382119117798199003391981204718972405651201696358470292667
566 35704844092724226741071540244704054303675792890183847454134888590360114572612339096412572000394916630008548953504258606670586842459843216751422438283231400906853484066584727548561015798591234546640286163126022886284692048625454942723140791172219754765437628609761601264938362390014392362239927013825378982608661173394250882618850868771405206885424603810704123714312376285865642832972074910531729660088758408224810907832751109743903202223244711736976134937782392422168833811518543070391068295612806550551242447473858303880005728754790921
567 47904381299209386766356136484168962613865521493763882044764279215861605668444335857440454759949609758965668267772374686795057717509409784033692597655044873784736747287242356217406266458632381772240323505909813096451503141977910872589316330441558925814572411858411428737208425097064803518234485969597871721719054466273097247827417329830449963245413610453065879503164661263481179123215837978173977417330208424195233603711587588460836841582310214248109998574369620368086373757024054176493626057751463196235510326619654433992728086410675757
568 -3545736267811055616784869506158719745643213622406941455237123199973570222560162820550144242567744733031304298157343969225181007579599104133542496114730228647655371168110193810973629822539501746777951910654629814227275340626506929338764479341246217122236959801553147508009767083292319963171185755802691972450998416842669044955187072572902139054603294374261976574892025120395763070430063437057309197235471895632527283049928484952543695061725938036495290910045081177067683533796225411661184998473081388505365375257037013622638138101919183359
569 45649755559491981289028806898495460980421699999761753607360455816504295614466852636267629084101449059437006829856893472728014225639266513721935697377248387058095645179570437703798267101674027150885095883138081414296510293014497053311771879039514160180117077748615648721923855948748080273259049025244324293138392611585857190769490555839916294948681442381683587028076993236153422109932741418698611135473836818567656269988748741537450982501955806735758680964866092820706994938403851613836802949479593917183202360241638868272927063757278758173
570 -351720885824779797465798992200400413003606792537400139247624089493532118049028457909216824322578757284664698426197177153004165596465658516470708218141497814731385091449542656307431622090782779777974711630766834736403895227906331991386588559973733992633475603363300238555776180424455215520160759875290423825078037640619452651778454045343026447456478908115004808537732449866837195508656046245085035042313314511388331288468685122129312882103446593760850016484256985169091211984920205382321872922613842698049359566344778668951717045298113205511
571 1232933901106073015734856323284909478541000142148662487224918129539252095155703358431081686556207898944581700675430005062062656866984289631001879707823272704626435694275204590398479870760340368560038469844383104623078272390173031017451895463620044057356305521644588776788093382199359413197790532268233168221185234437410111350287898708204933452423016108535851299505213087334073480362803289478762237542205449236044348334287512262593677419508019983417522132459056532094061052786374012712102444641421265354815995474951056633442298299449366929613
572 11124374408280225224553106819900623567800942246787220999482269204304845906426959843855277649753312228627066507161264215042364890840639032357730533831650702285260334081304257443997222022048569432201186768613873632111026687407240677984731954765534722335452059332498651773562957355032296378362322182605391350535011855923974215616194217941110659437798782929038591728180055972095472984685602264282530574343366319739322413894919214775134062083737356715686372966080577646069133812367653205719352825031315775538495594341918958128409427237963108587841
573 -254679673126731129728098323287556602489070235064140268911245197994005301996146946478074331745056785604303329352298204996752696465089770796101625141684816088696929534870048393872079408909798710275305264740508587512604960906059547567014071008624716943890962332072656009702735970857140020039192572389222400764141387703552005059846502822468607342443034078684858818385078332565506743637040157610633844637951533237307425163272194018629597446711901546051703754618258894670777049361182127356489846033976003651937026939196701305022092684749230232912307
574 2659834840292912916249820747777361808705188599344653341395785115797931616635026128459288880310067777772502791711279509392025395904107545493394149610173736633979825903084854627783735171675076637233033911019666721712123360823069301349269426084898329762240741592637174557658388947774014132352064507925113330745736927543097404193510760404020051295911849660365014907654058058290698399308110024074384435247690059384381923126910361601982792900119883650337533892797325827459573707984158606502389153369420437834080020485056294322307344414423602878414689
575 -16619039758635681065200912640555899353417925805036507100111510274381579670278114556148773063257536889821571530711743647973744442497981809020289371915752958001976962782366413396948583916554942601203054203121197361103900324370180387794073070025587894084577323977787622989097892908005494707327743503317911467823154153261109403093252095199453860114978032019986617302864971170236342055527429738288302761305208056735844552103144607162413934007745141353963886955093280093412140697868255845122245032909053715256524365329454379289408384937499815240638523
576 17734853819380945455983914747517019075324700654995562376148753579430684884685909363038258530950445006829212362913758769299157577270870803003938549189198254633174721675789640454859666520884228823666188269125544181609182251226750083724960081474468246062574512336713482806798274924425029087142788993380714440863618174204309794205391106955592814219629351156126662531971921198337774576532398127622903908334560816800149132124459599772965636784813660772415842741912601394605980785191034378468487391196801095898876482109259315236114314328396506786705969
577 1091512154013830896801674940969453868621845409243906189666367920633259895647141509569423989095809835326577555143546537206548108886051849290601482767875370569170755350066930991934623706017772576975430870297673184462902511054785718142262558926502796070444253698544021005084008011587807512543340970050119984527760789057872689924691813955035312015460923075017959152413633056310817470940075848971999838904353823158418815633103584393649046273632285518240775107526311198887537094343832083506213213995485437789933520063901716106416219787128391996638736493
578 -16670635645615484731860000098076027721638075887122011425932616383040072137411233639036669632197915401379706588195053199311689691686296795655023302151343833614660368927880637883112418177346150809908719413270142758059982769872990410421853503361025472610714422422744153742008427368786045009906930599233670155668918026304355288465007509452925010622385336000942725405206870640526882775606055682352503050130498698534929098083524544076711466389517763694566299959841626881830807270966123143461298203629773819746860905256095157666847845851898199764786674631
579 144829731353061166701658938521169879729339771436637472545533263099189475948902758012636730948707917963125781413458312844837440877441398947559898592966266295282700373517605783749966101677635381631076561513740140977519509785978683488452869304082330385857267551844124597894727080305266353832304280198524912680382940828606328261205098974870341379490723424280064285716874933710393110689282031965267810761999231219790945232048212613364680393905385652047946313618579555319806393671347228277855516873225328695364742005527697487946797613462114288890818849517
580 -679028897489499281820729611293966919589234133717504431047721718408359160966542715273267876900078663871048966649866845304375119864419722796781269743333745948018948154624856445902205145447657747971353988614771606427543310330754019965010481493440577242734864764656110191786150287301665105215033369691463499750285910309246034188540125044363124548729624271839461231584387899666971962572636629387335178591269323908839598128234814163542635666986713256954024274683319279069407490127541721828575422697065838341834452629933105799922363609015666684200312813351
581 -2188850721591213251758021031000246842953882222633003147045663216078341575684341496629097755273034548977151495695532665994296139005555945541873168843549064812167812231601009035511539597856582400817832742283817863582430517539833363669185177356219566439937951518979923372984568421747997790794014147741821224533755410000798428026023797293910486181297461734304940510152176384711842838798033063456611341280682062660231620640926251771145807879572928987184510961026583710677477806309523009370601590536900388116664684581228710679073338870456178809463996121627
582 85283330412178146765094009196659669254367613741901709866147203982649071817070717075149140996051153216173991893284841294725948762044055665468250379357366516084695457040122208925658197079623267701157639793405455986250825932741690941732165959320977658994100804502619441777660261319238675403572731436309240931468003606595874435030488670875729497213016779089372328407361998647374099398194546158807402575361241827523167079474343430490267659569775395801974406531208513690619861202130480816077254495694770193213561041395353261567564612266824975894511238456201
583 -1014511792635815416226919403101106393569089744723162306208599738926596779804558757899986093044612158922745342815001129036023857942936251085467033027653510161654505957178070461100143401219151278095228044665588129760829120640622761543015451920658690938570000993361121561857823943964146708116852702991510700305256218816712286892185277636892735774759787068211840542895480652730769782351690069509012029730207413451523485855685564220368059335998887577584455299840283374143753566479113010433236994166355169300586677386010413827997830662991589926896753467061907
584 7294198570231916330549354252961038733005841179708228006839440386768997054605107395706563297006120362011490769030204071379115311667705870174505027535796921440279450688102297871611456539970575043118380288046626881713199535886699084749478540144935350348687067309385163883075122946457381272835214188457624470575589738207822611802268110466707115447806312627086777742299002710240658071065452269913920375963053511296291945879924773286800644424012624667016241373260211568028022686221149319271694048308193664348524458673492214367989362986751020494723621597934009
585 -20102451365259301257039186773866036527176385433726822335046060194015398872367751805493648310855375991454973555464479596551169599329882508321023553341435915619565630738648616421418176765546324080532121223224786623076624214269897499952036081748304966811818068803970750331829164503780755562811083776562710058191313595454779546634492120886852072311052249686963901264621436363958954266730242531429633865496966204228534310014860778444788582732074901554529585620444238666420086839063634232973430995797171347289760992856902625646121494561851849662808077772379467
586 -307095830689061176420474475048742826489224436777302844776009776115327192025988084582039208952995155786603014487317109313407787032427775068273122747704462111211250935674483854102210499824832609235107505592199498352401669826424619378714037541519273554269209402846158854709810584131422556634452322291500606600612895219225615889692445296389027852582714746167511778478448955683410572813747420631253551139397164249884746739880824673502880680225058176116688939089066960768693920657027454841208468279672326766321915948569929297807033270682783748676049278952302319
587 5908357749641765607579001612274916121866835227063821960437681839003420993736802229669009307113974789104848732413336366598232402838057320909334402518690826007038160088445916863043310085851233276823620078790830466736393837757496921954958268628117035952862821060322473804240794807143545686816365971263811276567925360541756771310754236479938395159541402102035372313147723608902978970592671163516332573193728768956193395554991173659290384627850119888691106710622618431467106719599980663132701950351908170941454301509712235954958006571789441873040786825515330437
588 -57758151837910010443029764987676236771614768705249534909786410644398527927910288125746297021254761352823677718704096868814476739925060327146281180139218085709821608074415089038615709028612362493071618786033575698971875985833705641315068072325457429788503398801291340583044695238417426208507423493127018849243829287685702872474396461024536205775771569208356789836843614409081521358625204488715738380682522035182219842920872659516580976894227493161965827516566406016348105166900014781917563018170325988060551654548807214604733022166592514623934386502390187639
589 330413460146903753616045539470811839601285767735503850987180363559752573051690347263748881916952083326882492927119574244254073023452422270490053921696494575783265322401589693180073872490775558666891696368631691454287349301694034693126788892547462954329457836086756036257963671532521133811720346238831749711626707950192143766505779590945459788194148521336775222293593242938201557543793443916837869553461770019384934048082960132142636368680772450190510390364612674156289658530911983994129185591851813944520478399922549576794371628730906144060518187326815653813
590 40621771059083121408324606514206424923570486039542371627709407263478733087984017078168892851466381064206737546294378892515822733056196466969933069335111095599219119602749574110746422325730493356684302227145517679033349899989664688008232150322887545559239935324514608259145071883974327004091846816307376734858478022702864404808776617631103120208402887787738493745948661565343976806678187570742914905335695293386687641177373764021527260828600566799641134921214491782644373107171768122167400938822756771687951496341742319993612953081869499311773961068424041929
591 -27195127628216550403809123145549346338639718990967444728932277948951535012153521248195514298743705427209930046447265307165129960067379909455936473322064167610888097284529065249750233644302688118151347345031730065803731372205169454122972237559199396795703623673250617823811545262437761670791303146085143447024072382947829076986553179058089040218999499537304054451378099573087169499362886109051513783759779517517581977408852837983037778689481246398794958262946607269878945735503461092681684081160164051432055945947276854835052052453558982880723558561221158394227
592 376494385675283872227624765777156092602644951680477736737583871379552938538942663459716334572526608860457939925376568396240496836675076467822543836358831646018793896597047204490400466737754720354636045197494559241007438646761716351713273971685981551346545214904294210603312010791663306221999142263762912988698596322411437449701562477674462809495939355638795812700178940934615731622510312023075417574416017574719565688988444344268743670744015177184868206295588696767091127484058341501209824830236583110596724162565311406330809073106159970262722825156840836272041
593 -3065922379607930407852800095704241141928304655571960887458609873781748367197264019815295832650452575617497133019953633081464208853376178128014484883245194539910098142293156293543723297654477324968689475281943282836522882509745413355710744144682593582457436311982747028089597297669300261541851570985648133891991035459334890604287194109792887468772305865570401157985155231061330294120286683802013929642552223403932767923627706889762515405983385544536853884307381465037880486857093363556084248694856996870243620286464488215852775950420207670200378399763602103454267
594 12472351079848842884929366439404061695941257880731384344502382634667222577960156005979327114445695052463036221942637031555131097396605705864089455984142320536387783077944841916485261022000734366952365103872741837648631412849385021839746187982369001245343938262668434601628564879123808210512773442153791481213681402335586488028069928319252231141655975102437509253151098225832015795326171190702548907126625813595305307214411727864588125743542178754891901936966407512574507669662092019211281079057927069516438590415683436157432822919094611452487313459251917234063249
595 72916510683305220779859121113305646821961980540737849255671519559606938737048565140203814101948666183173444263713108873583199440620033006460451466845691959484592969193311301055907852701420326548526725341528864089495528610541489978958495430417000023640332038459714447853294122118439760475352727632828275664765711810136494861077938391211681177021857304650668699780349024096659665428770357753133619479211471510549178390439646082935508083311228223449483425123148968004924569042170559348643542832321296313629221499122642488317904877578931031008807730272901773636548837
596 -2023448372550305167445928182385626413029376985368024034006935892818774041215477870746124859125668115216475129324539087917344171822879380857978965914799547750909882765459369534355322913977227944202434888675120304734038893278136034631147843897259800001735263130712168528085226740176535016979108444435034102323284770686994946640105871485414231055297490989404899873947106927053980466971236012839006251748724167008768507770685190979246916506814080231563866960798545448674591741739336812943925993456123658892802237884449239537843251977003253215717239665715998088730287071
597 22380566949045231142250337609783605417100055316674358958653805266606333037317232401833524924119426148614157884701239165831970396524820352698821993942546064797140274351779191350151430437544719927994386545519278984885855440462582699736068121459946372316001250906758426539787282113639346306533939782013544126219534408523988675370889526207947980701647679943925165996088720308240846722423720237440704073040775038537476631207474264219544686869190047924174632938707989137928135601492137919594205853372779792309146794907588977859363691451577848639233270245298254093423173453
598 -149464355925867369019041398206155395392582584646443141048614853413251114235800925625165075704274062337670013821164358168719743019359652742672132455887433153719129130657848548197829474837929409666895332189078318545135995547100145662520075213169919388396846352138208488626720962138670978375080973365641802270760982596101508612581578946042463953482709904890872814747984591005752046725260594995334137030520113222480509546873731856471161966486930888537798817259785871012405069448773555416973353263707967692340332308321434029361315315704288796218494239883262268743051935631
599 283504600383180649926600742492022066114582270093613241790687685825230461950576271397765059939116812858118400047642902095679767412335102708811538983188182614187749167066049943576139379536241451084343643457608896692950846391803707646666218339982492092420569416745209616465850456336734156117981141986218544496127045037805854507297561505643801873902222088556785461322757547499037472315752203363712498064626147149780523752624724912305791036155453243871087375292810718011243015838780146442041681414729741935559709245895857075134074288277609567109183351840074976157707571637
600 8087028620156718264159192712058802199773254398202832397621087527902454901700149720838043385889415678366353937749458479848282827737061707598784173552857517514138535796447169599598394794684224019567297843252162643267679601138413254017599110216905591148267029831259120408051708639878666435470945264109848901474463767255086594841629331767084924611346448926220525888350075294738319188207551431492823156228035400915008225866675624823573722577426834878697884447003095785607452499519231207772114572281260604541236486204631470621052442290470261133666933923739075748183282047321
601 -135785551526314969880330337239970349519621422947738051235364748492353712170192407323667579093257314770409896145172873442575648043622443410509760919749635814750771492950069135281547760765139264336263446235407464377861597885868348016765744512923738909208508037936629518882774984236751323929686270038093285578596901190634849391904886132524041986385737884607395472972665392191018275995155903240510321600530899031424083866862187042228177260843515745298365484685987386604081341666728072478745959715835863522636247109231456722629036792310426217479047117969736169611131175712363
602 1244475512665404153050445396491133969287801198638827018369635759750185372669752302508669433687160525840644761952575391188404886092746587453486356413604264549481278588308739177411531412588282384318859593604249012654403618794363761103102626541957517760296519538273420709365103231616689483219466528558396918695554125664345200943247491710541595017022189550579205315155490404733202011341279894643386763537083182423754800025326654200907695364540703231460513137376179313470658648637956711231740463189500947615896823578612222146627804902291028171272574316367147879142690185972689
603 -6435360892032043717905746434668179153770505446840091101505326702538045954631357295565170255490268091868499480044726962197930093665573263534950381623236610991327540762485853930318864560615648257166193813449538774533475986181769354180036903386919160339557544099084789619582478846855164543211927325723685238799925768391170452945594230100740170686128514171778794871792766782564927136127464315983247982256404319600475662381505132709146085546899528596008189627674683695923941859132560470476432803423322008945847883534830111095375696439176941661105815485177693389777593982656763
604 -10431134519389933983463600591716889149696740558604044058540418275789155827394846243825573355047114571937292571663573375799504820963967875096047303170225530072610566027517511392399404833229974243219697462737903021342312330739669827886221093386569843272526021103529421998658229879863928224687961093272293995747561191225364749598022948075667861442951835705646179661877137228791395808348479703966270755899844241533890201617072334388728464721254358868775511682206623644231887309752548496044803451596938170310440464303008202469375493840423495142449369141412499002957782291929159
605 664357902121276717964483740719489558155584809887452633864272157674123749568395310335058535940086278733296788699812196131791303645469445284567568244132200117565591359441036224671886101867408338693849178903298532646602554595808643204860161908768000188970701506052432827401142921966887436430227030674577556717197576189317520270366965234335667720164555372444170714055991357100256368894606377537915279822012995338759808731071938831027120794658641863266924560269020677485068304789395995008263795701459563836920471006801414085655010314128393590428533456230437960803081474667113957
606 -8437265822303400589602776460452957384296739674773911347154188089519109854824178175855117838852378236598064363197919359164797503703573146267578981186004850820361728198705975427998319147265207753202841736692468451529797242403549449584841710746108879363486054584025859013540426759637057142427677823191071194178139150344729377199057831269138266583186660914564005207058193714227751733383049822084661703629182376116486687128842932629877420437835240549919784470819363515275037773201968762953060551667859649860985929618293463894762300481600102482507133028572225835601031438326318311
607 64282654344065002648896096681489480841896880109966322000741725484934866856712933416122747030648863131493753043525677295933628578082945856773242636076261942258604182323942475683072559725985753958066813023688828993964776438840400624229670054879387018152156255056925690689936540103900474624627001329128108040521385165341563877362656896527647147048479786449663627220220447532637247270396418506250220276504048589459861788405563626768131586526163471011845678559308458836776723571238752159427603800279338509618949533275563954127413375913826860378032759922722988349367414410576374493
608 -217687187622180245296439619581876897658967181345349848564140990870746681742393592159283985873988789033939072691547743462814956981019547525782436842073446561219369269577558010455008533304600048083369144213471357833222888840388108710854036981128949658854032558139974845006710342110062757094520768973550112477307587070378688878956489573984366936240581290366142882080323543180046716870199789165279638654084925189040608472839126475829677281603298713804994742246642307286691030941477665137452980905182842233137278110419168370596336744223129875120274953934199366426556773275387975551
609 -2141165568150813150800894338377368055139590864852745942367191314180377139894027986968802553540892674619530468173741975269745848275413176362474143303526386820521875850496795268880931404128669093372649564878300393820192254881643412689266738501961758457092776581628493066914178747771514526973468830550702306937862867271964081065669984768707211599575398939728473652888836990272766452122007271853346038837237401273096237756817486485850859854753055292295769232456620415777737773371247988026354356732448440079619463171921796268172883491863803769876543712808201186138215082235947631363
610 47448766743696654734170741724132545391679964547244575482201633247255817382168297279731725587269446711317871865883431877018420232422606818273713676206303145976783737071903363500357779472025476879811711667461771462135396622992378713169684164078424429589875930510322490051568627394178074029428951974850838488212494417543738394403391376049690059244184382342382282393263403203934828865131237474868163126611238181690484876068063474225573339843934918141779090642780991247343442888644312738809809249616417962653029199146312453235705091222824688072474687929137532137685273715351166277449
611 -490069333543462846020306214704681834161383375314106916468485157564441045087976640881913134080287924434958013242785475496597423907518398843178289098077282863184621968022915678493145351269713640452571504819114695536507142855325844897028762473713985754773934535223646254000134259147488885234568729196727220475109148084428278149958155210155541612838050950616446444662056440777886157148682100575148055303455141380771910994826111534123192779492781996782609688513165382114540880106938764405320492417002083831631280156334263302255161303777517463965685665526827274936162805175844464195907
612 3019630646160540016458600953682439984604595482416302792048780921555775018941740908071303939436702339564107674796723417455535061105593864001772202109960603749417170060092239186017804233308396257505760312368837318290756002353562874424170822249241952747621640730647706827588549211433699162891943404540932475049247596978625802125186210657279207961512586650986704912330855473224808983114172496986494331892092566207204393084503128179132666260012290085770119013785757292190864352960192855414876677932931090930354220574854282175775161957903316973552736115693045870095858495104111159298761
613 -2669823885566916208493221449687420831505929802301737952625535914605609543507402708539377100922806615557331597160343420831484674016910047642379007907161376409730425351442068510369729925814541435650643529273596131794364010055679211629883817551933760457753899221752799556373750012240063673727047730312825045514305494817107755842647406047783377740406117287607429606502461634451832394227904324540117056515687005378369226001681691992967395484199914556197340803259307005013488516875232310561642965630268544532829195224366710562221026034050652227678703706208718689218942328962565675068267
614 -206110648861867450008024016371816600575509830150027312834453326981840311237628754961987199228019290471867984708925657956547837166434340261836415408983320326518295248221029024971853140577326506094541211212883627112258153605449417582178784035666312228276107488780604811700600633956566697425120192360099011513001680814916893586354529008620540631559519647728227482023156473005061391196430653985668860944709854269991491922038031972163472162986527651498222956749922664318573488962269711492633504188436830286910344321738941788401223496634496380609588046633541946720134061379564521742570311
615 3093720784129754554049365520855786873027613624162588309082076721312400569195893270888775614972490041239626575024939035509921541388805529464168755207723488573688655489049791116505972162453897993464638571066762531389267986278043251732537169978851218071614755646455271951210908147370379152490934734730135409203069825180398807111286202077191304563554307585503462796017184807458923689302808598505764025049489190324772109915771231598772850161803684170670076236948310044439744274671189768252787412861847202535638935957341994796594324337563109231267281130665535581544287277535292488387078877
616 -26592941331808626401375945884427892375554143878682150410743167886940411790048924956201644190850594932510356788699606467386980469295847129976932035384832859344706166398010093506915103833218613569559571880005110030787236056590058226307514515281745323860284430101680516282236830173430679345111579900634938881479903191158342163892385787214642354199685113530511241811549683880585325984116021556439855037695382892631494777789665856166020093229087902873594832543617291298629378947128328304558453601480828444523249746131599253864465229576040834777318469760938966771919552976479165624654264551
617 122022055587455256600490884297309343414749353057499719543068569381200086138322283509926371942895742138462401858518745375348136957525764156083232853092301628606142926275121238946172338006206069794011996771942583171523694951592317242473806461063806787316818717083315076477794346810364361276805356123461061715651882838096805798583502888998221334718083885711563351234192206228440442444439191152295060931586833085949318779210843280923075533499447891346226579482906873244735064421832976162387176686815031793238955532757330720187457416502793526775801640360017665009538188261672253483674522133
618 439422161210470346097750261836616385585878775703907986197265335665763257960109285710877748344300362915009682664867170697180208636074646715594727629611238333878806361266584506013972963861921281205434036880030004597336781300530527704648789698087141522267305251923157887820348319259784206813535734851721398968413143265065870769085854137599495391650890398626955053729300649986317851904622037291420353663111341162886931652399536072720074391628774541685363660692142464022434581876043150079066743137006927412186139415955274916972507245388639209857712277070901642597909825681793424360696567729
619 -15972979274039281187323143705736428390761628751478661219320618856697021692065001764750623379287366769163967182942230943461801056749768506198393019298751663113025106927853619508937768988584480190198109042009447651865865912658536333737958111049817683141061949222450245087938907343488422567655875945567619878869715127797989222068217891898735783203164914267176083565140694411107938213166387162895453521223389406857805244155192210537843017263018370002563183923503862759414965923074687728709580644094402653208031117049071248712263436895192130090876778858523529950777965136112395406138974988763
620 187659982005154117784799922647392154161571494998596802271061295893241648000757996908814244473412867806563938101306677932890285780101512801842463148341482474232992091769399646467774672152191111507927624605380270213348885231768531768898480782404649822331631665628578954902706197703665682193752232118233345826692458958376128648262214179774458541858281184172595796925215668907409771343698947903731536573086083889443085767177669840375790242366862023822774769299787055613971852511905698856725490000105434038448724315056958151141859580271898376958807461505541943254693425287062302737790560845321
621 -1333328997583810587230127710794968187081384424528772964608702649069741167292539276505246078362641236017137374001580064488926032837070836090570775795169816860181651148353488983199047191182620779168993512830247282450603953390443784089849770124371219441325609642635199711964670632720920627958338413003100939339931265629819753663934618062711203590343999413504413692325270359327358064353985200294563154633229143995123971230165088637364644739652076460793373627291278190961937651506760606676981955555221159824859080988862878059909079721054722971593970250452030074731055046073067194392342171540043
622 3494372582155389122306521231630054720801625046951435768620712411952339845302863149786423560017180990967773987665179776032763789059291656610731909817299043263993807116030848303439429792122699553719614120006914807242808634921893422722439828262000031078565569905351560206981596869714023622193206586403119933953648839019387059465285275306863838996903017834354141625038986618732493443724257689848373306882081079464897274260783952408203359420153885993527136290467112870635537991716086640073842831139261751861725807358937801415077575778510445897247030241551738316848117161372144559718199031565449
623 58676875307078154831298105720708064964333457317232688257815457094800935985690138831494538059011033717246672693719372709380900566091132441313197413762920609187754373740053103186210501878746222215667450128802473614468271430490230440178289697770410525002240293079625924699637641658140027037783555612032181266955405196168854101177677635309416836859671826290479387995905835019399390658768723848505158042859771398922344100476429425100729052159950330186110546899909719545636574994127474442734006667735646994453849670074907656684792349786923628639027816709406854258936929184477081160508264537212877
624 -1101189079489436137998463761511586670700569219386133854093162732803478994914060772088783185567399697987743177949540514240307787914942873433372615631526803409039131119456089727196090970776690505105751230348802138161084815910072898527272007606822064788563609842165898032704396813106948530442098249105131834209327377533781362636696210251408310704288304717615814591749828881219497747755354053818133932279459151237806840741101981097225721219386606104153311269845621937931419564466389381682200563675235251429640629892503398322235551815177170706784460880311469442896420449002701322221027814011667679
625 10649633980825464277376092187434296100890162605568188013607666995410487422048291657832692528639124909080632779649168301483812664237185875710461178222476149163418492541983754046882351728208691142466379719799970919482210975659705078014853299474441348066117168010693122986457964810361396270830298745199893426296203258296238882160301586292590505250575925066433515814778134308259260327861407707470007655416229198826707413612732177873334277298948140626295020987455060740549363277711141784236131680485162345158871243060173496567353375448509438531087613491265284814430544130765088731983028465831627997
626 -59968433262491375354315907800990213066859754258364306182927625751037135705805264773122406759168827813403847714531151577353349043677529520929287574415301551005796515039590114261979709923957307010522476601866521843549857635145258794654798973481373184087629440862050573404525818328489953703387301470816893263911361840288731911428016832678911959112089094550080123246219077049050811219967538687308495658038392920055339353203404617694530168527063875560243284059601487447100423288630381308471865658130389510481339876833033620041401964916551976322007413037120393214434568400386179474928371315432063991
627 -20948025703427916694020702285620402286791605137087164650876325919670125919472669387884758272065390553728177983317872342218259978269375451182080540430216011013334799842947745357225816519567848466499958398566189150683390427757337982897177917616317259840627805444724262175117173811554787611767449763192717488348187415153335110359228737790888496894020917901069970479989096041709724986094628114023533155017032210221884836439830788674683067104719216628142074754449131534707813345025754940863837437100868627152715863888108615093064244966911529874260746220308558328750827791960787974574642440869913027
628 5126848237047737755093284039177244558150915037763344709478963210770973284287231058289812010819813079463555878395880775686117125588393240181009844566252614575821141204435917179420212826105688422267565391349765742360460247804005293448594418487227333305540480972179080888115923139807827661499879079910448495013035554653683762022926465806904312121784803007815518065894519269856019145803945456771299108741895201376709229280042356209630529701753816981175849081620195060967720361507491180928952527204700833404148093132105758127691046426313477576726879261965427618991833289605325831584126878101897206009
629 -69916166938090641364908546535629082725180698859848654877934713189970177733547638406351208981927640994264029001510768402999585525315934301311462757597335571014311881227443642683055516466546066384592082164618069264559068289196009028313138977378332931028565622832965178251620038730507764058044577638256763013011339331851038421044422306192182883872453811420772640276611893072628616420915092301889684485267479644086533108194722916166570547874808371467706243867207831850317081155174895255637250979692954910562551259540002638665436691712112094449168447233560117507495937452659281457871459094061580431163
630 563197741598563382939734711489601239916435242384559010671592242418693926209536073119166021790514919451915655142518304376922449029631656149572548397654095237787814547482849648224128759666081174536084183936658593274422296310110146008214262062244844822447226348315495827808693401917266242055537571223006560939741745003840197172524310386145992651338712192600501813345528390108898775082212127987157008069576995353052716878323677728767176696381489353467893017115051471434028617748894583320073214909577665282648372390452255489645519819095737410314800265653522697889278650388880823120553091698953875296009
631 -2229716014386529069195278150106128551602691390142578243817940314779081275971159075840306270737201370171261122614651880941311241473370028901249207295913009410068929259684446676613021256837928745518167013269144523367652582536445130829326895945342759886859665280078423669256551370716672889790336552658721190855046148826848934594487725057418053321307217396787047501343119171679431730660628559513657329681187152759536897750208870525939046133800410336583739071133984869560186660843198525422786317959218042298775745158882483033738448105913716923286961430759099441853667906766792021924415989980815878666707
632 -14260805477540672712986246117090836283387969484619290895930270867490756057515022528840890721837838925820455609799020957235697077353770089236953149854081629726267702317199981016823890762522522987024097796368219620185793419018033762170342482685125914395701439333740900536190119236896816652521355760546723273136058904714802859565241381094375768249537561403382616811281566798915811295820688570552716062001184652915022968034520380496373292635513162849844074778186907497937827624068838955660895005999228630690396143456462861849189182742620594534490865947177612072560018209647070304614002962784544758982559
633 378931023249356812338509617965908298136307845394768233101070718010793629660658637963591587050911106638247340578178976045315414986799554781282952419510331730217552800362303972646749749744070309598253863718181951770468608701731664498147894196279213669269692303871309096099168484691177997040112409590543925021628668804788793910795614022781536981419513294890901592818221109266747546198292056317316261193152026741930230849235788155040573724091898486550933353500704875853423651936915306246519704394046423865707636920003169541974278157376331642061646218823639691254798448100006935753952905892970673506038013
634 -4142827265209441682018443854864893050944956320796572027801162996303686105595982952765685075931080064349035566584727149390140496187361969904242410930273894628397637428140028539036169616959289158513031422204983464491729123300489936027473201949822567411478634641348495923145016122965032261080868039666723194739273927356645051486231440471100012098843470208225456553307784611821219515916061413079885740182144272914330503325328443088182979793330697081157714288844221770039446704301141082505925417465401597526819230105645751959131735855362504425995619011210779622547417078170055988706284990091272709432027431
635 27314075470543738581082033242788033044479151920386212330604349960286147102495874847665041685930310567227886691395551452974849353849156363412966951200387300962304851200180629418646552706374895403235570794380896272360287950520663869507215174421692777684763747629400696674952155043881175212739996076123144019480641639196734863312501005930675639347157345879494330096323289383934972506580732686235176810962911285885075856663329593133463775817063459874767492021143845863566747701265420960543754658092442122272880268603430302952527245311670604659522346047839698267037390021007640477140666901998433196890524973
636 -47507430969604009278300595344734340298516524614124225488574248353025914899788472988082861428688405777041040204718800686828250074150004667629664026692650487841183353390132634100547941576249482971514636643193456563331338550974917596431117840112401666542797811312450114736373154135694209137320774975432434317947723572711951480079144581229974749010077187387764416126032211869710488252425578104499834750753283540012077958115939469654033536290174970358086692610665132191576401635111726984367259018499363564226740281996971649846712948986874707609965760417287924144914616573701782829609885945591322856442359839
637 -1538497430757096336407639076217190120855695195053610447097533086580924977217267045448678939547666323108612180425638749484153153175255857000261701030718014346733457751050033924175473335681234414250246953191809668232634912264557906350293083719276558973673970737940287140019770417487307173496037712199119616693364221805460853484994921348195947425946891719987783845364648587473351859197057333286577576207089794936541962809584774906610925239150393885232569860787151958228100867049382242039297634357408649384880096980778798811371102310178789601835171641634923460819659594399173232345413478645142584630891437203
638 25318408683106669054783611751506791113779782665308223282180084086761866039463702678613200035978703742521413786764139448955985206852983307286239493924509010111067855387263340639414894472396817841237906644128331419582634050668237485673328211595788595976609071648633370937573269971454054033691486866171929066604578328806439344875177651140273792803616529672420476422344054975765486248702936159393573924492351883839850711668730332847800055160235992326649547264566299502912096093216420438705322263307568476898336123183484443237753920667544663499107547744678712920163832963957341920647809163119899685916376832641
639 -229592322371856554791156258174090915430139172246042661389400740597752558934383394221149510583723818879895337165093830070369475110051627661430150411403944391747583059459680096495465064486269708285163064683847661983605212688520751784330016411015243332674194041053888400723551076864924604101203617745467431421031171937711720004902004060173412907139317161401136198792806920946249477475718004559843495578464051613536806660426783922969419994503026931985258824252439210673413791582339711664870037225897062721192114923701334828349171127984702819953076806457183906795681322424010431289410595517200742799306681230747
640 1165573266712112618871256521222305507757253273626286016971143252313566422327755331965636731473004467417650873236271596739903274898660462241807307205346776627822458883730356826824783148057277003845474416631506080748978582473382359290769319043286823955227142952388121252351850460440852204825394616440038282926201796063032992399338412740706929945257492693659563088334086434982372237990085689650646121753005322530140425532335062802167239905818784322042940207876849849346613580270134366179842507873248221367098089650676786993243920098074913752537600168166074899185879145487525480073982103524896608152667522975009
641 2230199595126347310901485184733151808576500297734827957789627715625076355735933645283932074489606124177629691650548788056661348255938769605905035391759510516783162364951248116460704805996689879616183154696638006386811609069377983462354088038278761302259142481099295016595380208075388905435526935216862209993510408027986420161026972602735254766877487311116425443898082124587860131759226932921876889310769219283379463236206293598880042626619668291220320493007970694649107401540910029958371914525266162784352853159746249788975245180075944694259802039543464650891940503627921551253435668138372530086976762635933
642 -125120860702005437270660232960943594004978351735691936067944596156737373252653626894166925907502415156830158266193656026014743065004097368712302256222707232357848358829255072138292620335476967173135789669797424007592689377472898672523139341231225932151528192155867294313220416365429576754251774968920624588542625645299713048309833847278040544025939935414687639531987923892426666620961074445148724501264909258944035449231996636769513493829506901715252850003007821793379060010984533873448923541124314299342805673268862980968459860885538235754524037824822746785541045129557617237417525218703113697498809029838039
643 1567804960052808735339566210517585581648300964661327175464473169062804420668119897298473467928819940130168186144042151851248287063035469332985778231590439195411107458395886573474899452108618569147372638889072733201854849332331773470247857651293554270807350406336311202113186836308670086368017122747079369407162169454463875204856546422584661654619552983589244423488640648956803922204626214349368584763022582654429871537722980350090130338110844522363113527795450870295309066740053953414565482517101442927793510729479491605693539403692460963658341039534075006903215937044921228082411547349469348614522908773947293
644 -11810543255816154104383015074530894434782063384769116480513439834788151069404972145199332143695065542743175040986699262752768885729943624984957513034859360755139400863887717921321841831243242930823613974147173836058980658576090645333931982944502820947708361248603381403118499299803833099471904727042573792856671460304151098786041075929926292170871773551407989678241918295096157535866403878180574211490503997388323686822707350380226712765579188167288769163395816011502650406849411828483880155747534984973762119584685938653255414224870683460146230475861625872559612269915814675103466956952377512230523019670116471
645 38560989549797541518717907169690777299690782338026308371039294573405864948080948801149471627304137241270319181151011921877732473981999127676431319535218598930411303651132857623451064515470184207356756191956439405771602764373276298694728495730950815926864256799044728168681710078789382692366915625196917711750698846273889025095048862902732489331315641562080844045737614474020610821882970074930911982860917807983495163427796926970693129271851463481397051352459269890653798698397033219329791457357432718296420468652806524486624633784369808438497599613241308661032114077682230494223060137058169160507024106367290837
646 413616687833073903545193124442156505965077546540931076119030873161146864864511317207634461740499853228485191810514160301428890067671957385729996544453048165627691252927663001894269428883846594023052265333358972617358986871160038721085925337841967954711981394386752165129823446854623181595835995982241277372181157131646172261429795484886331315095789003546678297717178541601449999512418848964005967517674536781786383152873765563087685286379303908292965446702245583573509224589159025382479102871278996530689724255393307463324070691983279176002032848497931522982927389896803069869943989322399769659141683836701849529
647 -8886201313460868632997482059910031328225797659713362748116491038149181603127112193994711324942880845892580968014896869749817199788163339373763999065992768206417258516436325707684465883652128364700445878872741337801541918054799999421204068927502265529336964736233856399914341440706070365792957793180393963137830677866504972271020975174111705433966195307918458758313378783258544321908692228498629005851866723189532853809548440534865588569445202499059252058097612847517221843802017815880413701405485887076818571280118708927419659749287346226786882677789405819875219584808225867259640662385538146747483202484762115747
648 90771029961256859247005719426697487709408815100895977763896617574229810164099615092399907606646356972735897404151270099146237969624979013550648726856606053210900842592149569806247569542926354576362263067451060251736995211894859084098586144534042226435357594982428278421872324269658165477119927134337118664669195161381233926549221741166477585066163341342724759733862685992498880731306971180241344340078403258489339370733332756872257529675131562575939076751539303115151480439599382524790559154204100080091698402303836848791384244514974155339852796389767373829738362561442832735266252231428012012196657422060560842569
649 -551399859414366552410995081890590060849611038310132134031528030082932940847196002155874373396803407848703710210624555498704800610936417584064457857987895618396447882825502276832013015718231051076503733251221946707695555648749003052649190748331953012838663345388049725962496605602645166377606744257719617272912445183608505264243075009633986588768510430724628442359423444151299703876887836747780641246175453980963413030370547050107335923060781136547974820560813312866921578109328026772657847434269452751676439283863544210338378025841091591424173370980200177689038487021063829186289310693653135173258545141960573683963
650 383229328503374895258552191393530430320285230843100102788898593406450011348853599052846110510421628091674961395466911123995455035642842927607707254538190436887718755952888661129794246406287335905272801434573258438603798052676187535033460647760693772827782670793717749555180779242378856797655891973576999003130700983274811468569114871008449505893844315449723331827104535975163914904489485841347311982455406343727921933486571126724372840533161364469290285120223751672985310208021278126182749050443166774050461600387372616323926186028158015823411301575135528207801479783789100931307856624736108188320945843519784219809
651 39105022432318846853479999171061174630500698521492924768524242489582745162612617602378373782926314060668577262887258614221448653685965326798738848001669204221048209853262086197166083892345400970374008405686161057358852800174292781477503470728360646254870700465356462851647402009562887809672798458464377233495520313051500980108859763726993753787873942973494918235250297394178150663957418172989382443584440598926383569082565464394616507454601922865498019502161325687552678194742935555735604077108158219421522534346377253616049955524875874297782781425496939229685483437928653934181995471984446327382554043204225921337173
652 -577110957121067082350100462186970249995811161771208509624651360798152964968666575026467985608287056469198929001852502784481494138410045384861287341155693998703088853746992873349697942381288759713523060329298913551049029642505201905865821260588280456039653422874663772535764777996338419147663367428459835546645370845938094986294843290186972938669013554182473491111866911646689276263200049734901900328564510620693484046826471474819976715136071205327166153152119410576289115334767459254741517635436411181374391078606106857546301647259313899523029910296003480180086956003247312199873462680546777339087121999342379505898919
653 4908034531854723238847303396265349546026177333811155230378294390257843334703586414428452539871410211435376788234311240223387170080966665375777065429115291117804026760338761001718971695293208542728805214274176479929169410222284061169612811265518033398490189254485362038471162818513961465245614850194628639770137115774488801147749506446053806469574525019368594840764565608030595714936053621178273900582242602603923314182811217150303706083882945386312787718595244313842111070422994593326720752437501112564139384419923421946899152899750801837937973242651899640139913984868641465586228549854266590601585390567783736761064773
654 -22023151028429769068618746241598994322987696864248708972467371788494614843975332977994299128968467922636804086083150867345739901133764038346741839374064184234146839737229762404471308265836960285745313889484313773252403727401832595228820204418879494406373358887359166791701434358435432409417109239462308664617782346869779726526975883914109810829077548061762812747327635326602885928615969889322315314939371902582790195184659174364615813489270013134297857547252638482820457710042609552111966428033076847322742633851580589701153092009301561977923628936352632285886743447260160379024082052645479670605250216283374814481070311
655 -88114036499552515534998942529042305339036515438215307916428780598104565143872021979378242968030325987869992170134783808081216640073849160061042548285916173566870888460533196130996144480340819171566860494965948056777553124491104703993187815270074196471818193877546743837405962968298384074603861636037431644656823488874369115107324761070823309075999143900317876374985982651245840027055151507685382572571324582079294351893879326968991038053980903276199824995393520869097102888150961346368812836270411334997984170601767554201817605995657001589261630260915256873147568445022101500945024591496833876837454833742390249348379107
656 3006508145062306522311127089383689305325638504514912612447671581570508322610583247782504308819670170376317347864151514450041440696141114612140168456440421621806951431286093952539433443753039640053076944676503263063925183537356079605571782957809023743098263484000465584662708851767416267104791709771209646603077047414451397489856101175583161749117604376023313027131158236240402387188281537190160246805266903515513834966382806325181074848644165126424913261813700145229696962820430332139924143118786278664311335847908983483915713926697005886415089450966080764348212118227649722056746788231378076453193092841811489536198453161
657 -34890409699744883758698656907515665768430874422191988637364285275807353654560168789661113438268116891818778747019112857402185053036356356635317824167689125765190765289457788691708427049393268928208567449730383503450658782797541095048769392200332494458630907020455911028497547126891415317090074048419253154637975961986664592323891043992864256015113146484435664465404091902612523569147013940797978274788767448922468912976373659210510649146584838626485900504708380876817280874408590140346487018337308899467900244553717555061066917340970358261971991891699475984884330174580975085323143072275918333081315498402313155366850083643
658 244934719229162594026570959979459707191759025082921632966873766636146733962626197375079446907371327665765524320176015832448692144571572378830615740557424097318066158540252842269011579128262221972339029982843401871780279287930039155312212257657477903243244970626564966831340259300573075393536802095549019274986251869430679740115232143541092170107517002527384775333216404860127517758258026483241722683575121806132524581127898274930194478788714197525843601115103093319836577692320228712952608671460359236713460712365969647034203319735357998595944807689527090412671948113150669927348849597059693919675551734392141795487942006801
659 -608011004247880988359661115241328016229945947364877140375609714526077948280170126919041938910874214568191990441750373292949434154994823500794223495007431699289097533396451287828720547586222182644323194848350150784010141229216494085513970664295480747635761979251043068078700789369893601954855175422700831059573288593663674483173459279195043471927423074005014667001239713272503378087652004018060746987033538951217941056365911632622132987235546575154196366163654924674038516803930439069803947791535456466743271182671745956139228731338046297172201135303860692737929156458620003740606682906317662513468110782448872137544953292187
660 -11256841921567814914231059064609103905636231948942842515586593996563334799779385509084320366565622471994078942506242057232342550581361532138759659970475742336516647913263535753721758494330305054784832818510397513431058604156439580537726404095316414621361112560942368720087701192592895932236771131856138264934798033033075344100643007195989601676796690394337797037450096267649592179474558840616473325758302764002961571443882897352364072323768177111964127526353002284091853160925321657328659833306145922893150981318641169914899665279566114910764012627865506870903849193898853412046379101740267669017119210370544945438078788115359
661 206264200735845664533493385512217274813295925954333137701662870751995563599064887008676883143398449640940941071499215425598867039139262196431789500020386262394066620631228527433588650042176480542044138590950208913850219873959906198187239187301174469967456366299242796870762185514110173732660507953742196367854869011002306652207261452885920488445402833980121162279628440873557279916413095346563776830393633731062162352641088981934343642368920357619577967654591773780245834631422026817274921575489327676848095413042227383254203586407602476430296637496134004784952135368199419722399396533651568395990917833410159019043331521341837
662 -1973483411486208565658029666759643047242676734052200817561485406371242640938569176841703603230910251017627370378984118881140803591587680426408099994165964543373436571299028296796020698794338384044430653522419130509490522583225195705413742597028065260014082900990516549284384522879226778920374100688378354155972058273121680688241826083070439876363532138908981675103516974826888479764413199774279791473002172079870574320246543064813513485516764151638225812181192189063015705925177119866066490413322086071325973075784630017822228356494552696223048362062953321006380394043581770745483096590646624395848396926689037243281107923782351
663 10934402448917452171786440978737388767965990166181176316671201907172374040598133555238431903982122490747639327618495489717747410805784871385010957890680129359553691178153501050401769509565741194808252073798245696210546329713365530692678620150978684609005968270130616267581846228548803932772646179640193263180455660871432433795475313812522015919699528010532812935208409804800003897803132498681704337798054180871098229943795912400104181533771277611522952191546568752856466733752300161725940447791488448467071413200041924592367574221745254828434926891002011017395105605189249393969517707674490673476839671056759527651425945952993397
664 6394880239389174125556912035481010820449745603938146121612245185138801534605406004047083608306066418809865052844531253225652217259405353401152709416451354979204553422161106443361247044127473405789660087458933018263683172619634149694741576455469191479979273756313214989465635728523146687938605283807617699862672962861849914320518428338136698991498125491714914275957939585959431917029948903106794049243920525547784059303139945120939741381885995437567109261046284796536326034531168805770181463627694629764718589158022036421954480633287967066063330070477242062541183168749693015482565102129372118148421256410679643525233259577851001
665 -971023592789014894931621990671736016487739762549267989987746156736324860442402773441998069656000128478475043600922139605591871407725141441148808519317722265877787765252547243032863964536448625199863312024925440117116777985193004872024454491497736990246986312634992471024115874177210882080003022959878806949823147835550562182940959303829912927126645276904787604769641166675080990937940314066593547303619968908419685773826879263913635108627118063809388991853289860427232182899419721498244267558205274893981775086001083779180785655807656243810033713171392013695669123527941412426695889786105376866345412825588318855912830832665437387
666 13048085353554671675894452628728921809041209785693499646399723238968779418971200100630417930968195189520728505787733088339312441598979546824290173935786988066426766592974926474367536326919187053409661479164320274206861503547272703756351946418994574941654282803700043254994893030322856905799817577081677984561665186134925565366133377163321194161768500137493532710789953389526489288499734954198481670517716997468255717485299957104229066294466562201779450092757570387024239344989239275074305480904457972132680538318545842775362031901939654219277777500189634468002450274535062417065359355970225843192920054914476300276227541278490132081
667 -103963086900450258363942202154772665321732468590347842501430296081483802098572740878252471807917092259957041773062142014420800554245331353425519086110527246456072475765463446415703783717035720658487334566231774970550118353816747653117833976070350458201562064649157029629503638818424641581799344689461546819891641902343417945766369016849558198348564107068919949425616364134543566333855164644090400075747517618924585749117210808991843001909042172193925543563399583640085836097030745467705960215683239851011391771349843432738507041960120033056043994453397768777231605349443128530516100715370484519667243774258026907308561154035778389723
668 400062462078054672619838805835106738980737222510997866044029563061958558379472005822308674426370502664420861197903017309386341492306563958181412649350145061439102943605130100488800491129996403002926150574661827166552208959728419457549410707414399899711474513747353189194313261406373941053275373763677464193320257996413827186914176725513477866740649000068939932495728610226778502469251690657615001691044229244397270439789996799710527573774883235694392254402989976986381072681581624464806760974139567651112618717052098813731619487667516703102081226763731823629331930955631388929122956475390651143712193071034399557771550456342879723801
669 2794976009038009768037282793646879099245578926457923847101017145102740184163495601875332883673350196055163746386198953612640426213066106369771706175170828295212887957517346269580382062778660952846906144140536661004577132620579837363871849583339736803702062584310889965727593548471286830761474138718808184999373474911555885364508397845823603030526516194845311630317912318834655190158877858686261154112343536578602372384408207631715653918539395186661587584884014194529817583949639006912098388513245953079786871121291690287358591965539118655982561800984166472557548496946312227119494796257815047471654917988841115462088631706075126714053
670 -71302319917268758353531987546095660371770019218571323861053936692233651174756904920987543713317777995494943227095924056498862440982331943345474930603344374135628383922917993066156469623848495022128894411600084521490221183259045370546824509382586455834763788689910119944443284171495179819967031337573275987329426020304587730146992089462228027328920041100204416217875439980576977392889900187562560152182186641667661285883092912175140986191581738427999687510807763149265308829629139792181833839527780315153111880005841429040525957276784980517206299833334312130235211112235959364873744398742880537537022681423356559065655649579707360762631
671 770620643728426590193920821983825795939219792980226152076189400646129936045792530717793380431742693213586706153539434042740475321775790235974445352354219395750020343745371386780821055941638581330534238772258086187722359493471467467145225086857298648975226130748195658210532922107618926349199568334355808121905555201225282531190178243522778256593736731710229721515248319584123042759038783693387611162675031571033047685171911894798481690786389586177156135508649108498173327003815756376016610052079181105612046930312134418587202252697840683189709959473605528037253946775893543147288297514679587571084895353261865016892347533066412444806973
672 -5014886459469437093463253099861129185735590969011279394750066398689380025715071345388925374355509065610674600962213408405544633758976476329754561196411589374730142791403544385144664778390471654680555967776975924956553161680180223227607447476108354252214825012884697795858754590599387423973291815174290443683995806365388445356302245748750474649354602181450654785385020938830132257916345235828696146468828133056230219643537485738207682623020910854172422500377131843374895179401586388685697835988256175724305679790552350354465466636957893177470427142621202325994793928737513671416325659102040900326126503523664720174370718520354481840659239
673 7909634468171879506011616018721644958120562688950956903761371959342403118030908564615883423808365583945564141160909835485702237024689289952353201358133362021436082114482868791430068387280757310153762430413249876762522668790809974029244296627493270436379096065786672698273350292908577191965484541570405487429430429800726293385214092392887472975121852007802047589595673986717354271863238513510645769732382202011847106022042490343283356977409978276195276796822956238598010255718521504201090170002049128359899604579416574650709138909928199436084111469225982897119130143888540982403162900296991945725386510870029691243592209344360848923192053
674 293911780529408547404899510762774443378111953045908489972693382713880822662146135707353781657004292072028560953337688192707208685481403853086960595386609010985434837045117058488596192381740536029423614556391736525651179923791452443871851838694256615361352525320302455488096868984775876590715578779991211359923173623935567100171171507780544433243625721643491638421728042175869020701162577959592399246372297454538667979731526639538531433304010878188929004351180561834755009757708984002741458139682045060596972572778544198301903802065224000312511323852539395039054979313667175154892438330264167299987815689828777154116448726082591601031379169
675 -4743466528345978085978865785434293930394954063275752557920182062169642788334510197060589820550434679783039820211372330705018684767014535688968450718718640990074296893145396996296683162957092783929777028295685654756753666832626907964847658160529134713696610384330578415539115820358617546028138485255807391808571981826937810681560571033235726295998881606670693827006034538326278842892837254889688630522891061723333302623113847968984193382513850140666278744424299418940915091643377295142892202689491404323998055932868674667313593042916685701949643192684964912424215438392720856793033424727199224921834043410132205145358331029979616204494759627
676 42559951368221601923825099668881002095315311505641266832448844769704708488835772003863254196062790576953894105776084340834910957977333768677195023958112080385512737167129194316802735443052272200757510225212699551108642564097663267003412598387332213283427254147105697693293426439576096841290643604991058685319107141451031077216531619134167353922603439996473831234520904693753851723556740952400429444754678590095954202539964154937321289413951780481042725320019023628037683030632027794336913462661370942854616191509573111492225200099221221944890618588236329122549944651052561750299581507556610211561155222954155899606224615699645205614806709281
677 -211999650884687497087101072453988264733082189885789157889949781476719007802798903253515412424913734586501104633088298905646077158624969853685247147258046480649136499604586308112085319470195952460667061711757459981120096627132273951126436402881129958735873406722382950430678302115780599627509886652651718011653527036781472423865837730765947360069901937380608611811250429958429536344287130065094800060207916846138895192769198020949327555038591307686833421988103936219677037267496494390452500855876558079994120208665913394547320497276988489646102619266924447756938635211099080647587838890149479346917938532491851761061256725634938590938468563443
678 -470690015207392539579080367927808949639178432551349381029961367817025488174484377421822834301827264245511224374932435753136781516838137784190001765906581079349901806416343986554094561498940993488528728305567628073071714650374029051392234439760642453562623069525733712510433947150794274162454989312083669012469798800771127258906680999450024898135669820769490291489898691583201505459101816987544817972232248608305280519567541305435614346948486901612172021053595486648692513509101389976069938461991482950776015546030481724946309731928092307811771211887140427187657669832013579388381643392736840660306744298463854795449926492800022529937804526319
679 23671329189670162246204629371856856440360611383097967107875911678450785572133224371341164041845936691530837839974077886213271856253967172725676350601731142601134746355318847835088290070335941000600334398336010933272408333787082112477987070545892018092830598621818822106237421109356345425906194858099915166038519808205181224156687991333381077540998368019415899197349448587895701138574541796620543170958279714151470534121747692973306231931533415029513581218355866039000294398176821134104844767113917758473288235879933143727690657636560722649588615904181328543208612044861494635179049664013563839605251657723314608309037782555604234691345238192533
680 -292710311581293904779374640997524578088494744477186968584695710644921219124384869089126976742321670101296839872970743556416209873876147241023907918070480304055661718713433552088446380352926702366304034137247948090407095431439614468083040655730593714012340844518302374254024901569077402050955354491924582184490147931580158351070061796325656362714287223689668187416893948760620535263998808787712832724923762425092002673245009384471424041440468211569865908823640330320606727877528087432284248190757887408232894162113156734103247990338887805983328248421987712620827620284214875218432065053202544476485074611919583520058819784013279012143965096597039
681 2179982791472851364591776926565165627582103574948834962312354018692175960128691260270111177249587747306865003647400453436276713240521108415824487133615522439322845841972235667960854477510888148346262792365253190119644056763248927315793413948850622554393666200375952303441963845978070541804705213641845911002171271354576980100609823875808646146933327497335533316630017233886745498217108219706025964383332995534170068166213829478565784056859440607629576309938270643492855706658068194647631089189474208076808680155166087580240262958951458679160834874782930791766197829036649528239276724145985775045485298193530681337206567891181504205020048263753197
682 -6847300475655677519250421435868626191443738220604655973974084894684215433103314822111462381249830632300930255237170199470914227092729140842495675575752631581492086254465154221714082982883259790021902966981398682106722691668376100184030155133150886077858876260238724272995119891817541115540423057200712592718686014312265763239919271544261552796724493233732358714879588992292343792358174916224630703302451506707143758046050768542168419251843616269776095887193754022607768898157722562858050716853084240670998116787283372124305036547464215768352280929158279381225801399174741819303614127749516479488457467867468324584971667044522131955213354838231511
683 -80152274163691733400884680912420289717581413261953449999063644905343789497190886331036300206961512178865118786546980844586719469047694504013477346171264696448067264543478278434347653487722128005099999288393961174558715718353438751547810051318234107787122262318390020675216182928259059088949367251913304643329102100175168677405114751170739574602208993328659253054317814565259322892881728201043433872020318395290071225065561742419605697145712328645092035096417588174949807193348220659084307077254962402861251408005126740766520454281533260700921385483256280244610178888805390407073699991505186280574441240756515353940531433075341426998176578129797123
684 1671875548871073109981876038902730493922316704454462694483576464805770675137241612591243999343841490647229210478835893908280262664990920297722103752158560333774977320457359150280564897129768273987523709202839903829009411245248737331081425081192024622734799599913330319516547980383667562663268142170991259370555841064271651228882601244564740532218689245711671464369396687861255574145333553954812177678511845648394419649614098061402537579237242549790504823901594510796601567168525128475577273187715724533132930965783606834395112628665436836994530588393248721867768996032442714446700507264366826099106331102010023079810719422487888460620711395572566401
685 -16891107293997526361302519103709387498091614444019182924324224018084434044607933529308893413515892292080111319346950784158394111258434292651936691294461032051509658985177187972340642518812687117918276126910739862856566585008142890571456128369569875021222991829895476384630060450359521951538094159686883895651109136284381959075355692841585779218129568666472397185337132897720941289109656150314591938670536610550816069345778850345635554368320055474907886291373967731283641542865002084811795422868607713053864630407800569697797682406136606368306705082122693327417747581894173956391339396362625163520813270961563261624087233870006075643295802819913879603
686 101128335653067266563915009851371661675778050872581739528790485160310827780255763082475937887233834300996973052033335838475390047864147454165087757668424747721917945300671461748013698688065383613800969844795089466306440644071546446982876745808820022631664221870632556738025477385462458298200769345723449152510417453112266873366152561466842022063820411269516043584366130367074950869201664322062810516786253680956736531203054677649839700074763641185645797524906745009382410451596912848733551696018424565134068451312204227736036951721531159192939414311199845980151608301508103295848466789790089714725499391909183390966067260207592826591166203334385894529
687 -50494425116072953661071327391745285967341581263110632090958640205626252415929523502270368646332067674787022640487362122498510168412840479010145031347059760583983336837637877790520002709056935420615761553157716963993455788961620222283718327236196303066606049517837437999561970492079529521524734737915403830551957134547605847277208574181616508017485687286478806737872158320141144251834184327192847578375969181112757417980163316290158065610992060447894274537763894200709102477099965646427299339577797152937912423067641735704593344476579951196054838251598541485587328467138640492362999446594043029653445279863806562733036855349579214204206351693138111067
688 -7450346702205969604949210548069601226374928559308385767938874857572906511717306445025287996522869140090468453927438956433080254533599551927962166813566816934979465811071957379686776512381433524006754236482897513324325653292452448687263832503662722768282767814222374294998159074228689113804199677071458762991533558269740302247215820916015144896039227011986583748268938538033982334974992298696538996818871602792886170803825362333948849722898006221672134644974905099835999403122360005504943184680725928697403231082676271089849649953059045658429926125619446811596840677764903873419546472331647529601272670143223721784365978664306783246769438140828938876151
689 108150244644763681108388077299162106152423051904764381126644202970717052261442226144039430083463923979829370193383643753196947864850252149889205404012315812809424943375565645055733482767810857783147325318737676602557485805801645409497344786045432518707019025210088612520010388862414699170540007011608249772574647022376224515698833618210254273734885217086649203925664537978281703945715461047371695316595049377335673761264675265326851023588561067716653921713071289564056576059246593615546300153117342824862080700144784840739344930503298447538277768574652642860443930049092670914966005374887283304997145634667668037461570163547568730953885252625299563527717
690 -909956781992526916440915205830814299978761751376649113062391533689594405568399684849026314623815558711997970216984041982878947235671434973715280272230652972650550046508527156900024179347919117517599678342406860922567550324546843547273477065695170671560222281452153819205261872397762607615004558124037374939838028962616110379622839840967504975266798188012890322546711917908081378205726481809257634038037563866324338054635286172435273149766955749750284782511986323652476494355326063321315317131163758989521135082649321368510375614292852506539498578888722666032397841676516002028805803941954703825473622217319769386858287204183568964381950208501352839604559
691 3989573201689428594790094195397804288780438066740313627165857487294576168757387506154553523894398097441884357700525751239523299032093160335738752332171706229209890244991954723602329937144556885395598383675043295923975265160565602985832205564105553757468937768874559787970898302025893183769299419746308253208351246878471840996792885312647823959614690836678971016302206686300871827332449674364230238606305358098027363002001069779796178646492402864357154168283305437758805593321631795094733308361965451644571770051979224381939657700743220333991702588232719451374267805186424840964899473629688852802487156077332234451359137541456011691668905386297120202592517
692 17654361798816581755644813937907691320044445729203564813608420163873038723526351089170898570976531235161458801606045977851433006827394060742049740382348332532576987163061710961297044171842596526340985480355986785577396966011231497255868071396062304772044827228235214957738125611522062120656685621123876653980714547164077999904620801210402653558253055763972548425792590721207712246790690500519629005759858439724373136364693878692625520023728380512717783931333149694025806553515258964477246486073144946605997936428003718244199210927751470305897179770264145607679584806055405252658807463924966089553073560009516136869027115314233572863913996813797384553227489
693 -568385068042349534719460005059543702445848406771295402857153986573385835636800375827720859005585205497847611047178972476920156999961195688229660262811411012547233908765768264792415309391302182994318685854687751698990879608792528416519965823713214847604542919566118059849958301494419085575360541229685573583055293700638220130747749702496024354593271105897064587085653963772792308097811803260336626966458630735957825488895193468709910589991850345066129177070095056348434092045381332224195049427734530656103883011830188959196218630747662567755180855925989513004304623341948838732173541098104881692025598378573383209602388786972675323550100459504039820117373043
694 6516376679063093199247785601373348688823434691705511024918011652685447501952983778293544357529276110620066399384914183160537897310472719127923508138322384141464868504981030071860987165880318124119570355388287407322794531886646614903957131877816711467771191552920350915024608399467795280582666710245780167886625811861402712261057757263267604592519282431959763524926271955346264357894216274145481062672232770128306945058511049490721829799962376247359620553421315520380361432933543815460311639783907736812301793678203350725540497932753665062521153810105660767240524804196651699588569038260673443297340441803656127982454390584306286868082094247347639266215067121
695 -45191805117549974646165860853363617894307476361645288073377873293996823232339526853390975012672903328146429633463999755133624756226314575633540576021211560565989866570589008215764612826609674134914820248683208965372352385020485689073743350856064142914178092170158471657972667857787685115720129821433724877444622596400242332101052492533943384545173874736387173449405065647568314482362531083700006019588035255358807574301846569145457708446996606810420106351296851674512412029191739861887601368922536257229508906395732908560918693938779211130745288041266067952614817862070500975221082898964991081557876900036204008760618861503613694786354762926550736389811638347
696 105768274177250900294311854509679423539271276124135335125067085590400117558220825152861822349987968014224614606414438512080332060691627833347094747628734804991880739516449474874584410067986092550370293609449890635965248190613670021780186821768554282449289717205675352733752529521421961040967027740063516253398498671394937663125135614895388542652366990523108592643152096944414051413335761560754112190270081494879467936419833914711850399199727113550897776955508530918740971478270163089535346457884212821066689581935412555678721729932535920958779842741282783562576879424149800548201173022787252964320622519916183687980412798243831659305150724952054761435073828201
697 2167231310108867774063836184427043006240574650458957227990419316688330944221409756199103647338279316369054143591108492097819948774366346175074696666786221759071141559054606744806596864476687466173095516194123040582114632649989443681299724028403799674884350366679797639452911471940536419342204370384654031903272983634388837201646522959768568932536163342922065838787444510593629583687213561267128147466465201235997366385899567350324967864043566914934324787093569196941033640328159612688382762264735031866305370181209555152270962470275637098100819393340031282418968979618102157315591645642888328619650679274831368871703785826113250157644806640519878818632341430757
698 -38806553946366443021538071664802128292354941620769772189679366266496781021179700357761034628687955323171400947850860979155453969178460291430969286938751529393122898229021558602695234007897841088181506659170851067097472681142560527108192085016921236494935131068336974250309051629985242957302760787590560334049718574734357445197067732237675878966615957119883490136691667314411816569696186474094589584151161375151763392666741995156537476737268699660830094289369307830466978358560324432634163406084154804690060527099456698035887489023202082325556529466607320536340457398738787920059551520411262550696985304006022305749105473448114434801410461232854126085646156828639
699 367333527006558694185744321487511623459125016228698900209495067013907543006943170693162111628885940322113977479385895361241751226609801535611563659270964519898748231603248642675924621125444133246533486270047386590450663601380807037956644593633154496306021437006154731644644031657301577912390890484864815567347467779944188612146743510392038723813703097580410358062757734586154542100880689409828603458804586202028203968313961249073874941633551562723198470243176698391213134172387057924583231869132185285752395925980447190260593053753448826492745523213505063041953980219040347021442716228074414244648444183102902734433931927867411117216877019771712873658032869356053
700 -2001780427290647515475568934925775435028529915823937300202915992422548045210676986981353564839744648033407502031789205283629913217393270621001843067548539800255679826243309278884333389534064647482233574824362664404859470384289559864042189746884928916792829221581416193883888858036203468531189218578501023661913367421275135415056805058209252809986669397196019711538442842423243432765375256272226530518019950432167000841474254577338757444412718095450928075216043030249990574994545468173147911985416692137192165758548913105386016893432423482257318672130213944517214756547572829040226595173980440398309972104131257446449966665630652486922279021929925843258869110194391
701 -1661850769649064966077689641198434636068367790846848781015409716817706849415238422733725276582507828374394245206895465679191483692523000160795752774807736219592178003835451211006952744543121833154424336027615511249474246002265500478235899492539138606087869753183754982775898864028740156236413195774039650470292292335969567930819393915316705952674624810885873759195467906403795892141964897923728323273698979907019728009961494335642934771437607409048936424278080522177449130798329133587341476708895525739606424013486407621544896163954858659700042908158276371114080705866365239486515600553965468137391141776332341837357347068713681336752701700996096936366851937122027
702 184668518334167270103557270138583304219984993906007444213687273257700234824644442264079849130112735222191425774199928811228229668978518687150060086587798460071641811222790590672644438926926251785783866223883422353622566398734121758457572702640888948758154107562728589925507398465433170104760671505413003699978644033812733154326710154633238971412714259786454537316924959735889564826791254538704277231757561276740029110312553799548760812496653375164969871215923731689875493102692087587220449735495094051768295006476144913260589949009410432558352542793027571254319907204794086894053980349229050547602112622986657640797298040755646832781964800665632340232564725247703881
703 -2445811407620484583485458613920071665825999620513888685023530964208817458984195869417458193789764677764231602516372798444987245165402052982772318963023536977830020212423485030103515563938434238608780633108420951743100750023386264801042922289580610235987657734483073288118272424933911075958047834169824773134790036534520766808806216725717079233475337409355329288912313814308345645555580984671167502856254446572571553116681625309311974454052934539123385379843190886704443695561548580062168683922974147284789752138613942351228892410227885599579551754234031241211140016142227157943690409905570775719417590291682062498430915492815574694809059061761368749156566317161954227
704 19273968028133604533621990788788518810025804028619583140680577782385849414387694214689914496888680851997250604020794809034301723903130679390191432664998117996172193855487694642132666493237690586724498062265226668455327851498246647665264021899860912494093325293319930596092390747950652472773020055798484945711571713011276818724506754790959361295861730884111504825801613491916996188831119995969387534454993230794211301702221229283494534935555835600025078881329701356168188244826341080604290081111967787457806815327673320631623467407984635451550682822102420127303744156510923140997606430687400959764341217161606948405088507584152428316054529089977950153457035708169694289
705 -71993043281381662804878094406267648807725094321916178111814927009286562008491499682916092448107772934997160351976504659077491202815902574420595259686942988326559678070915061740061997235589794838852821944150612057165208768434530794357316611284629485781437025776699793063141518270323778157945277195796854380625226690383742264657751295234350303826976260969364205067417298493825654271010227429188968201917813234269769105279471864852871258291283344969869767762290747949367748462963705129304283455230302327837715759300036194833436156612470938048124598040586323568203053783826585689106206586435011126688706320127697899318816497992763610414202977966957469734943757082338426867
706 -548803797662568447656298968884186502241027882260721754422864046522314824788400267495859841701451878484823662127888839775032227182749019882278767939580012486543046310277462215129883563413802547813069721253438159395566172870634081650389407822024331330097846270585996459933866885688111329232840812386305548639862197138455148721736227211392215218245288798603382968349241245152424701721487408768140472159629970931138972038001761095724984884401285684697263223531468622954828910963863604990428486032622479197439255533220614067526769252579057075563924614737727121036249098618576709655017755898236389697822901933990766035544093895856110556533275563336008834353403469727741953959
707 13473693394930545562271150508806759745317724539499756674367695235256602380467034338324557328853456598239415080037400206629194863939389215301248785495535526772648852565270374105701583217504613674471200363603584366915193092160467202857508752842717964317546599136965858188189628039278431798975842731695666518588798958765715049811797946780381156276408665008802011850689818211202482498795326348656076061045640444145878979211392969200941803257606910905711238081716121756839994156399103277146945602420747213770818993855007887225371539366276139062655947222781323283013815267433477334387745678287356244096835848810031812415104642211404141231164265617618133502001339020975859218317
708 -143967400493616319925313154586008374274942820351377785203714756577523932147336163503447717259477531974228360513940913606010842187783276599616363507192287180250110680544250823936582208649170343947450724915783475763575233603835556033736349353869132189681846081298192181418502625250058884280685748187345909894903462859674743178337769621274124320829492572335965770916088057314835007413016907950522928282820273261122202094600801553343357675167032811812239981995519921487025751399191859021335247158812552217518709151458618849139072633517565984655398034921847094815167887720876409550676346237972596509547145863465264085042098403301646343890948312034262971562537293717749780259719
709 924525380164058681949105143877923701403192780743979983520064503337547445183251915957650118497771199527711340109803093224164428947334759308227814228135190109579689259753551216539675818763440259109348445604750091761592063938956412004911147276571946386226771803960600327501517891877892107939656449791573737237057546326964166154832800793640498580882876530292274686745246146477724663377094337879931771205318900036076445539621021391762966259620830780134676800139920603281872311721118631232477482847570462009900474615192265593480096980988154099022497398717712903732228492054003088803480612329722122428386033313926746414142392901798641324600438669844096265499924100541546834581253
710 -1303878583084668012420703420215351649466875407239276042091597498060240084059734095044285448720848791057572707613689085418287045309127524600936108972632217955002288377505944489929912093368221896162747876031594529644672706706314546909366834856388796732463103535742342382304839926539034519534510701674352621087668889293615358810337654612533391221276730633906810532744515087321336631073288057190800065372544417442547247131694676888136989179187904098952610674874935616683468607608987752364486860021013330471655923639004359878698212687098055218809671384296122644796833417012291834617387014248707360584658459998151251098392344104768484049700337979840331383384725937413678780039639
711 -56355200467288549077171016952054905708426135287913186323908480757969474608429705870116402790369274207412382819061617306875459873291502680769646265540268666546943653568566739114386415141397215855692074348361189387106588265007505608396206323549953422425135620375746266401177434822061930388836147671964912411061655981594940293368352981844617739485957804114088616354105048796510092860965016347628989311216645692101226157968532898339160898565287787508579795942467051389825544962203776696942298025612496153491449921359712917409228127352253468347339657011594042362482082628026345203989708536796298473976892055193956847940383056571036636589775822014170115799432537222005850250558323
712 892481875863863969725623709215086474878895752418304818277335712031590159854359237074481804496243749065907505004048753874401144718710303182370086284027852839330032007119298041649196594935461805077163812699643560448406190533499879008844466453707976263976682603794568802038826291988457928698780521485114397278248451103336789590144360353425055515863331744716709573710016410413621808473793273978656836210369194333812903808586425362655101295753269274053330113660301582090279827399079265916280881576904307862334495194115599549417229929349759664352518738692527334492507735809428323322849173509242210786537324309230252658594485723993228227521681034322644073436042446770834406291599129
713 -7922891242872603858520119972378947282063374498947680347902712107872745198407958553892480390054788332038259340139860180790538184646114412281965026442671024554379966404055557747722644895150802096823929357854771936998661005997049953146995427841196676044692157825846478921798337680956397676820388537400293960331320705447139217575823555073905138686036793550081190927643254046255818989981271100769203772026443879540723499911129479579503951638430918311494562723938663583644891491618002084353100819238045763261854123706326320027284389856974014161919168281321053083007002537610965377489535146628176371648088797832616039943471528553013567761670398769808798944282057662505790766272678763
714 38699939832561669605226671438794393326303452285334043822791107435386321970346672347788813541083380741685675207766134220146936514979837921604403521544147355734220755192716532783755578348076959498240748373658484973552062707690948214005090537287156470602198739604582562807773398978922075133940888890704381497204874606505596858956599854468655627538558581682726790397732525960366606791065035940967809708925294158622803979862269990996799814303332135844703177975056790193542302115084808222927791590931693970296460653848506717988093362106521794876166833986757801992115275573662058768136981590188257599712334109536519690597884389936822549509361046643465247659179548924046716342680107121
715 98401780115974013095502799956087496142585092477506894657367352975947221345683676310149068801622889111116026281026276695768068873053320605905632539059195508144592070219298681373156412692111248673470102562454400648860032535135248189415049986636776658180030422289043559392360789606185689404939259857045424740112724651532479963347405474187476985008180209142269928889806454535894059359575720769216864088896903700186489413214787127609809867454019729676437636866251740250150394735611622258710758080407900024806367448768116894943169722550217688138526550280797227939809756246446961089526327422884206115226711340359625038250231766788806592593345352432586503645350297423159689975588411493
716 -4496320594666936317214823820183911438185420689160647953538659586314718698536170105223460539467196758477827763719144246881040460740075619526937923976466582726392364728497770355754082701671404864511355841398995407736481956222464420244533320286612948030324763498473410319605053346025421522893242434673445072193573604462497385783955474594256174218316488031136018595088996810076698730434183251998496245967016456073120401566901658498891103057525858303749043962240180875889503312075634324493902760276060460216416246038167615064597497263520243307679854243785482208751621506273993981108418464199763955209876976748086049674347156245977999758189488754765191718193171786184915932767527863959
717 54879669467930692022651314597705968291064668386681269979777909306234863854723596215465990804710961295737060410929063700843029820558738822126814626060480137206698904347050225663879092283013351188129601823541760495515810478035085047273910951826242395552836453904072544486998852996695893073856887496053354585176139572903124088594829708584926202915393834202143974977065378065834511779353016893266474837369949984108399383545289817556316117778987061857446144788069980499176960915499427452949518250649588489916012736384810979403403681667877103902993011628954913393094191276440381681300144001788666585351720717060461696098096049943074625000079303717340127179164463609421446252807982334997
718 -404029288979918717898195353757850741469822254659244617411101706139854766173626661226065878737577606827407657638727093126274399686832935195538451709081357864065997228164847382606947180735141833805510842298733121796146907798818412319128319569089236518583878134013539803385517802365748659380701695965187779678101540685154242554695930612549179976972447458578952020102051234885441915548307077037109208095268697554597202327127477662493525119611416546663802345345963719551339242143800503753000005289043126213473238305568959144017815260575741694885724236745279937610207014933313138154029610603057582122290354480451421450890431759618051635656014711102897021405254052666542241801108948535639
719 1217888262956265304562435737651891525611478328228520917710175482019545302093048677248428780552842608071058065855060051049697095663764661506764973103132783025062319395754254568996829843471197078645014259043601207477865318749553455974467981629710750122445922388485107353154670516329705908881945223942404829553496727787212098471307856963954397460807122476389239423755580005097430559169768848279205839696360775502564165933838244829189567664614697083397656983423728090224215594622155231244840598390339340869950096462438963846943370658342988562789289361144929892443061486464412613664289805076936586650418735743835089946312276608281011922131313367285614970516870418557843072104046854173933
720 15575257351616518359769747873033673157294100880958661611438796358890034251115257066746259359935433198810113576242495509410971521712887046006388285905166653514419999899640857970791518591895043442327979622886323437665145295236215046621283678764346807718272257629051081646626728729486026838533930231357129924695867669624556080463057093373974857258116729270828242485364407524506612800928604145028841776661547780474139868325350536533957136499443304048798603157037714271641080298634591581892443399269756996152434412164948297648754478317135327031508852057103292033407503775535080185467030518819495864498200897320648323201823465653760140765324524286950188082581324102725821174364988731761129
721 -315839395169583504921048514606934592364593569061963319176579865261193221440265108025771800519656108610599775938398789137975694700256519788660086800410756249794182775557705613273758728139177511137329807363995607856755461527641632467053874842929746196148562514073096018261193951663962496666635752874943640471022841969004782780228434861833817185284303593779752000430380513298133231398401763360319391232485981343463903964746822761875063127167293126799862094354105106375591644179946866160162475654520002764526947126003878565075071334137164127644528405968852616697153872145927169318216064264025944803366700576141512782974328034077369248218230880102643048908176039152824425887173003080966907
722 3156211927352101597115203034106142307852148969855328320338895676835127033620875007027889109969774957882567007998755321559884389882373535938547607089877604307740771577012614797944347606288708571937642469137470296263118208439646407271710512327194071756414385152040715484487390922204268671863440356623655868456718677083735658034537538405912464684242945518264545414403370462678509941246373439689282006134923601753199943373004205320880421984564181147812323132242412293832978648367065901224588309329336336119463671579314519168895274373050839143018721705889879579364056607272450080306377225094611633666550129217751494960201787329863654385246104692555852052846147512698422419541248814028014801
723 -18618386970857152364907062205143330949094144983544236124272623788854986898690386385547124530020634511129671116161529280197216182928530981006342812593517209946678350613624910243369947738771294733436334358437660049601166786533579045357453585081056372515321259273793400177357979050719265501491178849211379026497691434675077826361042978939711624853382991734549341902325681429126056096082512481206519903624827085857303470148414788080195067894824190265230167224965964133626467847342020038181583620475954303844292606623418894422490035129016685264721865819406092301749292591298309812895539755995352765743820283529284560111557313446204333254781145364908594125029296840205590134452971330532766427
724 5522550820201035499837543618048427968304075216386798313746339780905533892822162674767010091972797786329471816531070211733604414452219293025967274996368156540421212379042327436560984774245086573193641881461125277308585671944851189003292637634351804824220305524894474846197577586623841417885119378735570769601147559679876144112253924314244203161244750691302542699800457671503016629132775687950704833167155761767937996967411959531477178166270742553387881097233408494911960622933095173540481872113592230250224246202997513390366414104075428049734679072529270850751231152781607993962740229414306013005411410991964813194753668994050041642371447369899999511291381995640238394351516494104085729
725 1424701693901915692246136907711703712414123126487463555931599437706835507711525667345436005734798660061457646508543890594626079189265072172700198623800401708737056452042143701569471081002847972469171444239126198206462362046217181074676955010904244038849775045558840707050852531920881304160993898715890695315303524646939097540833048250647201387611266663256638432785897149937321807994632941374107158885733215020202333612519561988373973086543933226319510457925570240688923926026114040410787106606791282494648788879361613692521508165997393348062999079002427449363579010191878002933982053559835703484936554005884978104324889295508392271277452451078642068557683686591796074086102556377617121037
726 -20350129167516847911873912453591459452138031971785141456596594349013438173446439318556604717211059851621652819345806752567572662859258391668150859195772903718668273068317826434463294394387984357755894600951523473395801901976657547921749733806963168947030239676585845947494855233580705650557094130842195206115696045897911917868400348502293842387068704075748375312359066299494556075283207524524481599627431991841070157795562647774367703619362621761687818419699839663530358717454916294766801679651698454724829175473925822414732654432751494789106068091688339594396387237832144684612650673203277381024415706055019849250439052586869479255884547923460311109445811426366280533562063033568003432911
727 169389193408674690507678954152040222336682148883394083262983459984870983326439310219495983903033716263336394870601974923358702587807696794275368766925693095159777077049861686252566357535792230929372109940315211651264165057634480090661499699633518977617117080191445541322549164932163861188233690948072926501154320337840775940782262722908567220742969101837553927440402724743605901725888498392946335445419612256231873078059770679122395467996713240393631322144732787096183228044811494584866181767021420331302585338254335764654804802581252998555758693075523877337545118799177536442706516168645947282491767890644077277436742004271886917903783138638142353896578892248481994810434623824347398050933
728 -724989539919487538478716804856633659335562823472081694520450072631215401460371338540995630984365697732690261296137689957099821708152860536955214884490366351963702518700715407968674712294068065783994098318002465259394617147594557408776470477017473670613971764322541299387776809917876965057422563138011540376105725040314186984812826452457973634833874310835421948469493704797672563106262717148329118063034275322969683491892565973340221472321146801149353878358548308350653008764915399979407516981887746099206598416245713757531494654218279814875766464919094639539374677499846983839641658789547953028113833221295540795215327912267576612936787298143933137277013559782010970782328965178019790940711
729 -3535152203521444446457276808026580176386091441602090271843779918069148424169974450265723791762273762685240684889172498006045334497216878477357040698427460688665681773601430607887457020161172900473830320333838517421814880944528538380079567020277896579337540238844287082843097803839975653330653338837318491114896658658433903345597192432303530180517295147827168974047840418690603929391131048030444013087615439914961993880696735609628114397909264341350858621910772858679748641155251987873714037267578467600806897768112622096923155016040996793600303208147352904830568180536998338047739446286876983331634977442540124813769777240948724984163697347355963985029337052712163156200235394895948166188523
730 107873671942130330397400330475488836275627914568786213887868985359068101012584201383406198137534117171188203676844895725077082026920504878527142155875993817326329679443697539147214317583389542574841302619351316454606773879122452157980038816076375454456124914170734861960730591938826460035806618939524023445822172540639805456680280406229685408331887893386050903234431542552215499036666249109998022344918180229020701586961182585999741241742437830595811351174182177362136211316580409701719303437425138144500088964584961178307300587227921639550870835366649320512240978583938664126927804156825194117620731594721140652674369097752261206844364170990034574152720344359261882892359516149881608300782929
731 -1221961285346060857279377416723461223016153840912685114637864877851038231766827571568666300473280279827179216064430265448120510099799329446057350655335565805547818450341303250310557207688958388919603093062701835214663003141912414922261429944794192387490369040522377564143446125793808430183811024060356476029820497504018474564280855715541432559020572486805577844740767166309582311168540364784164197357372626546718540510028863178182756166366751242637241847258548974076794199338471416072267020109755737178817179304180660645101383291079752772661129933014004399372506003568978254206922410510818265284675873313181996459422898192488695175707223992219918895142887057642189899849859680424500139078937467
732 8370425561700658324000102167974410940667060524329270374727352055293755375993811358325482631326526052187231999317722365440902288323874573280867131578166342194825520911721471214613797495095229761699397978231872460135635212505188148908373944393885978029849009387848381511181796848130021439635697469974733432679788657217280754100971383673393450262019538213804712218067327101566379934180291599981372633217483061075696058345459984195973843957695221666608993461851361736002955162736325408299825070424870893543728407715241755410838826696267003125679356183462312834037463461420175064759140610548783966332049586740648289168208323690645880544507222416569220442446892603090397005480777565907448568451905721
733 -18372033924925895967331078286395969332426688330328782936681894802301993190911359587176768813692489824476452098510798323629257139146294580120030628441676851729475465823614323589339542608573413337606643809871585991651381988266844972657143211787086857599269918961975118067959908511181625855360463605727712288326149429746102831197534930497821509634904733181740671688647290445502296001602388143355789043168751986437758862967752015034816540765932609522972345025482948827263741998618495812973619640825923924815777530624796145143197793033153234711800760664065616414355173537395147662535822868736482119563117287467605584890072258628308065694937179656093913293499505993123366163357627697668411925562238747
734 -418553821011953081279756511165317607903342702691614403588464443314673973471278642966563340197794079831376910535598180087606575119140235877344326866314610681471390747613920822267816506309397461860554050453589881795625585952114497464056154223681315018199546906761030991253124389574465608571517549389141690650436975260274689548265104996707995884426561715808623551693812153155262496133408484711188717559666007023710534104786486950552498106779236234387097368265184561998536361944001432770852568517810806238297577406734061222054731209570207825385055311866822857842359426887337575111161099280935722128782854929539106723443974959096337167596258638493849264424137776358467956782334235756106355860009147111
735 7329873871267478121789437945602871662177633233415659846895268071867828854858133012727348590432570347544134506891184148078684304528606970324350579007650940434980053236224679837919724077099419233768631127048011149634063417391914376688142932744980014937034063878261438470733289016632497375159724276474955044840132829942759851092516717808812069871745571763933722032882393143326291468329947333585947601894619571066634117443593075892636507409674828833793151705058089287115840074018260368977286095483342362658867251774015324786851758048366335550737331579921408308722591236631320079343990238518308220473476922896250372340382217826595226574344910362372058779283679083427092989099296641968930163052974521053
736 -68644413454036331257740528252247683403198604325894710042413446494951516872537021918290150721341984497384441208594525257461332451355374890688640317015680444292179625094498364396776275482290719050478312323977705096055505769873206146689170455249220991385029488046519354816580611717644868189692559969660066564367049946815346533780355476019021301369960933900198260239944591367281841900087623681987684287963037389028578536502555425365369810926355359718966379886800727682653703788765469251183937826972595282876618776415451709814703790186070814338098691661440551235607273668361999239525028091082724397359769154343894207745320227430759657604470959257456892498969045929525857404316280949409158775858774982479
737 367761192621595459719083193675891096872527956948629993106864574896239730324485700450402915857413993440311574443789752306491341948568304670292522374137009274839043417416206974023994066321404948967847817637691485017925475385831968152395166960819750160113257116278293537225792801906638236213919953199895503657297711641737223663218179670228263798112822807304803828725841210065016233874331545740494502027806577424566038695216682582255482173930941774857875028395105055897302496799921545236226318064401476631450043949632217227046083390193215510448316339918128637618261906259791653869174755279711060404210404834569468401442342914346364314058438839997718402958572922556515809114829050105489761489858456734317
738 399424951127701339780693946181100222042310600647115297680458447319625036065392241983404704552930577571101714558112960268101270451952661321223974465457700601452497977586174266542056682121517354579688853756662754084689356694144405413312233096584606885017765214587990366036459708517555288505842502309763003860877008892421900713280536728074969975251355066094551303178444557356368548255927424453308617628681728142572288043794454542108540492668440616345046701046876889508925734080978795094355256370801124507663044902422744470565287007446746217252967215000453036687929433697895425620534920044863637800216496927527339029061096731951249185454008172146130198887479822212528589081103652301866499215901639044601
739 -35248500375701066284197476693938344469476054631566266270033801077209984346287608839505101836434953606312523153088813366803622309838281737427628575742340919279191848349671022855382922570391460805618299964350069555078461704999433715111014389625876400421223917184410640075106580986219993877529147472884863271683747118455984342018179766027730957172026838781986940050807581218921676297179818856209199299445440160843234378885608578251080413634430040165458144512924488132936190504172292394445444933811689714319088516298128312140570537961383131305444261382402715918098917941741104305383992198314316146236843867654743791813763774089788220725174769295240726197991753159275554653310053492919967315931272987347667
740 460257110825367872862155763116953467526380465908445539131361071807110830209160304736104695915283045571165817366931405660252007321682789173334536484424466149575390509192725677704689225199943651558601815873428307494084920928343021713134532853177054765156013312508139889997283547316448263303957857353195635197592830943553420319363377042554976363381552098070665313791512545888610011283701710473523627952737142929872618507498115368762409102788744895374244924102798964173035293324491874302919718856733747955917962788666130443027247091753942424350311679102617776086697802275737357285527957461199011895922518378899034966514576721165868096528578257197083132486892867487498301103671677691370540751209715465118969
741 -3586981823296689049431872067553963298286866122164638300282608512265754742591039308457384345687779578690764499808524098539088872042510588721757337939466746746775928399902806250525213533186695588476904090466382795491497168249523600218783177506618911462236945871299989143118884141269092135172003324127306878012862997976077666881333269725378017655612031861764902354337007282965132616794019906443000773186808112353749245886276658357254561673392416085121948131097558684621352633966194167644484772766376237143109397427637687964901163682638169043571722777693516403293032490928860911141185160898757181852434847594822180772268390467874838195688261542558186379995334725954038077340218212147516006430446502642321147
742 12986013917765949842859700725026457640581657217029599935868493998389205210524064776330465492599367767451284742872907003289571923223356325432846447753841974128267530265860739820618021847242133010582824898473701631645386856392076599076107872310923468839570232856221557749655689072270944286303721539537105726647528288977239828910223872970067283836488908528848990899513455943338256017886557088312944939938927855462751366986649981657909160245192144441669970294969020988788834588103319570376817580940374527713569469807891496789587380600266333918638321785587862941963018730882651000691445183530728241021116230591725904633824431835272339577823364408126645745879365591758032481053613947666399428471371220209825001
743 107936508037858362921023985127226719258425920393973477670506531060282228439302226074282718939209394066210085678504297385928560653720428136078031739410909576120942017833585803052835401166154430057645644569863909798008446237163884489940761971468590133473970504826865593671602422540751790266844991089430926517054128534942989848468287362882278026052614287897671581378686475140196048048615484312269106161000873269183015438789526398151434879457522882109742310940737601549201606813708133750309978417994341214437066975948150845570670852175332653892356668957072674142238225724858131674282796422425044873366125059867733128597192782027005124755836441377808225479173158052884758813258383547999900919413880254650904013
744 -2555698477572034996764427826426249674260579629644021150732482428933564611213260561878851612356922159155257979179038197825212811964749826937241433371567950817607224346516438172102880374700341865086523663778012736556272953828043571356985209098281610455999620828314586643798203762351489017578346995066907436237929949938603402471286614107193093456019218908378915687544246500173958069423739007267420879459828713590351639340857968897742870330741178954984625485829926634975557765946688521090479064201010340406568173068175690550447759253931839395973488825838934246262348752655471943031833404638372239247399755197312150734819905385459625702652193033488775425458445953942919250133506995127519229051234050153103813111
745 27000100454817193221497716100094408430486072887527476912293825604238075906070013608657949105940212373633834477264941422937344711197583142605929148711885094055845628321226641652144394368530185560211523528521137138998562946680665719824492443925607217043280011324175801248132309620872151728860208001599649545513996064585011356379832013451468832930709186519462964224735285598395182104354414878549356546311793160880720887667748171240937096729255711921137441472416184544324271957022411287527892499864625976598006647017326593451062603476613149658452974481901900699235760132683207420305717798504059522274117247886433402793283620116631956856820714685661141949033446285668502692272803825709407889741133769128482983237
746 -171061774552508429297857343920760899725909889746905571334515762931474911921563688139477342315074881895027079096501439377918772356612828548645873971904136885579736250905752150898601589948521417803258243680365598764766647472982081845017371314564276800645689557257459711230646053398561644187054494117710790982571251923176362935935748001663071945444279938911340886688224836227609881433738921960522505373486636909514143393978429190877742768733698877193271674049210750598634770062482821618061128193604822092767741055927178732113882982055809689192612359289094198695233885080524547717457828686904503382892376175973294465903610970495812806202383766340551098493795286063095901377338601188613459775775648857661153109471
747 211823137896287329326619450700741569955466033406594495566565944244805758510107164170477339121602089875883849739088440830818039497742370456099406974727077493386855623578304588935018544967158771745897020564578492681154773099566915766687741950308989561420748683065273641534601734833399387611102601292834614318845351557861563165521854974285998098152617843224080912240625255933302019901647325193638910348243045280736063491332099753112753143045595450828532011392384703366144426493695210775243054933463956068923621572155997075824298207725378523716842491525676148016609693706557641010776035009261494668328799104355078093653712092787189940013998689788926170063519506164795757017090710592243359513136652912007658970453
748 10840923848098038885983936031592856465901231714893530994345590399317094659191861438261194601894759070206007265749433191489317273295651164356419510550222862565241807301552287728775619079418256129330321967576212029252512135033948999959794845785445517144649500986383976114878516579801035497122344389411433572417458251643807262757415035875407168743475846021802051025067056368990129330748456673655179348117981775544487286569832404328218820137683788106672994993397432428687611894099130951627364112359472223547674462893187276675470432557211150986629618069488710450714696691103493040510210182985881928138249352069441116871304167449722345574974025467421410504805601836557082406297888009223276841419990605678409478619769
749 -168558277429724564428859585889494277775563522868968481769003246023235091677474832155776041219052135233614335264302275119523458118206973146420837252200987042193668763208285117790381398834684900854471882512637944894392830386482527578901283653759563492650578171391160169400890983158950791495808017962149973091898864501355823293735110126736885465428336934125072021736252272878137921729774709794655494330690762629155473137686511635198257658539592917753849139453591009197669495367067595885188080107414931861698985363851028384818472647784859701863578692463127519789904097996900793077666531258426767761321417219752992458722092367735152099611573043367883385818197007654313040674204166421425274462522749288777944356996763
750 1480493093051750965872747396183651221664754670435045140678659687051631744700263261546560906569872520744527500051246653521906407338051091271543034144830274474187276184274905196489608901496385434370434735261104281230595869737128250364519734527906786117449202071246126122697905237827619732687138148750163503692330349696880481845664604958595971818599138763419011062564548079245731364129727347532437075724502101880638464042533275478380645932720071843356426651036138148701210748316031154626555999208648818860329865554499165292361683382320005694606457045280737820499816110693763804723755487794869288651040168715681805860463711899933871207413805470725981888039470541706329629297344238342692366256783533201390186601816569
751 -7086785907271696893646893984964537603370829894945077117389071135123065418322303996162382644096346881988747540488584213342940254599070364716538395071491741477798536507696584407368398036180236165484450263094702570522017094110407880174226476708672392256414996072995995662374829968030627645181963676424494654573160600582239706137618284925664238390053286739815573768778515216935482576637577064628686854497158941259050681362701790673250194847399637029674401282889100964581472054831015549119223594096537338648952505221462842739993645633311832984499191866886164414439262953590998568293237612751075899452415288467827088058017091652853107867696543648661989588058856934357788938927942859185571363291192584422570864567656707
752 -20424909113406075438876407859105415007380645921468178988050345374933272193230636778594637141331764250122306813390537365382175501461810028720525859225205403236150937961742860854533031810777334569148901971165666188761373277400500673558939555940278661264693149590711358152391833677928091481152462753503881698326245784946197487139010790971576572523458690110328798488445238389779884605661349049316312821723895742816979873901085705609464639511779659329343419941742456414993979126230413389523065919009120047187944846634418744350332962045934697241922271356689893889479110177645412922607492186469454213002332337693639067841621694578021315697627841795831051312310698631310670182625363503087082423494540208167653617679156879
753 857125300292797116025640640560988345104225038382609142786366611680084192500652051082188965261094256784628253752201267664808564357954822271215346492881392049644258822415340824866556036585228428005148831182122421009068945669365932276533543317195067785909211224906907245403303556473723570240222720747702653999249175635599698269503201773115522827670751909542640767306061080380696197280334836383383486441699839326053146301211743894749727454524905675269010440194397765250975858842425784536829773602744480247577568485517627573714504275888026237589700640013415950886348891986686787696934918377673758984588537271875949156787600296889451615102025275146280564287195478904188380681454096735484242407434876803617572265993741293
754 -10328057806568947512739711267302002051469370353936416026684303599207406984147545918931427604224787449356997196723100187196704750828493678870200849924333181039250223726369576604395875478341734515671344422284937614358215716215652261129173050941620274048265446289708596779042626710477498765741140088182431005412648847458499057375251997093779283800993233508722639336553978981066513416062322656230898296820031140096526762039155772758211012400831776078635322562249482490564616836447678025354014500380796978408044893884566963531842495537361555341351365600810695222181025377083538086483465550240845978416183195937207608866921325745983008542947697054384896023466143372640197147648806321412547967437609410044667180536796275751
755 75154129194890390787083513703153952966173015870914137810463319477111751984282760708064272522160605081448045389216641766599851635537391501392656445248887446392927991520072512971670981348867485756676562815899094766727462458473263011522650935419247279330973431495348890714206282382619155278184317654903815500764323723273476769245942672061324124847976123446489719990097152668880934267798966624649934251070243658892951989553093225988775346793685359973918325625352295387194472309621778203890715000579769383589433336388800174910848935453935044920153034709154611283507209631534151148720636860723806902197893866574655731262274386105396178374088846156694882172797485569794906626906584714493520284486168548773231299043225890893
756 -216814564231286268962822477364572022119758078899808342762745549841213294674807603599581007102916598179235065197664158366651395655830648763584481656931399165671976718205359426549502710853192093487615460202209527273419901589481121120983943692321059962431015626172792518386583276936007998272296384921418675913417898078565095059261477935972104965237697988355535165466940760508217685799921230830861743413683002482072821088936509126318515104352693717093801691106463990937352103416061481644746984674256060592213883864683815695366665297723514323593729486650055280027425637348466878159962982328776141522572192127874396946700981940624792563948780995146170796864211556139625341034059385776273282079031609843913381013435912954039
757 -3033997400914308437421690617063712935438502061871906524561101709382445752260171457801063134008858383572241881241788575721711851006367104718048748427065944958529448785123563005577843588269935875450050223437107429929699145641423212969941980563968275575229576320143290960390145590096650631102999773690520151184693488071553889263439901819694720461441118777274376355156751806891594011614773342122533131909286791114558347509987165856317322865873034703162734762025659187808049432876034122970591476470732198530603040598145373356485377821038862647737278629340335214814112677618218137512704171823509964888137382074667026905536028240112396355016714092445872760391425633616784015048954638835653825692550352530461451411998319187243
758 59884541745399246209000253070943241113599368551988895512188428671479717120205297492414230596473184685100168533864700750690412155125898333844454737946234517961991847947894783482613495705298958242686808117722129835728780754050224602458103233102870843766603381087901461308145722971809519518628111899998643120275576796444930465808181817143036200530039490488841728189913183006037647332422084440322574079760916077011910831043938420195132980276397511645850409401044170344614308879992911206133539779230145920282251089392166089957797377511321516791104386171386885678506384489828906377596918671567240444668125814193887352608604913207023872431326584013781925944776904924472354169335989730620921732412066243701270896017636042861401
759 -591944340993278207588407512438194768129303459163758116467440302421355593062883394354601798932461069738390630939057587958065144507793922783977710164301162441446510676610299263470195578689280820923721175277362429930674444839631085364919119590293347661797386388758490222024168722456650801376208101927073061060764421892007488352870796707494425882314155709195390101981072138518966721605979296476637160084863832957371081106862575937861819364973239065576868091770218670726980911938210184784913162951905301114515974757244752322053402522535507270595507115570603405902711273642699223086061903071789627023751467119584993636083315605071047317458121144507025512345579779595028881379182954406445644374423406287021621256587031812881987
760 3439351966049825730282160388002775009171442250384089787090040816139054877216721206282213796305082880630250095557555541802978264796814161780574858487610577263720453019724615134843240946012043455190169721147866021817376260775365904004292969452024166276064785759168188184647697871079442151314036923382623636330123480289458338537258332174112706853326365046603431716959363544052756233297654707866702419231547224811027478600805258551236537111454054792353098569324466386577977927794337923666123186980812149549065950034242206736289950697007613586469400716006388232985686825427067739523940212226530805637645914904839989220926750861356132298513285235703161065360376810333828122789522797732787480065447784543913465521403698479239921
761 -297372677641898871777800702548097391407786488284476924782576007840742985092101224811085640698545127892453104463681729006681508485595767959775901966519628369789308770223097000376365018046849153326952490496776716679211829467003854654313362956556550156096821179613727675382050265772835723365623851244800493779142695812479898697504735170312788006973704105987451557766359025750544917362862850667776751567722944503044798275657586165197082393153254611994612162569408290193356717869974532958784849976311828284272841280391054848356427905645210248997114608979877349296879862245239126378716794148624530862766766394292190952301308953806242338811790294342525566053664526166016575425544191641118980778133442396389493567203150265511603
762 -273337117941732515706659722746379150583547837585759808927912350027134802854832336353779659953326695883078629235567776312504119685398284200086630714669171805971736129864876083027501857637880379866865558387937297937378575767172241077312355962370413406089837856321358021476080024988496633239920736806733555271386532051150556914978141999013333512669480711471921210005819831859948640468133554543095917438540170704593849302426298063103218404489865022229377246679656384420234197734934389101458963333383826343990355993441469180323959746216473852391477934859075479430196947497155013383494533020855328847990219332595890609279759973694959171009359536208966604502121135014795967436445929322599222688757171496585810616057745735515140631
763 3843195316893377854313295160121916709525337569904229039535864092025169704186689347282629391522951830033053723190407739532014031825166071662470251911341766610209003610172279450660981486169018439981326415324451096085579865030689433469046179085649862241561370924422469526346103815443833445932525712515100454297211349259658249365317656044125848337048399829203330626757630234202211615472278354790057130397425291723994584506188607825023014446068352623758941645813451752644474443155294498648656590249957799731883194109096933354867811678193175145819196456347270347722440184606595370270486882639794409509788749778842043862693468763494352407575187038164488710798379924749706808764267630997859255842351295823374575321905296472741631357
764 -31645700517378498593297085535534951415000966166785730185031857479156847706409468967936179993689788236233117849594454640707568588023031751826339441346038361486407384388037799702333305104009957294888677701952440839193954823571215223319226744357536541000782409919746589755982625949190157796247969790987089133016958281169398707927105280991845214308275696847812261856618098041234338764463621022526182266919488094851278904148669806154021367984598445940489921775763000721352401709251386444923694429036670611780583344995184962194688980540725801632807427396006960067752224113178813051038522314188235768569338582184810195791336063544499676193395023385433341588854365374982026929904386826233431318362679567740339376875414353631754677519
765 132092168419683473296854095812642856392709240069901437916712241617282529005660172837094384169649312896268009188582472685533201146717045889497067187507168611742886686514749999866764440767459784184109655671959988657806474060126989284245235854978776605216961297123298267712657285498996749581719345852635389213351852669213127273030411931747462343627240984162896409635807774916484279236749679036532293203214689244542841094966093221303439748713330146926927508774475906096287199695612615557999720569871539556930547870514882886536924787744553145594400947838364465596841449253853450370446673332462048769301633048314366183311918564371703866963899900165380794563454586599669114586470515827683903179680656685027869103057386935523561650493
766 707603843412678671162758750902786776064700169363121181774129286154587984880127915928798615856085754767297310467720803958088183718493406785460377822870264553692937390222947272157251999805668289934986707574220413414083800512975762802324514194658008985981902779399195569380055902207533126647990691377575531287384399635071430305106891114478280550461967853609818057782438063439819586235432447924090076205400435524843206492796917866080631619397885602726863710523243466536782867315663326272461415955840576909912018738743700942493746571561664821431182207173084337680570183923898565081282178784358265884975179375200866770600303020664213445518810190137235131726853080737074297846255813352892062348353636613397737849652666302144727095441
767 -20544766572497890934759414748799446808334488405093710295336424627779330054773202339906844372660873618403509911173013094309488243388832954087934532589763121656399702076258863476850514890171596138268222497677112547089115443364446636327646052511584370186622117123293131948996990347868517231965213831715888351289952904236713174073142343757103858122302036547472562397532919836136671532867297352682902635466094318068781248614121198187383718446652321221724427249720634332906457237413477219161983155764981721981630006600058256382634302509549145679791088530775392992869500636200747860772248251522162255628857613276796503911748455187909496532323718702284919360983036573854256194986533718158805990936661452559534313576963621231443932201803
768 229973101299197922019491881502989766885763471159244128619017148647119279307545631625122909996135622083319410019093860625164028066229826525395075872088564401702825116920338209990417265878182061725037610773848753275363769415175145484956273935666635699939485662712294736553464543544442724008167091070211669879000654233223639531285429774897534397900611661244087596550700777043961024120274073621813535474523650138620623455759006266385961825270331431682939251992865989995602182151863858830444400718855913807077953401827534281971989084849835841212868295250322832842741529904375169834061900330409055587515555194089208257496914996251922305951524155760423899273420887759979469924819343056296764885324735003248703078776761703665458324023161
769 -1555705830978450851053135823485143342863213247691328543083247680136481605703521101148735699409248370831563847110829937386782404422511818565678153785480470340164607407612216202146017317680739839394072396839345867910281319520043155638404741889195885617380140091044425298645789761036858072026007156054269855802775788203095828934402414668712522886314761033802585043527847568380843881381119266258543294304291633287265612165176697510288247464199918859085664231999887230668394562214986116209872977374476960589031497948358883257933185055521394255865697483710165172818859546500823938686518450990958815970246714946541246426125860988791651107599802420771122214416416479686055408451194021942558305251285753140227447737867972351198340537295467
770 3182147901123328181310422777297304368448024376570333192891038334005988211826360427063845589461355174149349648417182207458602312167736543107103154791408493014703786715042364727979543255541377563986234454055027919304783590341172386050558187055703079028366092404880387611529766473385957017955750352163053744682660789203946750647755351102200004647552691601126693427664055048953112773833693063167277230347088044475010715195144972474842332874592216609438250572272266960122052065096027358005530448206924097841540490607962835081664094246835708521287840580681955698146358081828823834140514209263502124469370829362335312351447576104797044542880888416078641688797274730791983804497765035751576175491226657227238118700414684499103741687523649
771 81059021353598446969535712099151328252318649860277109670369645902257441393615973028280320401300211564298931863354365369739769096106212833047851563784290716066836193997239282753128261667034210061167097726658382697793680866779596422825579390404376116746971130863112030311468070729688207551167788808106159771738150964762502465233633144831611217332659091679758294612739769272077480128700046270201528272338632211138030415239187433903741710587778331305369179640083560576547596866201451652143636342735304932051668553636938038645312009220764520425711666608556897299901945797221501866625692053263607038461964680897704908416803543766538798877650232093803107953079522986450739151315659481856592829279506615637497526110933187396498364272778133
772 -1389376735404124374762724250593927407078447622536110407679131744864512910092344737725284615424139484160063612148006553682582126151412249125993653384989576133760042758460239476922666959260290057429264279478218467651340660277659687901129957437062204798046187910672682862406661323300799270373977510205196054551310728711700748985097966375351228344170365390279277934531291040207198480413709339363108585891893004336922115819880754023570665660560381561634094831560615267776323556280903017758907926639149816035463553471645251983587746606871476614075065746707978207446365625801686404033797617974700087272225584325388389566087589205498116636416582841379573701656733241681823035490646143160273198291746309856469401647110962879529539037678858719
773 12873227484576440483888280808312808300484960837728598031138046737817190419992304013924836977670023744187083154010548222406500969325058524541802654452852583812442386266336046706343026417127576397532591246193610757317778265227654502575915747044358554738593736077952985197709356029645824769549911827394800335402105007070611889200172031329664197805889163035810623221467807306978275790287876180722761807437746874605178089428248321146251906179621183097554780864962315907457768377219200589072276850293856300785032720987827270508108801660243242229655049273842856912152812634890724037374122882214657019287973142456607713353396281377337220470747324279340166295022399405864121139810399919797371997200577963963885236632223901549609087008617539213
774 -67772311219234271785786539934475238932451498644835325837654673520873597317093948545286344375242304791017824797626067908171901606752878652477802605067072414887984941837047598118897612758475860735758441202826617642358315142223538204427934810089685680253986104599337198058746776774455363689294857719151808837809012870343788903853958473967423968098998408877971477333979599089861064951306985092195586265402609649340347981273860455278508597514610533850978919297385030164700288682671279225682536430741917751950096457585057144406758700083267452122740383326789014585197345337336872220794775187061009248615187178815384974700446377787183478751225965358113789512538502225263530266063583760423534326473635481176080563722725479241747523605822203951
775 -91722840037066579434573138068468194777597356280975720390120592765315288502987597560623705217826876934524655560167864778452963911262350581924983565650191744738704691879059716572978524439359534450590979722019433515380536405602535735599507018579895474052175350267093441516399758024303486516113047910282362880455563353109392984213025023535823583921561560955394475108548762423867860006254598301194834031683380313237605559813415429241098760554437066017760533967104447622559765452662756600487997662092283333406506013939482647198755071861422189713102890377323516185294122750029403354355793513200825963843211902632129920279778307441765647107928329193342983044690762419760147122146621107141392475336809248296686246759793555923287057345331346987
776 6750001580447967553697108925830430746958794945945557197962745201701600761353661582263408442747243520233393714348436101573585220674631489728148999114291723546082499040382941329064823072030949016118450672277120028339513611924417245076482607245598374959905763461629050913641550575488242221865856153953949285729929431823408808529660000426075739805967399617967337117419114699886650252112296257998657241811835679155809708943774859626978834421409737572796560521833268694694456925749560110497296528895001632033438956075039975168612788223348633875163769218932204837161375698655071466341896634639372710591207661719979949743749770445213767452284110452312484307659333942853210584593548363423559461552735614964442888634240903951654193560335697888161
777 -86916833530594930129975965294848786337915435937589253905305486310294206829949710626383026046667961113405404921214877019390985448082806582405594005366787213594809149919057638645217681215532306969378647277804364110677143377326258544841793721698399508402006189646980697281193340593001740584807731758852970142908864607709228148645645913772294600104917428781622916000766804505731762126131432527714596523754987441237554320558373793580999893910627550177753335859301971291930149879490144110862195830270774044316439918082666619899337031815285841895496274207491221556718980054156803003782811372883239467342586667274172422006598599831077569939249974806479574313865500874299612325172724139017972703198468969817901370554234641351120640221296561345283
778 669846905678450451698489149052494371169886373852283881280743829298911004195720614728952596498929953472201550316890938375193902249069786963155052421567329094939435675061523254962124962231127065048810777401457836062770336868909811479358082553001157703258681328460054140119641921382413063584160187027133542071353249423888392952849475111201681649397111372098196099838811318040826958938838257445979287297858848972820511314578461313787320143566588872380926567676843747050353296354438289532484127678999030179567177756255637310440248150790814240375385145513954367414059942013895620508808263588833137994950874550470527283179516175756098925254105948633224587845770205759391290834643817195244772538325330775814621615794728371108716771110050249762361
779 -2346627925482471449437228256299694168152835934357304986313230908689824703983026525697385731606722719674273725790725019060922573879071835708124736713347291790996410978038535426668698273524991372721335253517378940296177965629614919409480194133911020527627885470009668370892700407544695831115465534065788540989094376630750871531119520464893583178735225329811676632768283332911043116705374176819745974011091995700656274154127317037558731905455369772824721813969982449403142658613457299507886597749190515046901159118555408426789855812459368019585694922122084493884017683473664861656211246439904893024971051863563749296989008754047961674554948164305380932653568448395962531072568972579154800018165121585685912046383408666230041396213290848011827
780 -21259521074167383296918833246447583166651773501320974334136240520868192677278231888516821754583500630690524253600372131977174266501470506177483807601977107969913647165189177924285305012175710201410059643927162918908188645486010659198208987243480292214379346177215000181803084479937572757252756819130815319422440545283112244698102741665921787505224277536480227575530641949300728213743093997199338381169690635834703451324016941130182656425675431073159121127007956701644190986717562543757256763236924605541736305962801679204945574201940502572563120092343037404545894798772050429531933777173162205391748732945773552645728275600338721798356765928197102182790589206610854455741967964646909655421163121217883069556474607914949636677376675538507599
781 486409776792216082229559223698350157010050848074301425197363484296088795864802820599890094775635968677037052649626169578922553100677262870430271309761721441956061319240647394567129191733409842648048529841671092427020636728074281036536189313715769331803613548336974831738572857122038402087090475833989956283959431696834457052529041815285537168953544423113638501558947416773748211865151413992366831329572092384394369280930464905819389476138084387396881712479622935525837038127361517748541699371200911485832692932412922819479960085639685842851635410831906750857351030062236815136088434544527606276579790239094157774584675894010098117064284896664263174498429005240431284854427216993389505244588022690586694653590121903861538526132138443976607677
782 -5081261625391252616988885655165013247959797931910649648088648405427753038794622573805742524317751106547105842993738783993468580493797209891566669235100335337093934184594798536632015496817051655251236703438272050084387528042847065836229475225150883796467385660391494462972523862805872848936060408559204832955712416414795637502753079087582691324763773334332631766634429846652362279298416327558506552742487600898621986718135155974808220520782336551537296896457562984691290444865270221669863393760488802918113670225380762745348781484162206494066672702835517492216517359662893833615337045009468028076664556194059316161651967236396292020679277100943007621168557641809278692717170243575886571429397741751223528929209783995244951606721382697876363151
783 31753061549852507614889251802787353158407408561919170137427546953021542490650280205669930470437752323429718239233016924665713525367414568473180526783642108824989990303279360581443877512134233531329663778182893358075426662348214198215630185435467263710381582567309750742297605228119622848563936830367013403475332456489605803492018090688011850971497368422047881138793123667376897188132108588771392740255519449675686435729511437584146778643734760286922683441182734757280463579007254176329905244349520779199914745354660850017124285280279990346892939179278807185227304677964288947484888940389581561068211213414504168546540264705148549984384209506690636525060119900436737455793896527500971702159658324227393064396513299446697297768150629979989107157
784 -33683736856044391496928415942633352719432974748716468788056158333182004142766196768949553279918613460158148668307387727812831572412410635484621140019999748263165028083827272812539506409244485502132932859751248623134132880611258132643567042725561904534139479084911482138260696467302473052588837155306016082319384757949375627330169914363988387394405036853871608903000288227087488979604149879118580323570941019969518108047467661679464779429809902798465299810270537579030171336713525209479899101910993579777511581510715591751140807355734647993693813211038486142884638393801175310277211174421880232071771801675187273910184889792473688320321992140351435042214684091965481974307093613374191706604100046475171085820944552263391985880236387886446160159
785 -2091509277170461721021097285883404140797748032111432702059680195183119384479073988886432270582851976668664586069382546102711990445843360737923510559306812377508948051148233546885076803924349793654550230554915938600794029434681607336956993285374776580769807829751846471834511603491194994066926641922633322034260261893977057063142646316814937233774123043056359861004951886604982958176940252998148159440889599425731420461333293541764797435155797654907920855840889252777345534597677398317138002809985994248256163915862388361495753210715564867239916862078613177300296366269909800817407602458514250493197149319027555436468836926540686364796836094723158352609546110334894589422450815807619023677745672738278695124664858056430453224256439391308035393763
786 31943276113585819661386243978335537576306012562809921728228053558094684428993292621050393823509346164673237902514320060616020429646041016463768556904507942533831356869905898349232854081465942428780528889228372622663168674546825763142367745151415360626254379889631085349888929211638628264824244861602408924775301220888341579997533385529732373865983041089680941105419018672962325896414655598059939056954377348749648114320707850717625902387933807533235981798252240782483571483849492970560161815799051692471929338067043068062820690889745490628395121554684816072676838847003293810845744441559600761862038196892798140378194761375393611687049545710692149057881121817529162121963152065337235984184970862440187789612137409338498292164616891421724786745609
787 -277586892331681078638204965297379322663157329612391491572323183731552247732192177540819303482572103632460628065394642381375456948771760059628947643333922130512300980290449964910938846502033264826126192343259491634020846972713308997857775623900547709404558704121025225441679471239296745948814311233144831062769162409218434035721817609624595784511495208954208516951346947818750245514385992684676719741218907100688753173588388043273519046444729149528834073521525623689014588507537027163249784260338488752696528907928465942846684780177288412852329759402639971688944983065132368370004395731349134189037579347489125428175868840156210301924316034760216884437411906721925244423636658757593306458880451791845331782381929304973549269407622421047850714960707
788 1301257349693786470956380576304275808395836493000330135706972353097238504076250117114778562514302973780744405772941037916421667684433095151001709407486309830559470804618486735679384285988541893544018773169430225441437471201903132468606443936662958604315658321282981505561904996802421636065269220317651264675331829543918475404509764846776653175179538410885004347634447074460379289764830427934245409231985161531981806257496564477612409978116580403253578354817839647515584592794279568576389619375626080314272841889456732008311062405829619884676783989953187413138817943151274664401590183167386266897065872458662878936830042875027666441263604695709786347698367902683671307282216815893187021306607784726852488556359135406837323242374461705616000355325529
789 4216158212006357912501994861811377407436277618884175558073114753701059840412643333526910956018955261815561065489586759380748337082651007726341189587282958947686166978102010884596333142734649273280672822371847182981642794650318449735347147699053427034761765170175803997707225021408670406240961188933356963004806867179878134779185129026251958046234113340794056852876261509634800721574700690337542141177923656986312462873330592203464866956989988538581884252784185573682098594868437297279243220931924724759501018927062947636994870734979113102445957697338933157524367509135876042760601767496083340918947025136302870318375744863380964044576690460366200665582194812939476720131200542728834913869001269917268420774918756200368434147311477806178805309086757
790 -163916319271020124865027634442015660777365130905423133621273281229144616733306536482642063514113302882250971502422078395393042749288116757841751758166912210607735883599640940522493957555935403610202230923294775831575932140147497522423754540666567891238644248263529526291995367854607666476662478030616936614672998634044288465977406904912280017231496203740241307621160832634294410715296466167502211328875878819053520374485423379815645384099618454391979387383812446116323598359239661411904237549590006402317673615825210110149263638554548958169608171737771361163143136285632905262583817652054741792905964744720365272302550910172462176851256991022043604011593592612882039935757373133168267057194761181412468470366352378365970565618262947766817562336630359
791 1950264891307492389415619033278562150210582888765977024621874344864462741145011208328368725852421479890343578277097332913544784982336757499203462267573193794375712580374271422732173044345386178226368949617610955391536311927135963630861899200941248787879824015393098257628844531673179236965863817455964166413788499975691695468547435613643273980629068185705373324238752179985718947815975383447697713046442067430724238341007121452023525092360331030358716193723889302584398775532340805614747435881891116459603246573732386599881874184381125360874594086393757980881634031088379785668006736820578891976576788083727823350605354429154946822146708880558237757432433715459585433434596873156627467177065530987114895631596707314687316890835468453443705018512781517
792 -14025044488717754389472767214245921204930668023453298447163534199077465993760521341525843928042122540853219437698729729627643471923662559936971502703840336913900602001871098381415796776080238409624695773397671104214227148763539538184613420086964266841780591190236292063697781687104177686776186473885508349949647382664453032226596998114368867829725727009156903239777455608941715644680833516298057631664035622562661831991206898450747923916653342975682059326230907926806089659190680293652559854691769410122138102377183073525113199058899786093563996600257921179878959654472899842694240060823157437140810749270500709325541710207399628958109224906410211256406312798831200436085291257243803791485015325339683060037697225701938483738867334795460026552669152911
793 38604918115538019977951821608439284245962181743304495466240174992438285215848777030771761250728911171937722694945815868405289894940911490332512416115384950549056037617501206060383648745550643813994151852292209849640196057379982772772039409445358393017090946680954787850321301668926149436163353433631690279783810069674279277200571884403249336872776474539503466284227675321897418198489748704422684434808125403549817197711676745528419296535036991864339143136514135985317926948108941355161172400515346190292795194159946851117317736803573243092167571018605756980019520300155376191487713107717216671975431304724149310959392609072133346130732399624568993103744080658269896903615808212947225316095938583003755950380076841017432531158952717632405677909513524557
794 592293095158105575484069637478933389693259423802344731880045698412541268984895671723987531228871241336770438792803060520195771655238285376050063811552526912430134338888641770539195090695345057643153358090769466977942835632049967152757960483835831407297724334392459349639892821322366370137273452423734743850635927364392893596092494057190130290663257668388513211686323923149211185254023675900911564558692323402250255934141130351514327732445702844400705085855402264009617520853822506656546757937154076135455060385739319837890772164209171623849369928375996690312419689488337231007072117881748383211989465098754542356617083952719324703157182221347748113653414130446698180224529452447236328710690367787394482679067387874852651671855766404283235004233872215721
795 -11391683243509599358986752184613662392799553964978857343441273229747946799706604064134623936436401111229747074026975599709085962887025115185671967138992199476186112244761934563504084376399589505624201609090779056493763862127804086603556158710261352087681293130254969157744911906231876825342165925510920273372348714832272676534931857326966548626373695356018786043176759489960219720977373785291899287022503878230873724633153215873755261241105093015176787197627926371749308355024797040141219988525809975634830836503334668947842597068267929712330186568687267762541841875166235233681867305790682572721706027320818661124252361217413051742236337966164560984667698739091156233803473222755458386648793096872014617035523643286286475251322845706982553935575687699267
796 111388110037729270667284808000367435422700737840950852538918470479657931912375805609828672736103637291689178571102678778425834532168485877606070439414024724861428924705132163540556728785189920768863708877562949257001004030395743858287145811141064157869485665851933189460416995877030091857281736195939454844283336009868285079849663065059426788011539355346730429055436708356250325006728512339364272878334531017525635848690940822649719203249804406049566575707034800247693228079108850480126767070636055512118972918364899150895990619437169732609682605168799548607346203892545237079459630302354490233368346877499583613081306587161251690247598311317297026568583192507618642026157360340122929012525714579363535590644319995371839349941676504818964081092846193705361
797 -637243425238723586190884526055338297583416991957725946083555387095249811089081978540753241212022075217499014286663362639932083432078486479479750709783636130623272310653737361398340854529096055509893774100665902169977093888766963156303899083251733332870272196061262693973074418486420391296455592472430693514283763903134480720116116869813865043550246724346407691224970483091662380924144674134151461850464659728323340729825761724991861936834759337656792785441402219019465834095489971239582020888883322894539658576573915360070529867930581184136970715286542801970853096477054673548657372688203094714544679230375935046746330346067849807079874587093387906192383115982551904230928496826673217083098449508752274462721177779537140467902634733183931497239999989420323
798 -83909069741273168697298346679778597402903884556635082610796313956913940952002990314530772818184127262533462468059936899949905168840823636830093193163682897297565186424561669157737659709913790917276778159676118985182961162288260944231288395818177204391285344403652545363503600657145188718648728233198173896702487586157018053633909511790560946886853784020902428823631957229048990845933730487451785514793696654212622091388131154014243392296160153706404887139691952488607745440817052073572503041687891914007354575694204213467099343649290869545535315153474696956538648453676851074002857055742243235978345766744196704134847960688764086145124001944035113716177159885008069130388558447113311122566654464075252472077072883563486288216946791784772724447183752360079
799 52595678270690036815170733440949481151940879767468697003430583991283681788323114832164919156636640265031674236143854164596944470663006192737552929589705915742944815113002215514454891471604141433213548215460282952535327926666033522805367743147810338081624532467546022539151253331387837419404846896203001968101856905210728074962754248840521190814820959878211148338784282481623855628444458021256614162041864740394841961378737211905192381236538074167402275831655986391315508270763691105842397487255781376798070313104942696589739100958170998372023080260378154089229293333544635262706525518426836731952926016118809831105441368585444083824909118107965403861152403576410513902696367223357042985226297211267432251231559389361674605960435781043154438842944871774877333
800 -728188748161532517689807165414940504160670465733166636301068617444251656748593502514646825597926603786430677104746414232116296146840718852799114230981977846062530097212788528062913707401388672433154335406365952646133429859066212041881282975320780959209546907118645848833763825884882715594016774483821758493825585677961562820756099438646479665379027253247675420468475926844450349858190418495283206808331862549161803753993793929739729018863623745188543424979089593484733917157998964333060062646133481826731759932989125590973833063018648727351754540771381745540905997643966592021149187812918184765998497064597342453694429467676220755005077263813348255287185670735367813290705206641383026644952671132414103404234128002885576349649788739176178062979417366192360319
801 5931252274217651784091640791891372066290564219194612278837385165448658929473806416150846928793177823854170384964569952236567382901957672705206912115481566935338592795572616944159465028381901202408335808218009716195478150559289474159480317063370178201025712025891111434891178306992102521821827219837943952348814263314839974863779800231867573995855583589387707898785422141104473752409449866918986348300133707438379898639652126438629773238834277502245182939610071910610123034346908103625825223605710804962180275770029774314015525114136310347505466267895406569352997665179840680215559222221967735643141618381152489753424865598576883147309131280862314300601568707874704330191553414893652644056373989570691585658562525779196066179431924662104629587237405716626101757
802 -24119416727779775049075482184265738651125109906136707182863866546630458012245874800003763667936753617306507366613108486386913146255145272186627164995692135522443991540278616305872346545155387303113622120411452842600303983386875497260405120063042039826089820851670247004318750538280788680820280805312926535178331639440154807782638596095285669246110012236869994414448878617890229508872912491288609881305633547352224596548455391138375041343271652895674470921864366762264228611951095716910840897486419329753774723880584645876672904481055062083390288197196095628286078262382527713118022118056967075093758302359441251950350802408972223701848816472206669218144665143087120957722097605534744425142996763390865044017982450193616027173388877078160076977986949730265116471
803 -141597230441897732771439836896116544691964345565451241335050051859834774757897648105263067078590474058660137142600351124625082859791645577592812940694915832007662395177957840429303483942599835734543128616411981753166148655774792601646965971143942267863441965518771205047779659042471606354114607520196533578039520852963172559211019069700276895527832032791303919955774957821051211138876869236972557505041465397190057339604095212804193475955294195266778786945472566255374710846902511916240692482994900279481622625292304449732644926411936918652376327088119533713660942509444280791037388242810650671228372744241664724227292118471262665764127760187089207515453386218157414210269523033830632333668981443334850832796016962833252460755416530219730941436095392627209909443
804 3925057632315306513823915797910577610543628244678988881492760312820519908794803371842330704815159400301812194990722787490342240440031603576690295716837005316349938512192370131535659658922152539267485252273797585888514838125168460969839988777516463359253005913935891253091755607146785692069520055237927357222372846796504693678708040760435769410113144039824330133794803246184914340337247264782524000140296082240953063750579373284070130447620066184717510525842691955105734143616945206593184416724574221677767145286222297082677653223554208300512135817757570252737121608056102126097288144020929681921679206359932811634969400485272758735983894367617012839199690756398821058671380084426171929235010784168123307458273338671794271533680600830374809728658118907684426232201
805 -43421807036627830653840020535887292894520170932128881159585858786855599994912493334651356047470472347914491412579072459785189474990555445893384586849999222689047041733912274327384386068646158776193424949539565553920721665921448475885963958975654305182504898894504040448893975022025417463296975286075273126131906365627469480759363743089090815824628179901063517507796889415837226101730135160929766115856140653578071021217562231255191395413044611488261064292309873599526693024099004398214340233742869999266974237490573944897381263136162723618815806140066636827588243305419592018312419987569444393524011761750926046765535508591263054021484559853629740392053864482500091465639750455347166976666559749135408396681810885025350536096636762599905502926540689488176207283883
806 290027055030284383464978064501804379389751358376741752370911757642162854258794312808680476410309523375000175247812875206655733237863238134552262800628036070193254672003850157340200019296049914953908353617750190371036500202340960356132817665374806504774183877805562857701519230654440861515117481296657277525546920686421056361765942897400270132087197279396206688335126938002781307336078147195527162871554985790987133090458552517903312876866478371528971296606397584680396549804075217321022508605610471603667863809963632514088432707284510047433119529151962124311563458823176224669283854486908058949759218612425112575807983965752322706079260899820311737764970464387627777281557728669227512082970263205436671977884085891307255122065610231935527338028771855672541831644409
807 -548729788449818308800947224317774696867667177954787695630409428273519562836638919962165549007967632281644225748864483656523652363621117979908460615992549948144992658704140367332831326598839601942565390720836261328558126122538615601203450831052100964769820827473741693404925361550957120573281346273592479794448787355053839392795231957777930634191599851919959339832120537699460201300101962503342133843749284031188624616173543683189239485538286159569117406489506901518161758818850672561156094496025107230040287311059397561783271750784684676289127302727384338817491012457825420072652139429635446885138035554085343405738005580965172638663837276401372447978854544393589522833504584905236371943641465921196125093660439750429418815044225418790365189755581495408922411978467
808 -15737109459543073789153629527169643310851373493682971131064106204303051953762571781607194877896890946358251857084532238948557525091659288954519177720575114398866627072517698657935785863743552275775203144311927925886207127309973483753675831033964847286876162455800201683695224165681038550805168416547674176035026099841214970446601595748420706133931122664467624061226096015095036732686725507036513349006221872570485645100337740600348645487206430247794511377113291627000664238794742573947031764826163468104198544953392298334296704657378730574301304194942889284380149877658553051906714318526022543662625418431258261332316705232933061468578787472383093631002766717244644254426026390020675301249442143287710061133879719366168900829701085853705934907183161127246966825930631
809 264193835567783291996396122209425143979069232178617112933005000017463690702748113803161679330345202050760617437209883067626619837588638588520534053858036883974588010942737524890436267008788806693495318676255411334943395096762943722542264225354946016276011481486491303600383053050368886772293178630715131987742037934576906048954129039222168781790571142967867947101794774085735991664249395341242751669091628160200647797267790718890610726790073879517740199223368601236651392703377774945354290511239829702390606598905106303130426598566069700861277347733612939398699218360522495976394499983919788785668154585680819653147994041170923301758413692446708073335457079674137225169414916061506145180371450525381499909034529842544527918433172471565272042530226868260578888468311797
810 -2421878901851556809700783798092220023620499048468681606528766553257256596726156658642127220405423033702899971045503904667617201686068578919704115530719457200439994013405025232967009544879442430334419801379757043571668012865951317003139700773135677222338528126450498315667682241074178976450308951723181253912335535579950384618835448442830485459192990446158126754591061388863218203517187595301422765265209958302946218075174480403049807511519661534853067236063220080002076482010649214165419200878317087479898817362683549132801559255309297123516474893047546563985446530865966952104060475060916589275557764467215431540124683041715653448601158978097551324338901309101278555555953409352934856505268643159610679800662314127745521948669587905828677163773843508114388315702215791
811 12523002622989435178649900115451710980142943655696345267643310979606184339387972476108897373517534539207942300209102812538754739524535027245227106553590045108998634560715707189366338317514175660170558557432878859813115632173904914317609213631297248544700072024542439157950122197251037689771571440618424849366740329581997556799583483699689609566209185412909023094330136787090652725658251623556353955872661006853163140487378243499954999964128532194981691200561668270464717588582124967901001439237953386357444860841479632425867058581353556951782381631104894196617038745274444468258405966579690803527210517117341278721672051779397428238895221301194748563006150815435210437950247534146667010419658218215954866047237331308963817589832721142769512083887485233348548317754542213
812 20449896352840102524297242537364016839233886540236560950571381151066550478684920677422191138249455962225630903850459371729403543302720235701130162072600137279961547572548697857181277871906803084090403150805224171641724070428152897294726716932753252822038806086794827479827127699987624571369245854754570655289927708195000442445723561292347382878080314814251696852195481576631324012278644626142471642349360989250916323339487581362608985767174185815143093391060481966968841642558014156934560259460378217585516749411285569977097084346318832700545433917509610383206685081299598754226417687521389925400394761401627029036901172718388786384979608056301340994875126421898890374490688002085364093521808040059320796135619085569725149450834875764372514958939821331927284031323637801
813 -1296395501803532181950313457372596344748321492011163063453883958478006128727797886354395528897500804812362207603787652588117744280323067331783582926620573750572905869053284911342392946262178020198847003131134953802797627678350097385181154781216153822147820707480925468714913400216734126476335821602408534484847587827251365113729698165533635209029637129292576957933346288521830811097523641620328808921582693356730462059169049377050017704438165639295208137303331937939675156463040863527744190142378789727814247563265482937950617994696779043178948632499495273883167864457320334391108449552168759502045628418891585207105679585890588072917980783151413908825678455913118370540154024725628988989843637708645560407040315715132078392457228122316016658417289956255981935728885688747
814 16465773080607486310676326216050757537557672778222183947610950193797019122054675251989133393015077352119938937854693651308369106632283286546336425468764277950790752250409552922773497896308814352809508590348010672472861061212630301605491828297041936772428561956217704146313369617914585163782112852725965815521632158881535253091591032809079290208519198202875006634459262969961793950680543713114740233791939179631763831088188306713561322762637052657510273979864431662116837886112648094871644243274343339325785974426066947248256767173964161909894810791898116909529682621293839554598974007357754537307021281282980543093399746310308560004606163354082215503825229789657055302475930160677680677952115967937675637958064874602862514235372394518052347447899792144428236858439551198249
815 -125474896767762073059061629336919178411870071349457750948855325473894849146829845424618258160543627670984154419797202692291900057698569507383049661625890197471902472827779991488735901943580242670223052379011152038588857741891549578128828541358605355853860642505753316048289724571033020981675739009695598504449568721268616121544687462887410775269632851464416798621029019373317810195234382361486671712263772728326944220920060986076881734494389595967299633154984712194605013600119260687186063818170536303234073765688806853030356026383039274294968322489190907184210644990855989988335563702726151328265256269895998421620739136192522315861854213240691465084280185986742324453988458875067371078663865305940678698415270484640613899416084060411654858341617300762081331908645685403923
816 424591654632608828576934654926505512792764378708232565351884096423380648156108963772182072975299486812195185575292322480536225403796909107049801174492112936908816181687849615842455539264829666267255073076498440694044897432537786058176976995186865614144139532274502611890581071397128806149692586912743116527446916518353808295845176253579666836373876625666509764739972643408638477057843342605157539009999464612730143907153551167237294407179738715697907147381908458267275316137203907635624867977917430766598911417712384378517200101938416676236672353867111936614778950603284475859139923290223071572600180060155738724399306922295476457691430645115234108986371406054757841175021049915276635715684941516575664946356683414401521636699017037075125956666369788277423580046261024775249
817 4192814532594364259888458477925329770226767827836800115771205520699213899102140939852383817301326082346133949372875837655783805128483298643508337315609094342050769084323359718880764137714334466290172546325512366697505463576387985775394118485332716043930237811938320682854291651112659187314680183453415992426684240140621161825245838629805623806013211590539171712392154137803666022590004459063767743089426972347865942146216804006153528232427067276624452727716206857721219563429800946436897016743823804926390986748165598657101075095718829402249497429350040199151049480860266575293364130457108125403855818723447532379211308997447053459835929640843698672937911611347870168869750753272710980678909436738767065561816822036527929862102549006883237588075351486305568468254368398189133
818 -92857791807070338486173335308312892199421174244036263964318293685168866626333334114953575874474712304178566190708351725237518108989481959533350425757045530259769259152581886438931939567962310757638052158094143001224222221861976727459753957138715128384224036890747567985126560572653617249315985073220087501689113908639844531023060392723912562859687552269240339912915727856850454215335598490369883297695492251545251110711585676700061033347331613828482686317940011195107846658477885733179417021809967968586566892488816465615255324866883148751707215539445582673503878945424513624726423771783385590656409150150573261299174771135971605999901761510008269770835246195977142137745078204488100812543199214033366318067033175143078821826504514740938511474200981369847662709947192468208071
819 959254441865543225312098716960834579688574020706680300323540156619374775307070612812201340481501794255693880119077004364424967018405027152612842806303788771000437877090851204055723378837709813740650591332322428449152888986612944913316064193393404321930134786710454686607313840212966627349941342967939708290323075500831102171443053797278084657496793324429748558317704407969535095340141153296941216647711752332571852706889826374092567254975510727800772087028238626982202541083508684016950335213153988443992180533417471968283067791727435341802020577615218971644018050965373621161507509465107144986094720144555442812421011289280852511425148652929030775738471942022657461046751398854021593986812711534958648237772720417773865586923111442358157917197621150666627762333772145193589037
820 -5911017387689520789075870061567727948753669111858762023586323501360404165808212455154563019315507871427108105900124379405206768402965012379417767374234354577585013858450217117064229358066537630513731254180948451016892566566348995269815542004513398286932671367022015617623483042686466931385193679098227942946322274312055480134528585036707158052983153475172082798971051566482797325625525186329697637888809977329729495401076623617967510449593366455831409724028272755289903570933276811701030429954050297892749628126270426423381920774155842233800843872342266285571410468664009843309046422305051680060768293649078612908621895832400291450767974869289369016261544225013803367711865116027081406254090776457565153168827386985626493939210767881790073796326447126610319610801577354871889559
821 5187127217160138341759016007182532915666829747536679526751785013944221416687986840574613245400460221756533649300733150450432673612311542518668263783217632807624496653696149685498697909169855404342006176953700495435631829604006020255204533483175790652147740208721136940239350424513673942049499867673554428908737864259927773730180007717619199257477896884005783909975302722371249793503854549496562072797613506313555865876083262621516258640554630533735073597374427063331265413882864597887250646741391085358427898492916007747514440525019665620115329973303090389459145045233514189193872722639308495715619669109512772387716959513571171626487183348244252157377643296357614318332414567447104772739024685665396974459804222361606995839378485812879022318874162458998641724630647881171534197
822 404559752841281492863160093612448777461772699846964556213242002009233709412110419140354190349996240119679986053554814499926625466636366668034047189492901112984717864212236008630975836596542375094225952497028481362385049073946491191590954498871229894273232193078259294355400967613287982556382399926243389218849677730702579154861081732691539959789791265099448946045436678022251736672257159556627126704342360583048208787214403073813301823627331617650019963371945266084598595592149296304181655504528459891967196882782549419369183653384790645871344747241331500135167543755009690973195774855789412986041051807811783288088081703962200698665174234088588134207249399879322462397343640485656887925226308763497068793706376129431201740568395451639011772997817141793950527302581360606243726329
823 -6072148999647091925777575627011648692881773752142164010642798878841686370885643797843244797880268202833463046481940417606722113278881625051038355809706637857253317463924911461257816566517372712333364344773192253888199944458070387773635315648591796924691986902384462815675229604977574286716888748646278034043843370251330777106195339206406965226977929394784153741904638608205448552023232184960372514764296659324321241465533309159859100692531306304971391087860867050400040577847101727475560551815575550149226385943954559097090493902916553955047535071204581432165238986313605203253113940187003951866005013369741178343565954388743864514125578400176359507298627969753837181679304823068949547467311775197365068601157335974307588710237390362586453172936309964677984279410774707841378485283
824 52205271991856283751697021458725587510738812421865077511477564057415815220378600597257886451045373908424171341322887375388510818679206092673222262622012874627947277820929187608078631768507654577394009344726152658452362244134515242951237923122565043912951220903857436948642808620595734975483968240886335125093530840213364410651506964728760362669016073280894068782268130837488188202615972844952037032398796484105328873834179427965802416007918785127091624503820976905592411059462333094315497898134476658219382568434516817266071640045622960129971559076339800724704333757039515063941708061366199023083578188416263037911029641535123811391487148165718948683614118007495596938736462269770688751201938147465753012634862881117756818904219046234004996598027902834838970680910069937378699680241
825 -239488231147611685411475152247891755720235163496674875029296226236925749652683681551486344316109515833522864298482975922603376153560292875290370935953952540919870384677842186779446646218667662001078517677872599231651914925491750153946392680120602472330610102856924650058656523115136023822567331232194206797537986314357987852819587888796823631700012001901701800211239580489968079960719903470807836774852675181105558930598889115277841301327996588378360070203483657554338321685465339285654005242346781668423941661268472702498112265454587612586493131617903939155362690334371786779986820656491617268106710937992209321730308400572685103124346210041933068494887464167310949097413243467719734736652038128634464130540734007141588159596757215697612403769086956860410933821185067423274863858867
826 -866536293626841599263843757983043364082501844277643400622846176992982894538198860776764342520304722184619965457281424211536561251979181203384502575125368624885656332743956154280578163645267911160909116717363730899733692503432586810791443710317427695208063052011137686867105166328631603764524558494628450761676275320344576269019223484474196027730091453557372940812111646465342313887655060961945770827820687242741246577214558051411106612530885620396829504882358883387585052443851865248856527707794413675407288420788109942039801558291095870409154124926622196676608495174556759022991374204659482399109972497326541408724007592581134336655839064480360017357921445587193856076744437394302975089335142882561603705765717543498565355437397821509587235716715837926364314627977083181069739099799
827 31437782834418024575268332221270079865832750752253055259015220582433211644807172894164229775909384451610012252568823154393819873876729495843690634987361360268289277401652859896103488752145599467639006336515175543969178932071677018858857547117260283187826970158274167997760020867884197815105385923515587707438257444839325762663217879035565118836123133822842203587696061414492152614637131521449818794771586472984895045782287342514950671030303716078519188004109690211919268994777737600290160905859191928577671058288751252535150076928575880071720123671614228945232530448226393256109384191433239824007690334405345967842621407922127219380176117901039892456775431450293197215878871150547987640447906098340387274059867849572581196399821009726262224682436902805239994226250240170802726130623997
828 -369396783332202038371534433587455057912590164416856799717716422166591979420067010363673374152951834942851849972606197806878779111339494599275933950630748590121010339359125169087446431618871424513876076279824791079694966985481102609892363565100575728344025989074845856656099933815152665655200723476918423175042238212292412549755290039669496479290737302947502610358216416760350164991278008990642086771077117639974153716771660815854652975561918808007332987783708963822960334163849544131652284506930279835632679477048490184834440225010369573620088279495196446724340735104351494312762839385148884491102910296826892526634797566030886328687863082906167086040135251616219208460089994308153774252077808461989223120379715658090526676362821955654162204592948628468846299693602789205583739154165199
829 2624948149833939788385485437752701801385968095435979435062551095867014867622475365484735334293670751613107794073701859747111563274170005692347536905422796193229875625795255510198664848383094703358889444513901015999574890574564174018202538878831133476160240930608098796233335114299088912558885710923867803264967291517436338641687647480096846916327891889646552582581821148323537429514527065568427033284533070082354079358809725720533225628937424273736512825777565217193268430583830930823217268070104077006621156261809878994654578274512862782862475420166382363598591584015909634342117471887268844174100619195191731304948862971477857437803741823530214127879483575114408545163997597956097328670190252366743969672513808832069965581159691516337393815312499386848525624725274544671860594252103293
830 -6869788267229799013115269025264401068816625978659813084023378312289407778294673372120607189189209937048755517266992155864711056384916462841760228562756951125060526217264373563372146091230636335294066917085170217773791922776452597564368001096257938074018458636054867227790876327356986824377267852602543590668046966763789675573062471675457707281732469402482804329088610092637460871698731133242365762159733461448157208095558645540362779788193651560841149944902626666654760715565825435526844957393122201930690987458113073768703247961913063683350397354641509413566057530390892826068544151202900567740785896282832281818545774892651896496161030333970149830130539945859126237768457772178215705157955355684651023792610798235432990282699545375776651777951977056697736932979127321522040452209141679
831 -115850579063990105293424892336931257294801639680375882348221374670050435321727854415698119983381131301632386439687239102374903238517745162228885519421179833483351594766551375798263530550401463042797322184180379197920802411504651950214670608776734082267556029426574557341659290686372278597790134065662831549822168647164398477631907691041370019963674498304518369238584706722440259814068389043226245998212265138542384527157532012312185858998994825042598532753006771086105573075801244973680918561363288636236606391650718454552552121808662243368440469579840289244555391812556252554808447141744728805759990301983742923487073414159081124271957822987753644423551024386347714379509379942733403060552721510383698583545066412622076384687638967413551587408623884084788541551684494814786779621922444683
832 2173434988501377346050547741913576706082035116608937597464250755030406902489971124769577598407095309440668821912589099178215629895209770154662725852786302146307885994406971322842559497231266623560637246260125989344580555739054497855412370196530319365889413761176519849441524601005850382807770826364827281436115769877878636239299830130897508639048729771109102061859136533967791205011588977329232819958993977006968864117901618182735452203849497821861868996845527461759162898777551482897219434096944056003443523272016017111572579499238886282908065529931897639143353699453403703079459232805005697612731803268379979401492955606005488693610912553125167093845042556158007237620489022200106462366085730944687342140668873912330258845862737809150456414519241121510235315025155640148178528818743861329
833 -21023196156549532126892651884950739650512776828512585545500053074362168353666357533179589698450584288610749695032213890465449783596602310704616137601279225438521707595642531660503112079474890920903274028966626719223563915675209611756634001035247001196129908097863951975791083234600339282088025369157480596745940984529230650295337835280314724917396819971277081854679061118302006597506436390201596732906921007584296614338318908221587508391423946556397771258795778582526754620969472733353434604780397362015308398443232934089440192602339836050089775324865034025222429361961911216382784274028400418209413481885178011488963656322206782504325633357082920384460591346893241601051586297652311322856489610435593321764941061526435658723879686102894393955159305321547940601688677370177278315813846498803
834 118380051904879020931669283447751204886541832104759884951732924570670550348233907191177252779953126760865506507325402056429707246485269916321505455385387768332828697199024730692381925668984895400846167782529527442418367737426722231470985634696016709507415584425524027538117948365071893768115388173457573804430574173660295308825837407837949140116377961224042360161117074676817733244720826623558005050902433324235343922307718292500007112676069526207962122059247814212578731967872341584645264104383854631308312479503049626693518333089031499390260178383085917572218021043028513370887321982731945685666819894142991103823638126833303136623579862998920314536229853889307408044285560334690561341928518840687201091983739366625933651774512688010229192259076872259985424149806341527928331183757380412761
835 42422374678045797892084405569499614206779536810385626382845362560220804727016437002300989716941230673896189149368729660806202941313555581285522399757189391628873147596921541760390194940659653605417927678923271270082801509040891300076703483239119415896477690917968759043565801738677065094058993335197477586438423305903871216824834944986609143397167751754377627764304143993568124517406854871328574271197424714860984627447858206224547827872307262899608014080682846953355623520426453852603822383019398189662686302289632145611549182031881901502888621343972983092559824636522195119603887770684127668559431696428898713062612191716503121228636050997205909363572618844186640074846407883481539899257696532070182978340581344451623388281374217788444397526060446446907824489747815846917967271176361289357
836 -10147264235442921588723327342852554750498681522742843928643589003753133010438722620930003885119515499404789164201340308636932750951550568497783803500075743013815335222288675223683620202983506818935303241128484117577809875031241215570210682263814627251787573156038506160452385299838279401294311385630283528068319891338945326683404488182573330271344563259206218084559435510939278209261462058814754398455252250588913409765292213616319703220384011598473177547257811741664309036628402609438014135561172081016953269109135111949392712458314903005568310365318860969877655137584708642744117184282256232242646265499250656900272027709230190814217645271949630926291262133628315511814196332093658338920042284689469874397357023194740958605388271657159128937300643882662426536481562880004367739376637859506951
837 138383385797035668510545950232972395590168211283750362837811238503078847796348999733524044650536626006495641399512166177060834963760277663923290260516818857810772161281377988598907551847704322123727409354734332626129899506771112412491439116259651770195943117995563280630704999878420347341416414410469374051071937171060038247767912798499827046734957716885307841001519689076146191625445437211810908414787263830483888938535581779319359995232608787515610621097035422660229113905438339501696365638315734721586423928339984002577085516784784954157265699411958485633585889340763881937832400911973352676233190319955020302868695116898822896932580149158170193533676771434130203349737842227912792467170839115300116042946072913347586623110272793435400700146132750796108956042013308557533162426348417495888773
838 -1114912672289589073535783783307347317893973731138661210053082809898636502823255996449496507182494426848825186369021107037314589521733275725208514812508650517258106709219148486124234311160265299167255860916544322504014155656737339913684285858201117489535085891189437775868252504774631693224348923640240031360748888725092567035163493347877143488342167247569273734907926678539882034019294888599622692994677181712842738220472187353813037566305709035233511160733036533102160245000950794001233585286592837785499945419796664499315233204013795000556312507357923379392709742025228095178016572495392068768777515909574416037960143086597651716248900867092642942724913833732418951599410988415347275653517809480655544810713548859988835307202047494508775848621873612439655346280512749012730246496558345125894231
839 4411870007450685568527973473850501180316996563386655684606286656313459980756484032183292325914768392881812327907854350674676813579719991671544576373673347702994761765571225082342202359103088895210398573524012026039477802206135744740303812052559340572904257643382966803177765035781022715559788600097431914614399655573114825433878470494082890492379610833711217727086945048322482554700879624222467367024803988166446203866940597639050822328959412418581112976379027974412517969846132657668750439301643063771739724255444544579920541538289917623050121476684483895499000229478398808735697002891285652621918279506463142488623572382438411364253889522897431604047306315861458026668675101379016759930961882935356618322072640231498666439315746418126645079959145733513928777291081764576712676872048061810430477
840 28329817340348067995466694986563585584390290605665654062238810927275064406543668522845802981521967710924725059595842546090122474696085691875372639082346651357500507748483949303265195111788754928242613394136638876720750993527835606424780978400882065381212978497155228290620705012746811775759679333563747908778682772680740609451757081779191141495968270092880599572831924471481856038551068332618069171478734559717025592445896243573850866200194241290611082381356585229124756981647604389254520963767004685298115807120601025997343880583923331487695681292709966071891272182281043428182476196215184199204966817100973937238855738856726017034903722671576539106286074278453609627441172236968095198594998160761540049072683152423297215183382418661802258361915688674411368271551353405029697534565641422945514841
841 -751998772450800647970526953757788011174185443090145170481377761849581815900727458717455081143099387159727816446787671053793888814209612425356033856565964482912047424924443103290393669755558308349735766524178017008473355620865672366115443013944337729541403566158076643711383801799494203526372324767277126987875507199206338941404905864299905035179787544554720297331756675939051495721690777107370773101556542806369842547038856564011084846794779276987609886522040141897055406999169245947883317462813716265837391157778920733796374322121605676586111340434333097474990691566146614537170809690949684802130705584941809870907126501346874639378532790319480180663249630251928256526517546438851919402264054702563765480127129813475113794902819305845653188595785444018314773118043897393221853512380132978507274283
842 8222692319878758397431093699123111152101973071651445988430081680680354206865988707951629143296362476042810036479454063223453709798468520732849198174486238947633503069323934897003141481710031072399243127042317537538587777661864193043141083426789893440233790049237481915774212947938588825335718404120199306945438664771933433624989185263580740609134650575308838044490195916118289654573615026585437200805939857582446499131119623082544049391435722649463585999618349782013148162421013599390685799472411653703633881799639341984449995399361476859778359769497854641168470136927139297090707617537988530621412020278666998003992888095196103590230270520641165071508482085796523833235626887193985522629869052984261286939077507567459512800696320587695174607370099165078563582180979076073399332099557094083882874289
843 -54217617827633667684475920658216858037920762275287958089596128095383529569093291137191998371085652891162710581556682328658975247819017261539763409277823373099914978098928644626397135617052323401929430935664457509059841640127057104808071407994016210120338873853356296166341698569134912456718863070257777702278855302461085943910348488105155524224941971520309987502311034288220737935421571663297521380677403813403617572506008017165186379517579199694617686855979289795456478464183110067098361615798810292403649502611192969865674034327135358063507864624333316092376442775801287788619079436684604666549657880419335258518750036967498506807669590313024329018674024183346473102053835400452006777329621805182285538566451009140888283255525727191664347878440455330931628189215424084930074209683628454578281540443
844 94025174327853188080666869680840087936208983899558579391039876186701545174021282480587203191004999796968181618552925722619804551710765979957731120826229155947550681210065366066650991696426935158353090982051794520280181762384117203064124939179930433185690513103194772007330705663466343031103008352050962394374688370827984714531337414859148891459285499182958214818143952374664484767045968908356666836148714696329458632889177069688590672513058516854235573129385869152373730438371377531570016644508523943030193295485049203768306555562019034388685724909053522741306914613678044822012068478931804321842544662219998396870279764153650572420437150048173062424928225932617585408228803644019730233593078100240426962598178621363667384289837272638838723873556691586424609477727557718921183953189863380435080366121
845 3062036481327030770350151125469150187577700572033650000772655044360688186385470225527474211669007178262731618714508545122528579114836277712718657753574436963065038823691292922559669900333850516061732934074565772551813708704338562512285247899483805582131468658965657539156919960094864679978445633929667112427757984199467385269590824731531220245312296228339057724106707561708535960936151929635362503646171381255238051624234370484036043144332343674113884225346012068150610659551760606384896276306135804979007346759923303891606083628586684022668007599398612684400421309771556170195199528020495043348486498677425257693902209153883362161987365626422251852928283510647695188197777687932170713789019861194586244516516631042277712769926126371368545660741147719093923840937015506909536982735689181224585416393173
846 -50381622143833631656175818942870320594492911585891260709449388773937773326626410135266998607870869526650485819989531853147569288324353344016256131061888538124506898887270137645522560513144378798700485932677250176121281079351456879620716750161630002174989036768895458360308348652272996980247775366541319899270980913762591918841162203565458129598960019989014676938737288065060072306383521433177007823058451020391439866962443665342789757775201462318356299092169191697537311555255914043585270202103920427872239354495927403078001342437190359826634340272575366084749873400284373788550807656541078077718474792045098447437333746703763543438592410594481623739701811176517744061159622657818534281481085562847307644143523247595559892471725098798562160342229990568324263798068167894627139623291427036089162848100759
847 456946982563268311231070083236104982532301745774869919421555892698021930482571840189177686546736699907063862310324945135424287871891242885788674271676958709613138005656449165868881614737959511329556148792618779394551105611201554914829002861908577629905186580995434096988703456476846694420461763777652391025566112027059072875136612249969023005886505764113715597901142271095063643289896041407983455330145811807470955746129975080621391426464005293654341119024766302122035956495640511625907236727680746986801141385746823761994498708532709156376490193484740384666112551585926982782672200424179559430535352008737223671583271343857057623705618441046244216234588940984575550918914521866755690026840962724968107793505303847861423068278408486090161870280000090119264180824533517062731280031299715461287805258232237
848 -2319458884891746984200860491566298246948974606960167370591207126284847570107991995137990252423272885883755829320908668624743605378483455564036268764133878591781476484113165748202280509018468105225841220630667715111323917523301029651340159427671789516950041120471597241922629343556410800442473233384671263114881273790955664585850590392665379546508375127941605575466515655739115819160142575734068149174941619788613536794555319876136347538183047382157618892502493449372457292619998754085346711032919449148024897659682858566221019785736570768970336490439027190395887534482188186313182725420849040555294482630877643132294105490887036334363562615324694836789301777634100353766175080164934283777992570804782018316922678829940369005477889677743099171149182693353927309640177544460628031232808025482740537137098999
849 -4466978194675289007493149201160581694197160718466135709556097431229407718621502440434790276852299595839002548451666435999678077141545665604988127416058085713045309662063607272808990561791964744706543855581124401473751370569923026150789814370512366192725524663395282103471899710057941457541971450521157632193804186370728813567709684711747015121422143561273007923219296543303531203345547998585414648162180471539525846466389773581735264646520089297960969436561422860470065629958052430679875772808133403153102184670222404892652087501611045122798507439653132316346085213851873834625387231289256963683890901509499574643684660087429601062763000375809139370365288660965900100975412041650637918230914728340595230156512965124447356797429177341621523607956912471341036544051762234796686260147510901291072493203137627
850 249641271555982606465370609090967084021244216765656549929989461912298017307975640986353942825730021876181423656553724874156071107201526802400287400377506844632680829253043024503367352791911148030841507959741423343281250984727711823220518433579008362097457676785871403978646368538159246185762715100816422551185553244547963030602374762957622887655163701982200910445359367366788632169662240561852526699248732675332412891220072113061707596211173641550842971018539210161133891340410836120186018859038619398588060724281750275332696204669446495710459787823881507930233201237057721098380901797284623071066733779785678981936836842847511007124027118768586779694338766973843670011272375626952058742503481518660483093753050433183146030093767617309345736388511274512735312460532065218247162489034823034758899673729490929
851 -3128270719003234699527256306190028299150319060348351189279798114604026854949002807542026858523399597287894126998824908079745461348481930039317330578165316381314791152071085436913778343348468711966517636146917685454306936054925463741729203598381774998936433274782119213067527764293744645409935214954445193303976883300473452383548205512600163971832698775688012404797605260461694505400851811443808770112575873829752493456067355332206382091161100357065041029749064071737723764061904709917978762100208903539893069537822950464029071615832516991725381185503036797487899859690348559252224617422043885244726142353824210936083572052692512391810752456706942324999648967496732443266551906374176382817516446486068989624363448394449549399744315277618120448566513235526670258824416141015903667768201372736329892707944131387
852 23568914781446753575590784549612014566220181437346722244566637513100114013740907810507701095014861191574678500103352211024683832472304059129069744261387550808715754248811069013058316722806589323232610046689190161572718318363275385726253433196918189761095791905682484551459520778131812698711975726166251757424857698476011325966128380051212204871891911437764301474464376991968432643421922568429620211022937972376495238908423206959237909157890128963261543586398231605670332718020533198120367649005896498252552515759315753916393907548364491459537714178211842696061857936221445646169522624943936894607930399942758721163151786334017160523286391610721358186635803109105202378121853266312222572572803152266029340705005644275868589820911158467164432716888593560070011721898752149736879897924851609614086330018363314561
853 -76885184505562262065226389294173741197207931427284359172311543970790088433567762681562548566851662835170312738598320039118524268884806034898237139230726672682695462107845891317264440777431145565041108335117847959729713169206489397933401988145329556736865584459003421372509709086956137797480641508453397820477377808262681340967509474514859181795689762969644679488928260256765020650966531879886417104509218428432745927190960419795883351612455676614925490189909592850629590828740840695838750659845573493026048713847773614201492313826233653443870644038519717108239822904507310067615561117633875173138218465990560426022629371886125769027781986708077549717422210661009344593339002498657613210111775351927001051075594391953169420691930231565556429112625885429215837089856850489901275024585451637957148294217730955987
854 -827880235853243626088087748965280267873304969885750716556798130955509054243311253510107298492405869669478651630684157254607582895202140428172704712114769126235059414104608993425631878623505495617837536849338110607619963006773904464453140504258107607801989648639216286800987989522632007206142057241459869505129711654745837354138375516550665937065784200434610798486040801851310066860246648251146007666592088166586120414298910756285345562370029834542688397499016047925546462074604656428969533079539697161768040491366865771505583714100898233650375681255399528044530134576197785234940593433755533016040575984417353851251663068222256421813245849213145313898400741371580463898498319444728663562528212726190154236841282267934824319960246641515154599723208845680670462429993543529843927081968961842265532158664155308591
855 17775878033477336699751683110109939416715191706044160253297561782009563720722482029074629106069596325107302836311836509794622469304821577689247073793438852746082043542352048904936141387406163890890639479492521186745097453793770455431013024564472551578371111490548714724520941631756652831675771404167056621028252216080418475816677108296276857080982261046860262633187005861031006575209856846767877054174500296045945854964387494214408281689453060687686692598983121233405935567400025319857474111982153052526376069550514626494112743025069848699799532374055148152112777011516319170731566414838090236932681533400154608444456913941843777168473672892186829378858596898218823726951312076876528844618557677599671471999734381383425158160821188448664111343512353882121954579059166747105538817375678788698284575101819688505493
856 -181602961145772476292751126243770303846732049824777207282147453067829622216305325706791564520851379870921988248910989794445553012500077716621812433948797987435632451730948827685416444547003623284739457869870090892046907407658263729983093333600518891916572643146132326780278700831798275977263740313761748129323093197249643836738605555545928581179893508974007692537825499894564914269313005432720922987350866289237701340215075266702977270377668068255927391501640960858286788576011460780807040398731607164922488808967413402229959467023560100791333128129291582115628289085215336482682879909623174201013428247456850644140261937176543943368078754130299926448027719645809609688839751049548720546435224762138471293232603155009006778886067470814026281722441783008358473447269317265886884413150273867157451180414777145252039
857 1103182957109731696259161819349979471298762894594814516842320825145177477978198041354642630798014111704998367408615926834402169639034296594865348518611001196422404318823547257623025680125404611176436262603512251211990846974408234758984357642271137022342724956013698676743731476437900731951884537070964822886594356215431199391978890969053722915747375192665609700998128736240547399210628833686384115412422294580406785216625595682862523345414693771816556220729083017203942704711030757742343912201141115815135608351293214198125558011365600723728868507224151421911082796304318569014952931442906191785699341682930537207208346700419602206544579188107440858070041010448692136315121631961466960980780837544920390491823728565983164777430907144228374918705294961940094098537825783341656521056419967655171914144545715854829557
858 -759113125786953620008664482916219321316293284599343384440075654134205885201774111578207532327386486673744449389888630672671864927755900272561327321618037843192628791419571206108365521210012674441589767796785056491181967286997226286638844795010505503199281243299199715063374112217947298043240170959757101304629119652749192254020665898165909623543945769584289345493478359269366472116163557771878310073293378604710567973382970040213424818238508824169937224448766699349413834782661733048333077319177249363654079259741297820216139614283745679806671133548890526224298849248897220556237922317049368405575656874710423158957350888180939632933965917476828439502831867898324816876200453866464248470965576116695672006366130192221391046375852402075505248283163763331549154908532105263473381454283173915611144302884406857726799
859 -78437067414380187081435473173832824913485347443121264261194731056400786893635065440653934386793460600860958516291695315077996795464922207309071443706646954657146778837859125741422889938820257277962086554906845583675989223205786383643595726179645611422271057448855391604838108140571162025620689836286125747341008546214981668958232216073775008938304385846257368189705498897561654692316477088943888258934105089694948373245660334834183853928684004469386542989697818849230084697615750871722407490465586249092425691947377328246220339390732765144173895595377830526239736966713303139339190678914153405702611422521684181716290905893416852658559747953757077893888903450070463377115922783731221111215361059150749775275443607281543587792262994322493752126066955804552767356175518538573389126220352504154894761498192132124268187
860 1157478917296609599821718805181919114247321101353824378124972508999381175103590410416943348840824621819853182989209421067357074346724990367109473372760050700215258460513589026727532314293784800881264060951554349304779789126114272557604350367096693656471764579085057260953504353636240464210967072166793140751810339390565090569401373152887534716123934225439858292582443112257938415339067035069818322309847898420218411069164266033776880069552676833905722547235042765947335755042659331668884663170387930389913383067957411009510730350403156740192766430291282288436859494821734137795799602224821340710389305354288166134518572011023054529822466067674110034432573666196105926663737349159945606923606484129209443239169876802686032291043821062722185233694847144087188418409494359150784960122852460131639508613076596326998389401
861 -9845203070515493047322570021683948640854463520448236143796728163807944269171457256459876120131679029958048764246170151784780981626196775079324265100342863359063910858195924194724056271039620981212483415285400209166028347398046927543152766237291971629569865081951471437150935917029260415898427181027311461006720510937862997993577816958691703523137066216312519901069219534976092326728710629198360796088230408454229501026333859076608047079860629286413126159411029600760961874433084347191094135760300825777833256544523295250508687242795759394611150403132839416297309841600169917060003082018911635975441169237645899917852315868433898697786994109351943945748301007065995210264528604118654733716008247720244838064870928654907154911981131181586390670217326553756002707907578458016720056915229392010526547620535725310588819643
862 44163292426481960488810552148202264764979314224202075461754998337088857171266838353910567895986148305739279411656617172621772790363592777629564001118046065178166101902901834389623591109822741242347959598868071196682303477228745218268489251254889345483476872548865498787884730260595970008074198166226248590458802778603272922152275459750408465363216326569848802543650967911944320137518271996286798068692075737527811343462314461817246347331697446979252105504374955400203518637122263810883034836768765576617036085075578806288827205437481069343846187584342051707571487877084721897839062301917758412330352982227803846040099491603350597408888077883598549350213991390878470845099116948708751489299755462638152687950089849226553885030713117874850914521148077896324767850255928593420082808441337648146140614427131377701878352889
863 177480280360817316673182016573326452576079580553957596223601631648495945830170182941638432596999061684233240288627061943654132519144890530709218784565993397186431466238749967894376249643092175727228950002018906416809891132435262459965001773850954678704318757344246054592515027919210010590593940225282787444422607684208180288406291055335906955365708139598893347319471094444855471144377042644189137563059733256359808501073459432527797075512167073364697956837223375630089382079479437980573760690721782071865956020880772724276811354104604850499723957773917390413008082721646048891452591311295927275516394768496903613974161419733445013080934156914594462231827447433720667921406878513255268083350155754963183395437928866300174238107303359352669800570297685633116774152428938408190429428858993361336345528341405361096923942717
864 -6045233389252025639581006563302305333686463978073926940075313406005312368255276546395818768757539887871106236855388527097358694892564929733752915920869486978821403675540446210903011872317818529881236075401827677225108673578673270128452738311347374197943227644402912239792755725744420266037687573923945349929268439189863849225954378604185920141869833648596174196829316924647486999262797056481563171760461152771734424663630858334284021514718139138748323568472886330180117685783478628847915392584739251072494060481043838791018306142790227313288461572162244561969046102903778817939728185288190499346496253588496857833100959462556030047656247892713788942138557271981683573949096514505001948381301620905166956724345453511691849083244038260725070623444422892302058470993558222755623074499128579325829433905633086864580065195839
865 70160507857671964704288660986352949372746415185884360926054774277746521138204354687863623552637601693033143475687489799192157004976065032777503843469781962314639993998741321968930625283308340490018629311130112597112163823336308458952777389037011131836467056322826719742186634603429989197695025747594496196237822797806914076956421933340393511606981341357276140816581235885837295784116283149361334871293369001705078152915350660108731655811643672320807959342135537204074992454596340075026948262620959003764262409989784623777539858419804918927311750336736517384862177564699231805599368821325237540741900394689143874637780679375361680634102529573258801051540667934000919183579065272749605720649474259454257116249100013943321361572008033088611109038702522676030395549383094514147930310239321798422333705407407511381012435187773
866 -492577406798254696613491207094357174766422422063456745710856441521339302316485493992730546245850606832911282283463558551451626102412721810209392015377169825655844021161792571211722261128656141729629680824467461939618786221826670440638154880034157544284974678521477182868879076897472357325014811148279406154620509910369541644516965634284459715861456331756656629158695112259635522265181682177550891136936964715999333298234449704945496225887187650684697473460710461514119931635473338408882326676246395905132013091923141099810582449552608783566268267142951166468721441750058694849618679950535655909886296543923945789974145547315109091933120991277649467634538774496776167798829180049388242791118949483634058621550816836823410908440230714018153458913218733634352968940815577485577440987984008382645603258528212832371006936417399
867 1220801826198583338273329475444785580109511719629638745399128612594666697853940360552103117313438819443703856539156336618386482204720789087103181451018882626148051005039807508919634390522288581446243773477980101103204125957768504330740873806744670395948152408136727876125637746621817273109538950314606323929653226569018875721130223266662433410857820576155587996080099255008985296973636600559539116519769281651903792449316170277625973926984204966809596497265861500916958242325136673306341212783456755401795553720188907203267861480943230879546663383188162732590781963049115738672494907935625038591766187297748329105441405094611063670193693838633153060346152721800609007676496401567356433057471709481872849858761959876235920423364140399968751646092678208461425740483761195307141071354708493793598693902103295365016046553246717
868 22699318687425444434145125678810318417655807630044413790152148854164814876907301660202193493743619565714210707008703707593990521934715072858028724614971861657352084160584122190524218217338248318236513184043115249143089300792649104140185706067926442707893415566015396914430334456188815573820469215142431664097111696912681694657233845789114562147668374423028090296778598926509453668328461605088983660296469602342928336088318331482508920453426723934919631385793762580002679958713575905646450534305255655343047426843913021416551331735506975008717644636204336781083574625520883610442904652644840580539431576098730408967129264405894116735450932777768390682541415621251370110214668406938842645423924880467919390390499794267326166336506007249986546583598924491565818286295949871160700590873352039275169438321932795020871134756173321
869 -415786272829330412339901234277314036060289617989978012907676217695470379988904660282366995330628532128223155263930476819826396498014386046320317102079077102663401547708369654223465353302076030475237459137233475397394690631155296724411463200353821650723867033798210778935525396374447330091225618553350303666912484768635536418972159737667561011325614740428983729728074042260410136193115455123742744713328034038440414519211166973572216591637029033165996885517683205544800610949105195749563986509955215548289026470579905194876001028332791264751522031608192931920531973028342163336723895066379540233799222876269417444876494998450245220735362012830067246191940897186056497663745418085104880861639903909400028791415498299000139055047052977950509994610812199950558166869579267458839937168980927363735295598768704509528436530028684587
870 3978666794706891763184298567107666001531615711199439889755686484740660204908245880701013726664962169332444471916350877805067891723215453106705744547132623424227027485785959182743801321450299412800010302953387718552426462174406875050186939443367602101372680833422823548704490770415738552505538468475316171578295227725970750980983381140295213285529759913677765059756397784539853391562362961866739639526518951874111527530628646561992807549864387740977820084770334732319263513902790154073640809194113397337696382524631535066076217466198263857664329296515604843401327176505556592688798406354394041898989341601059644427341027481076135156408963991036297048720118949041370687587617716647844018398917708851097510039294792790828274518193075609225945050076498666626087549013782261271973345629691813708823965850997721558367757561144628729
871 -22042655606837137691095643199395743198385829142728419769828839106148381377759607061096591440504088427792811043393697495167491895134383368737763397719740978591799937766143615156849237292301851866135597250166975883800137366806647976227939109383170441218148596776348988102648632659798907509207271398407765070539243762793906064746022834105306971278121169081051148314068393881260556837200614297710934313144403384111077585646084586105611493508594612855760566527115081151378202417936505706581963139960511243604987063009212203867961401075845427777166926445571461451888337924778679110274958702287940926114922549225129631438473884114203539545236045987575271794005599936527618015714903920965753416198352218653180218998836258941733282763284423929822309008233589536517199964722668971390202982646168921444716158711521041037806772433005755107
872 -13097835907851249405861515014899326045663596481898266528872742436333846764462693432298614680456108440927128000359683254479876861607692308949419595197750227755385673009070629783653977479156748243299207238454262897965619989963463226545277334079147488004049562819673642460671158131516524702827824199407285460285709952498668107469004546951200927924372615651699332668329022713397957778473823705668452348518687451462962419248979441783400193199138927882431986443140314383937805495320147071037249455822128201968052074089812922922418203247033552773112206086390275841648788352595694351139683491432036978766288166823383037244613285087479982051963999013218948171293236080412525953392707440575460427641108761135040628328034222551148886192101846161052162493343680895127676882338731338662056895811771826258995511402617588032703531100350952999
873 1962381402930135934094719827197720775802982778237262409570114656992280909288188230126423639512255945287393494880218703620768662564861287484212978063189471400237620654753399841808512980331087853753696935448179626772010194621926718538950868405610863320534030761163178405485947505019460192183092201322299332685710587256282083854242075079455661752278518447420847200942432396419331240188733942966996454293274825871059977593976563802370942328080583729847586152836266769313945940992744370177813659829666745019018673702731214348788250436891293887081834236445200669007198451358458749169264289727846326807826187349021989676141059496602679334055933307613352695637622838854070511426727694359303918615941854152043614372822257435364986591465633562295663956931224373093997107368121004853196642396273908318185708451549040270768287364216198933973
874 -26368934732791922685032687905341510427874975220689003015802121727635732072328710983536979851012856772431209838222300117869288505348497422284389589211632076434712684027079802173761940822969479399453843116427547928755294274692233370643638787707157528431489196788534617501332110230565792334925502046219295351959398262045896892945892781555783500993558416967400438315239806660132598153212006394795991525618211277051516985617349802396594696423957560150004829326188357672398653496605365756777386069704170438244642819033479211015032258340689350939647752164113923943969367939175903070941792420277388119632546270866047103609321595969624880081993935083928937505164317160822162254510660777052650150785834155223283639198617928716061376754314045668047825826745964958709002804325168760677551571477707573980495525022973396051637969716480916304271
875 210124144554880609283259173366762496338543712939689920884989117797695228269430181208649333252315957644349282342016177656805306712183841358368870877680592078295348404753569991032833033711752568549355444012560572975920947277426990328359263467116111131719381152309463617987846275701543085600971104793698060310863119733760627285018715514673153050410087588972281438849309728831240125034090330041849565077181184032942174305469811756924664298706202935888354314303226271711595933118365531497967879076154969765719290936581879735705493612578510773321824018893863149748915154442315412607561871065406442427907595470435066824688783461256824501459037362975869985697558039606463254404731007202696794464974162396520986058958967244379139181434361108572251078347144337198405717639777443300649223818962376536404093397982310026853173914133145525626853
876 -808126969860520627667885345012134191319137290234004966811717379548682929835011899759822114326727469578727998351056833454737465109841339335775396853146934347461263707819227512552032775731365487604637509039706554566944781661031288994558368521146134348214026924361463010859256223473785567190668207205041766646318971042223698748414725744447903699611863249926083570779878664267896887351199523062970232671665394851494434648781002378704163973477438248738139244796011354075548699848993229478716869819192601127271939699148204277806659319629159180037014782770664125146774900297586226692821150670955197984163972358042713850967989584129885321987226332255532895328682466950355724296737657865451837050380238091153598248208658013379852920379118081585609057233249402288255087880856789715343266276675253710800488656443232878114220415485540388053559
877 -5667460254712737480289341156581396410953677138932943405905655602995453238444925411338762215952479758947542299464034515114205381476301654707987068668058594976589244694791403267430702689666262615029524390795180202204714182733523611017115443685403126676245300242572309120379517776557460742130687190627676342580329853278355891486342771790578159397803785161984156853220957574536112975347822854141189620182125421403222122587721415107662302447076379115793242492082584551735536199161767258392632110418324545833420418681783216006685217682419201035224703994922874291439729592230410652614196530932687891823762002827498264975089987368731652545963129097504866770278523378653960741786377415464196816474611340971119521183541513535158882251586417837633710985335218734637856004740157806515939065422146317847998993558121496670159689132883278683517323
878 144443862464236406941391018322958307554072974142817778437565080603572374834684878291407971844798401326308393298604755372364149015946570458417917910889302123419771610441630913286933685964337370721716291794915825765985720724662379185414627237186969514097822286392332658540997572372028591771772291169311944846105796612497978574484819153549120670676875632280289231473350911628925952695067077911298777230017829063945587674854716070200391893179447279349831511674464639961507637104585326792460866586657883428680625118523049856446740576299733568139775387939011569232047122016500984376040575297372880078444230827331009152912872879085308172563489981687876517163245007253044695313302990896948223412798450952570816485865278990030722617750113495336550528634299624371459900274551335164765588919665174926918292915176775628723304480036164357994618441
879 -1561266336812417337515259416331032123274511408074607558555859681515395817634685328580737449108448583903244929564313515683181792288338965247468535135303972056432358334393742482381231030767602649122319412465318841331626764311979796906050635496135510491008602661648896191377044993996791429279403849971211681490567871439061564995685382729758793536694234600405048439188297072312431696551179974949438102992073633535015031963160410685942641971286735205970955410185159467539613828050333682619534153785678030555849648621541702677134826713354122914625869558052833847956145276690060157084260800235132163397022883399921043621646356123638278990804510487877306362576877279250024836248596960264428384195677199440122442837754990271672154835546481878703058852973644635618577068715439178719180050797627244379231124223146885345360215293671438830337583987
880 10160385460912430196543667117064627627374319892121325272867845674117643072422301292046463431356988714536981136190310528675001852460965714667840324230932929800201799199062286431887740705815675088940510588802806238121779009497400414714026187698725902735817612154091648858389650235533381308919835732462993384129444122284659975807125937801431322811768334823784469850428432106030633999706107012026152979634110889107947833110926017415848463408091807292367398921963558745019067423429166901817382824086227228568464864717458093132648876807211450004200432756127895214423884149222203226372532362267623727258981018005196442443493784363464119680760001911445697288619554371547558862767726757529801142253383032573344167559628968750564724802264735862304356559727856455172247643870657795920086469985679137179785961380833570573524990352540175578840743841
881 -15970949211839388162130780353648212611901845183701123033655865757678741801322444577460912888541330966512517480508523879785496136241434356063795888808664009358601283583339856134111019009142781206244654005133004460476951897919106460517730236802318869939370854256440499233658476053922123879894125196373763067362254433667340888460080271999714313106722630072745201447554302508521262165680891830220771252049356033257873711869611033312983109460049695056762301614206951074917154151711516351899502599556186930287103724012439418659452372010269609912231095510413120666390377178038434142592032293650714623685343866937315310831820639871276680244578569298770361070978261446928485058949320799757916084440660409044610613405829171234999719386074398903113016132665730734123066380526273879074139092296563867225675948474489062569358754734096168560207815843
882 -596981809967360156565179363683390145098537940614866260992989941277673074541799962203752842708732725986138975543476114405064462182255320718878538820704346564347297940035713260538120655561278421703187777167738487554965189702023760268682904198980761510335687574394262485021511653006229406087129888804123424099602476160601162251383864363436079909177162654762986456144853836652954103955910949874548380987140872288739695886024747898019086745006279680087395610917283943501761135782248928649303843796963971563569261201441309089884877708660013411757910129067724927242725140181046774880975175806409506078134895375622185738130655118968743218534944955254708728372609366601678630681662503866946395808344912832227040119379602149477930220184449011711915420235391563442866404144826685225510923503780670607134197165561220595160569742838662958236810172791
883 9632814220763164182135343544028019923943535028563549816484865154233216024315144018373893346054436625599723020597250581343270511701533299477930234009079139789373391481944728019119203908004301027407857487170184587422185753429892854181929017321265622088706800280299260949045990186921417535451881164313020544594590540514686303617327269291668989279702200635205638191237032162532326055524207053509138510606881854764692676837397649300284161870798488471577628565042755877136331062859266696893852674808055370106691832955260348146148905603218551365474074708416395190949731156155892053141348075065253245355142889741896150654241355409423293877698628983607846142086342424171363800240250269100543074011285352344568957537843393407490862439557912999221479524565588132785869245207999513198970733278961383051563856881591058895126328538883425388999954421437
884 -86439115766870366248442547403825313051390466147341895717649248580404641321669274704238837237629772128205123954201607262910182264248164830918093421112334810228268333679208098251792886267565277856904925840080567204481653316203458016188952934213662100630431243289500427269271634834274307604341601025676930296395098444207318724429660217349308572633400176918878145461583676897178586956419283816284236406811948531641722876179060117223240414185079436329836998874149432157030287407622499144257095447753991884690265605181623978144021105997626681883575421409268968438416502833041299692225574475041559337192767477091836831548110832660037340941926288096678142557386347449946376137875510035304061703160651400700877807154339841561242737154821008462620612262638943907467164953642802785230433190669484854625670521215169191840344727730281213633450025827719
885 430481960238073015755158399614882071683346105856617160792807523995655322127964784296698783228655830874943076238474137043661926834241472766254574858151275280715512605552397790057497105942154209320702948123103398328099355230845993761387061325849705427321770589712834796818975472220517239537646965430561899570964881902957867780284801017699073329444394482512416103771785382598063124053846511936904087836460560585179720955289910067949517631212934947849766610676346202232789910984917384639848462122430167472202490871679387584552723165400949742045558533848743866953963167041872797633989240566181237064828577095831362840813459473968570531423484253424197866486180420666500613487670081184154785263178282334654103362191361018204057765583027706938642504261070307039610668621897347695990086888354316954701881739601089676585870434852583058158781083383877
886 961336509150267426117533468423348111455404191668906349923047740173587163525439798285184865697197470423712121045082165385850568039544995223033434620971270254499008028967833288614222201021326518913445663781069066376982554638347461872574957101114516968177150122704471343391412490315317136036761650766752766321871352556607474787805259514238582790316247067459825048893693924640987868368133100322901835150161490822464771350689916491480157709794739793153193729375475137557455513537045073402824801279421347463998845893688236477221046399547297787431585648895279282618841656369676068876836346319346329710101655689609963675633107611604291034465507184859094153501704001881800577998090657053165628376076324622502975331107573485692033947932380620816611047826082671757685682430973409975599006613712959863701917565439279853549720088352906943089940036977289
887 -48187205140856078267190737844352824873519611026410211083586079535550405867785398799803853482725543263514423696311466167079982367096551106263197434565866619085793265549741061616444307541862551569516761820117008475526445859100521329672636107696140507394799294934276582700009357485393911153587316825212513640581830034162306078769905018968791177366048365899123159327652465765387170022140565925031327569207740767107213115964154618318679688247847603337126615400944468673948267351479481463399481757875230828290994046803906407819274974820907861440348426037370052351830553720891456154091799803245899318039868139891212222625454295726711543009711656263917215729550280449801838117487771458834461631019941115083146804101637779219509398077453810706712258330209048159917033109829748594159021663647835221090608040865548765109713314647131637462142896903896147
888 595876618958369248086678957639109860651314649886202907583612111974053084009590526587529490655534790245933524547887936792820216894105920072927725820760364740717271682106466564616399213682831098463766843224350118735526501020249157743584180576539672768631462028474912880161821018919130407995444619209827832868413734655483633987346637060038139843831382719565789062045010818352604746985769853153961582516200174184879126167483189359849368272230529237073726302005050719102092114435613720998034429014477036356492037579557428603637324750235064257602446929516364127481010263587356375763512804176839092679720297686286809046105660162458755812663645484891523784349271014975388826639462157392926199233886191829812777395629071389931215712013994918176351620243826014907827403634201388704369301718905015961138469779206205999294747598888063015229132853073683809
889 -4438199742600057595654248268078832938798168974112125517182334759905326661642103288977749255768251105410648894284179866726861198448998938594637259015078864186004957712028363447715641256109697909111056975513928506725257750320144871855767799522616130101121750759756141116378758140093004045321934095862398756935932191900660436689268609925651012830172761163501178437229646936255428436961802794274789811066157368549002211724916318266606678434822264839563365202215693651590504558959326114763797150601205594760986224179238665959675553392976877928446140190153287758924117016944252503589997819002626483885003092775804699519621671836832132276403136060665915647054929991606951233699848610974933750279363556861701933060845734177792930913868585216179616085717845542127122664426926117425334405195725254219774789182964529109355766889397936725588815628878502403
890 13926653183437235174327552870236216023501829281168467707284480107676495172862458338412455841121798050143851538724935602089938386914218376665341575792132259715521837588817099074417306746834312029526794991546251976655751427405064710142755203507768232554032637915383716760683421278875524678986232720666727353384166458103343573099009124784894327491433747612948624660354114076519427678890431982971840846163699610389051543983199337262568341311080383852005268574028765309340986157558287511156102610115861848464141842000676001182490484422347579189466214446980164875768850166703474573713114038987878588514283906520075543224853433746727840802421239866581763037826625377126384373782234553800172857802799691946666459804878103341681944475143029684383861617640058949291929705779315210308342906188461164552085824607376020018515949924685879364023538830706593241
891 163639984080342849547708558310103183856685849019050946827758988863437191158839044082062324735458090397022761174221384496255557241711014658515135319120466535917132646499937457698146993513006311097632327004942916972122117595814035616731446550646010085844464226557692075244351792483653596398819629099293227813348459016470425425286480990192649981400034070757495201937116465913421447251981518898251986305726697352390583602129717405817426061184141828657678634421984053628298745475924482075076009571424195932041653223363392095678674818569229414976643425468777483739341131759491688623461145128808643122375463895013499199245090815144620981552052106243399675429903082153551744270870768079234680288392736459962604608255967781641814499335637390754766031585600630324159179648114546341147385047865409757717236437886494707779169434567158583209892372952268598317
892 -3411379178686959977978479194106281658005771937750761190223378130375374045949158708469779133806672984085838941339977465214172591351345642609019950557003485002513539165182123949909537368032642121954104066459582721907003467554333690892680374503387114080225005677862820610822303467970423911646731192410213299973532838993347373242243342155763050403632983063316074310614525251117601242039707197968996931787740870178381114684686964552305165190799421282090748584138493913199206319767796007014470866039020704412374113621584192858334333669112364532590273893680588970253736475160591003622339641762555798652620579956927232466101422435809389162340844304527440577407888821433858518839246560038206692374642579619361051292446028073273562802199139783429780777573584109960668501185960210383981547175573184063964279108555615798838999822130507410378565673010800775711
893 34468781873717295519078729346316780309004096665840248766738238068557623142403420892040323230960736517954316106344906544699065349915602511458270729932744332687617301087732805931822382708241211361727820131098184845816764966463365228704069693045324034474028895476710745693360408655079177496064133522847867225737156188937649132047699369074472002647494925121335681806256134581631412265002117005590969055875602516367586159988941113444600797742559026062404340405713758422287813586274231350743876515540289171400279719475661523584272909948335490489760936801411140348968757309361375761180395034325728666032151882356685004199189148629312688570521641472289902082089233601678980423052600364135046564859523926269867594785142447324003210808087215214866497895101190975555744793435161315029426940405700145317225411637109791117800311029812190584905831468542574830957
894 -206358341155768766353122354362645895507433976495486191277785724155351782043468108175053287716279409210727375323654991633229851918446772464807966578328714111220330005195991119290063352223900804533283527453453964675569837087883083631691117508313878528368438528578624852677044229212173471935822225175603477195377515399754869127873047415124188156166514615892734818907350721323932069748284173542710682571114306653767495930670735185968836644141387671594155213398517798712636137887154255853276710085072338838474007722118099694316692118645467166616180970540114204677000008351335441263147680043390073782357125130540307701525666932316349208717428771775156296148308343810865239745401792279271380259499589516808648261068632694378750940643523394555616239650439176161127177718741819688594803061232649813104066620366520571048686067930826684690840870059491382609279
895 101554975542946705594614067734652407315737152138284465754667827900284155609326372523187609867274818114602927087572163235714296357119850642392118290934161593036228827538524174684558074909872213462375439339751613296583803740603697963846153401244014517956295133239447400062125172338477267658187693527038895444000850374054970159010725436907744742102848998993829910633752272400728024604808021706393021120512353612963162983254398110837057724724628288400719053262458959943345098310397695885878770410758621147013561608677110438795146854046231976265231509792196272011472049695711779590415196065902379527910036611557546231625636398930904991878066172083364917940917439110610598057672282077441902419445786355535392744059803539839571572410930051304776687631057073251241455088268220446975466908062519368188123037697601154385899558696147890727265174395953761408613
896 15239731477331058421562776365642519970628231485732366850948960475361674038065546745433574036734709148549750321739341954985338028161893909374526849632158627083594404132681540874403124180639089255467493874416058885452241079907816264032189123907401152330183236671866678903278438992163820306959129323158727861348047529879509630085665774602795922103108642992453731473253162444490527284952167564161729534379326850472001372906615123666763089020218074433270110830254419338860580444944174899529110824697326077105634559535760898907543276708378376119085141932523729421388699037208605396737624163632186821452499336938093594578366988464886275192003066408146679659730160446566553740040283348438455619168933128980467720644633003745968064163817879513682600792050762245767121129557089244879071186652504293329696066353576874479297488022924741204048980946090641620308121
897 -221198175964819838137252073718444245450293912879691014080513599176159649022071523209346787270063631828735352744415578120174862350519524362641350457725218320247649721733871434136497118789693588482788239812070907461528446144316162657774130432887413033231313033795520965081051541474179208362552052809270390327052153010916416380400942824452059234155392837516029992633888489782136450616782900499257746910060538640849666976837592742643215532996900770160593273829402827374483468410407935561405138880061750388559138562467389783438743663692022903683081626630318097952391064902602656678023155639509442233045043341146246147014495860363284740397405694368707794137825046833742997463683778107508233554045055085938556268349875443964106703148145240148344944463582193303248794412454210463456841414999082404367866531668123167720061687435225600872037424058302589546336203
898 1861306294100517694932487704004262216774182107042021497552542082571849799305725773035026559667065641035876700385644480556614902813264105291364192306643794403884822296708576307979336455618631380439530047217771239794003539307809645314051763398987951251616665281693454169624484876831865714081874923236388061613869722547901948544102996926531252282627414385790020206101791778407071865269711221307797685755583560293771143741996986491261423661012244493728073121346617497315844817743125297912583758994604341636977042782959041693806723097758266485073668871937359078206010721250590376706286399381183073383158126491503516049209971893872739318737086462907006222097663030937959773036380518023759935814758247559954960109105823175040221111354093124287481787761320010829338701130588937955700738385849656427657704483282510189919086246833828974076275873574092549693226081
899 -8157510464194494195687217005268584607174974485175346813902410597695343245754160986768912044558566764076869501824949529945701147237948774508378324525787703260009689233536815128900788793580446934579272777861664091539758873184170172776221198409081581854063924683204822226460407511545027994290249064113574545102452244796918139258105729083591930312448315789961483682229751440264998653366608234067743342440307736341659792219799907135786728300210297602938303472678093704420234121013668148453885270351483847388769286145367134650548369265762155077061883859840275242264702939009181926653364820001446170093676659959949734382093017742430068723686543879029479372361031690369611401381958873735642885726066409892464813599400941485305759722996307902667095089872965846645461304897855108078656784174306321046819537235019247676623246739298413617432676609199380968363408587
900 -36248879830482051211713510530327868190231402639410145003977173172237935196777908432787290561950290790889913991661756901144291336667803273286368423841403258003012138936488365990494827085585711297790122159025093645343713716543673283601406981072665734754828123774230658649132673292940292458480918712829671554467336448188716018592550399512536924796814518528060367213289956990787189003922041133417301355324686821329543157514276912625016692373352104429511743728561574299196854238642069168134490986123070961113520256471152906558672752804883106750011005313376303570295763977990102035455567510206848808219197548017426793524230164113573114111011661348849013172468646472734539802215057286993387552926997329773465351441225891791749612372586461895573666602795702013519729400222269872479872261339787245053870237063422600902836751313691917915897960912827858335821724479
901 1165200734738106354162635590056788408047309919426121542121424929345194933956207661662981452502112969672111628262875474895224602369211640908144488628637081166459925169891040051645569489621857604236335877237033940870094338209656867198041153910207017601423415142054596001920248551136845390401901890628593894597332242761524273308129382425567824722956260451991047086733407415899719131814018837859492922697386098286257332764686665446994351523079046756482828994527861381719720049763951563949448752774561546392949724305849030246134802293414365158153976879476711665897391187492875863386645713294806167387265960383416888819057756933365579495056148022520777948087429598341727384425440321752223212850721655545227446891977558458216110916689788125219494952930160969707452056713653665598444963437658698301871441336932754654822759421108680050122207352938543465082245297837
902 -13359296573882568863988389879087608287582332522712277756055163800516854462417172320022896311227135600537137114620200489134069898514644369706111233827098542776963315153264238439169349009500046699988583598406651756557437419005619384462769457405070673440018831836196366333076893292700465555757805559896657289503170688675828662509205181380488157699802695542115062215092067395060511271406229143179013862797110825490313695057226992963282060524577342211083613600260389669931934431096864662009290258125122716003795461032521357496029492615328853329777130182633279447143561594876801546934540858938449610326630851666071346613861036565199154129699567316061506777805995524794356788908289310482876822061781973527937820448410396131809421643264549357980849383545199771918386587965718046257363151116080128413523977738773914122363047691007216895273076814612694648487652500111
903 92651636025124553041515249830133100738126559017424892214147368872920576780307485077254372029080497454790427593856482160669434893516226378145294845768275524127862046160571913450156130316032255987238153151987357465571102175003302145117368781882953799421113334671778536149682247976580138325857007515633661101857313855162879566797542866591550787364619849133705899964073473429595954765291328555561385985574350083945002628215795592331797054185838599487627372402163348379870042036281977513121307040765183169910306269612488311052576143210854673765939143180687730909677197023008714172883829906229743453519863387274253068520368994656764547265263614828607470292064678037272182769401820916793934010397065401380328509533395145864942946689600722326974079117220273603973052924045896990105868913138583844377401367295926953782266142504721455879023622070406874271975992501237
904 -216456128576108911051810025696934471048447764463270790641398349653687636060194151440313047607311191802026291594417581729811696178198330899989366275049689109203592790541441224622888020570369014337567202137192892861662514568544771527227149806562493025499607985945793813702431254043393618621499320599071976948058324562131346698616532593149896420277874637920675336687074666455001087225910750589497600928649022787455214304959001162538154402441663870321988399462087220906475193178028085939653436213027355525497307571685796230296979561881155471439039764864520674197410010336205505093431831998022489155390272284299076019793850081650058755809097169728856899435873384441400844162732530712861886300623332975039073792571189829032202656369036380560515860498520423431932772933123589059528282884623437975152279975017328397862140353929820044531003563319564648045850398517759
905 -4454565769011916911824496744474961805277527203557851196757256395170731583163042573063256792859474990760123067710282829122001988869478373345410107858222795677312657561061592806860843641827608077808843521525781491316512516959592071445559497943843687274972783938242623613278819544219234336835043295292116631156625196822265866954838933798461647085605808877196702127891234735933379453355171702249141006479444875457216660774372687966926914568552289488420732361160155531173497013992153699298622423058232856040569422124080243572116943667409104612113685664290178817519611636705087213739630323854654137928010467820823718763533842994392341757312811341523519194096280981608494149151788765961779657111311140104378027838426023024282499367301400917774809234673754302337082353097301757420623156265332195094908669022200254330839049069180516120363868072478064007012941718427683
906 79735694129717557411563734114720134741765286640903609215624665719664482598690474942353210502331883053394442627143521605388285166482798358449920320003735881169134752026974873830324604781234545171219539746889162162341462361577766226648370943893414545806636684941169914448032645740205529813570247593724806176514137360833195087717593952635246857127861877765928757494748849994712491834140270044016276533569089698365226021153817829354831116412842578208344709338078557978296920126777112875711235068672335605254374018061642642512764824002082295908191064089931304828226352802249262019016598987623103373785296553040922222824367382650793748734661903346497106561378517650988825110411010951526143186229607190572781285897104278515704425764075384436978778815942233351295164560974755948909829084212155827883243561378015036746190850470682323557128340313399371169154979240250009
907 -754827144607215368502020290627208054881255999180469647659177798109297060402124854836946900545354926235806186636922630117244949880781837987369690619298451973699248055460448842402658511925305761182497398040515470082364326319762438067099324208835211714427846116729831792025382502553537752249822211247467965057114005679896468286296362894409756199247888883512325864360863720439490042482571726932601417319071518114899216401284479689602820214400440479201846625961757283154298820794360286691001180601094875245465219687671005003635978063562758601683519285602662209244163289387179795779136902127797065829431298620727153518422737524708043679700290014838429765942693786709727780854759170343523395085666650112234031899180379465503164572751904926625630775758726810902827849184074532888319184564433329145526985665519568215151908185096857032517485457722196932252613059561898067
908 4112858708322767327829435950230349700232293451937990045491336146854123930047438518185719828616765802483321251635889283794984851983983190988350940768079265577915089181536973208697992962634179456122344747993700074480223463306544487942682629155446968492356898608038902392138556873221489035078436737308844161666176181916966950992302366731356026578267294003653656664173522919619922317369815416488055893718465758849214568971305815100022897522130687549061681152869236778069367904880474713840106030717281238988582821712233785583493789880177881238988492742166091512422711961539187503159669183370511638297369187860733890649478992178170380991031978309274740087761430325003570667693818532363666636503551215804688617681848956649471797617897584971670673219320404454117923802794571804447870422205873267326528512735001757286128606877608305700147468286117727323298722468381985169
909 3454365073217162393527725849671491259784259250664723192571481767587868795835856235031531417793699716702908869700654195586890465769697192645069922896110455419093871159418706103974342487775169969274914462506414728273487304317451636382775676368555139785025954725535079140893342740320206274735139815609886756761828080451792697327804019292043586063408705496230262171320425607999185666125398968066971800770462667493259669420370768701783556261688060658310188003556815989665063028914774897760476544758602611126838145681429475426595042088879087220840189115817134879331650623386598645469986718273756965710791611879098970793879485934590871683887813180475540943824817417547271056360030221925267069917088946172158284797227093653919507756932475241160567362560601364928830669156852661463759598487036384384673700347889125797753823303345992469296459797848444524586307203532224797
910 -380325942079916032821172396140631518976430996629244694292797288386887760988033219423356668895641993491241555688518933725585698870519862665295409394618580077601691188108916710721567310418062689950465889741279215167548981422084099799881399117455107473280659434695483634132560269716385214407125754493880890787810362338358793627230358251420259042359226415835048667304248313869589897077800386703641801485514362452754482517121934759267279012282160388603889764368012051762303664217797369036563518026996679283929350493040244127389605430840101660174797254258627076893274558660683658775293556757717926164884202631750662044759211268596776128583710669653758062281607499941491159387307591802444048539906617414605495831929330149716050747934323801509115380776449734976158322501670800740789261128281508875481687413419505171173694664976403025510553402304917964421281845629015793071
911 5036918861589293128439306349582427737128119508573305711681068520306884046587590207177193821741362205326406670727717551004520118426823291278686877071286664483870226703382091306611761793224455766940143015062770046641838834781820813031881985695870329745291286226351269382673384055784045083454527244527196620532906180488788323999724231522402208469324305162168142565840890122750540386876210519283420947815667826758492570564371004447833538925845970573071822105354457225696705860152949478003997794978152693783995932778950509961241035328564280727168076122749832329372199356477806341805123104762357773530445056142161313844593860174662810875009894969270784219061777104785719461910846346594113882348218897091725003707170496670488479753706806594156844204858471719799971037960041611514824813389711317089732770049648446759232558145305718865608638537276542014310397818639510969653
912 -39695785547682525774346650052471612859344130784579372970898425573266440910363287670789680512633910906802638033041499591499491205737951526811273913961841662257711083013986161763034379874297970030890500484889608456542702686158028013158340248014431232667535632791783211779547950352250591764168694187936424798039496875030229418615345941533816862031003641585767713221997907125892404821570132018763431284606618143910066778611852861121833508308108766043969331293406267334061390037121735825614686612103296547426496547546981705337447233074085280456147631106459697022767796893177703250065259401133765452303793349167165334046903604961454536460479414003578193920172914601891722226344175535654763498934801937647004591509216134647466493194662899045428836462921963536993790055460837888536652729869091685485477565574027767584637842616364348667175722948879478746459405058031344797919
913 148177278256616289187056372111762142859514705721801677067117583151035837341337341328764977297487644260327153778644157872924173135316001601009354444167734013779620798819580433249150608332592219871671884693790971476517768973844623800311662368182224968530670311602119465461704445991643541948624954451051540022470187284076941536140137736569743196731497974623860976497215837303348028680247862139206828703049085769940423532584155153450294793241907676103887827968974124273441619110483863170459947219374376681975274465061667349859368316484325958774382972627040589600518286492853071079694645514725586220109953897377185652856178789769850467735237369241900618501399564654930067019646972248582847025053352747022623751977545330235380703739346007903712574761104385714937113445334595031684381913940060693531196835210749756487380740652541145975051019890445141519916158806173404595293
914 1133736788231106793812846683874982843296958120110269226742044707173317948245736743129233192994123207386479271526355718147775370614384580094756877164589522406633578595208204704931606597275862771887965184346112950985287620044263901857360832755417246146738749295777863440935895547531123737314785151950492937272862998862522413856324707281984249281154639446681278003242967625604060786829166267429309657683312540115755916301733470647495696477736966520393897775146428773850560652882356295290799250359155779574794230536323888000666503270123014790892663853080877534422405689963835323243449797149400057274917345346828503159527993588072650637175600263404610878432348233488906787902691121933410260113961628431373996228310719615600550336482772631359566584720960286393053036430563249763833864753447999814142338527841705853440885714325539224953919674928272154468038972238027180061769
915 -27809362978575187620670258828473330072280780502633158080162973032868622660398121005670022621038256427269055472107805296398056851255026248327720307533800812525479482795024322110253588342055518743685248065165085037693371405607943883383864151476771937300489749683471381332737533020137526438490014976356998569129162285931206952120154582967175272153281353906071898105770616143966217530966020070679673171897937871620138525718077896585565916829037540537102317383349261005977333416782330509903204620912295378261253373383503415157178060976960765078957091336278304599380920348899226304070227434186500800129996678814754054264825668873150976025928334558590764108401741720345463544357977082491368501673421449706844918517031692597450393927097435726201468389423350538710741774203082117620484411731335458083155530265578734550533382628854852327344335776512461385252440408950215305683203
916 297161715542547298434434827550943820570455801898423458415443286955945381047473893010678896521486929641647595878296750784363299428717583620758391165221577579713282835508207145925954167668559432205025904176793389974289339950720172525118090167687960960407598936317806216585411368020737893774813779800851188405507040453568466184964545889865232295765819320823663660810306167990854355230422948069059672004558787169829520604936697096033823627619587304450277262276289821006618572141382456481168494130022132248454784481327769032919884480811792674857300982879046688420065166442484233594973203045935475437114158322339185452710158313350089766286539479655023063372489852145323871834272604971773313041246432695639687505046856470214402147559165883089978211644237770231181093894143145097785263881632511672726987469444552532267439110886648466261902672582187516863661114695986538808312089
917 -1908266275249242829645564827888428263469993786164245322646769231987614305533052860906882583051800637506177202764454809932688475676075459676135766478052927033457631334751018954908071486781287188674985595819824165604271469245143709662655070107221717134169149392423386916002608355131573977752028497958475470429198816479378296036157637164086686944956562458330465900703766073259691684548743007599766068071359398662557106961329597870396090501306997167014587413846210218861019325287174402864997152723834645849525776801005215862379195578030224924972493631012670310828979240859800592815465547217386232208690807445078394132246947783054731699810573074398293151939408655820364600511422339549246770599232828426763804323844302403062955559627596540676755770966268466554507542136591019464382625750497009065468450618201220954769369541623376539905526000612418239660352530193327468201423387
918 2680579972745862912096850832393205519438012443279522420287855735807440304954833791928132106266317795611027062530287038340914653908498199512096458266071120003380945725195897499029198823183601653376721875333560873689090649887053462273979410146772286149439224724400099497891395456630252814657715541234695822083606822319370345250977759829078388172410115930730524741126490280508582376399829494205064889220800332513662776364318413530248267401187505743993435677250238954408431788786594611980444914880803084181487870147109113434252100714192114570926193295925797292216886380401156963072155036655100001904927524743162338320390028141597021324667261161372505386539272840210715234317551976028662421530410018635940764555213938596699965553007819572195439381370016559847887761115657383509733712791481391870633495983011510352339761649482928443606484946713530781023177390955225394528913769
919 116598630354359858733570263570934807821629091100149957333140978257348170471441225177642200145256153585367583627644121880209389348223198271440446886221283641912117946239062715726914378381339167728846614203309785238320661046850147408304490557389908321431130977087282518460149157189109625506261703321296615504274417145397479348367400271190594744467534804037228373832277871325777557990846537593646378311890614011223170797715190880073617416768209828975872058647185763628873717479586879432349480629624441096941300165247829411944857421510439795657765223044141356981357226058925653188274495800465623105243244480288327301644182076888500202441928797971765903631550020764075350796199077547261925689566989230694716246715381966436250999452503716232706505698050693590415843291928194404887308988171247492081672978550651230276084284304865323641486230181620085814737741961295104954777718157
920 -1846140849244183278161587535620056598072566961182448671476706549415924804773498489861388474676141769619137507044756534187759233177043529244840353959722025072821086872278264248685277459411426198454938870479242624110704936376704157929352622505849224059428997717305380103835211737068035004115629247039842526117502459630935505083923510908944103684152678970430180570823654265030429848977397321115158706014150865672456160805064329173460875626268063366553676370454928333412886643402821425561890471489990360000226248102238190409431193779946468578903310649181014233819584530128781015846995995390408405798375171565432047883736513804057963016854865924537066624298036836729172474357017099372327088715215030476723584829244225504658326603476883533387810695290832817280841838779975857561085970316101958863615171084039501354835871641233148714058986821030335999973914351047480853605533402639
921 16390147117998092516341088644346183535348553117696748254366507039528049708602527420353069154463439473234470408258289697113754004859883570470913325521114071449308715083665678275438923567773212249283527711980598790919240583883992402489185516909786854287001257223738197818558357860725574659448025961362944372122686714269994942983928380512218037729018843639794561603453685693853530235367186689616023851242118127852094657970586113165111101843967695045227714960604400433533535552861230695433529161854979046021193213163232679496816658498109011113292235777443658221322262114373452143914797621282957829690438290509504463169825465495035151609927500826680280489375403245400259203146607278832049736069055299282578811230629082107328252705942409937649932069486026679468602453902878881426067760244858507749152386215758483167108193636050842054956037407419336809280028570251130883217718911437
922 -80037626772345937207641379949469200795967675577001231251207777501138348715562320390353521659253330742755454810219667461458046577877338105499587147216570489938829672095627716638677740771128210184286249686513548924303891858097285586548850651830276422741582471218617963381497963394143983390336563932708438535276331274253675445488711673118145601394904109734006917611268412161524597238403246303517342453321877741074250528748611998815713283339256033194681857828372189463627016156455538079443559997489359111457029985414104110922133903062447716007002055929378063812790994118421374212393935472470204953925480500737386165981160658396313202232544383799276795388391272974380800909906515295873215632081568905180416053444610927891152120599634907826943901131988769764581346137125215893622391233103980858343263048451550001434357372369014828486039267042042545500975946422578098954773616786391
923 -204584536015146989777930791512747936934858062275460403805506541358604107768532361881798099832305488596510252331496745054077382459828086582876407723383799982486577036663115837701746319473825573383562477027234906108515480851269550435721104480347735665934711227217418172288032068709679508215205247641405331365837297283799726684985114785570262967698016081883835268832518885213143494057340949482376161160027790978821846786675649975328865691008748589888318030077927157242250439728846990935863223785934075517309299206146664936488774685332430584405738522564247156959149258409722853740406572236589243205116619002431895102312696751406668231017589117696591514012319106632425195653481450730824909043830632560413780794618327196889221660900205685719600395066726587931822929626760950942507166815359048428970775558300667981815612345941717218407354683545507452349297087081307343275456802671043
924 9321558654088099151299997089484556675251505594144269480148074300203278266610695284256359380718873710462884045430299285643914808951468746370261442185659970071718795626477801659671362572938184415899204926748809552556059998602582899228699149166564859881627872974741304826398256506364325675172083378574342097070336628041163995509173350421654079920774810765750374497717603202990884416315484427601426890841915071107898565318008142908317984134172116757349133921016819483456416304736235654576544952965176879022758867237537544779977752223607672755105204348710217283946656843640851215939928315884557807192441210407641230356947556266337904840964344228254674508850964586028238436530215658673912636141150957586407766564500351241803987659241910924150747487936326276682657321926185189878063886713294487700913555973462668783732620918674143714786553906820243876564889287695269205602823282172561
925 -113772677586469924298389545289256060333229203066605377150060076683794158966123426106345384106954297802929757579731188871310913090726888606761865081613542924441131529830264386067568135237624253889065833920410019961395444266572961750052435197338603861599458450351043419855825100908623757972810375263731248295931634662527894349203668974850623425241853532594661850269507628135282736015157858592390677393020256422079681865187013621245806153812637302676305265323544045659561415762356596652727097516500247805393142448054022085719860480438903858316116019434915749169360933031542188434419159308745248767958860237914332224610442627215016092183531900617352111459328665277404749252741462498312267149310317152734995996134907155897955973311461952446856651448931413021632164214640212191774956100342745566283689874095949893290633274467060060956072746129924336305432089455607260262281383964149283
926 837636315243024064393226578758757878344068123095085866956933410015800097046418142004736426900042457875432448881518535031440751347563340606520502127082547004026241515995749560844420426925769389212825672864533384437619982111078267006986228464649631169381911041046003615003229378490727586469863563906732989016414569239913310190090554827977864564186432768361226828197472770164913980424565869517312886098916090194505660058069127221055804645320804917350265854943980157364773218685912175228406477184324482526572939973445476295050805127313251427956822840666429983494547432264045898074933950470085630974047913505005271999205610387571436089298150103806747081105976632124114814915118682925165372336107033327657105209286900883080256978855710006274238157731074405725658049318740519600023841993683622751275356578793309157595246241138560850002995532184014955788959131689113260712661410263982449
927 -2522150362463670323080997078143519427513990749814937861761314400412846553591155705467618586945201879899778131352682183985520521563009415017892968278914053923346469899959502938423001009212857643836229290937142889148670157177914202166000115722073121232905126677596668489112345679158457137146293166218566360106046186761358598453986442381940114218606400265664432188678517126756619873841582818645238892120845488964292746686977574992665323970803534966962971295000066568352843195573184764312960427830888709318528986800085052056961031134992093415434746632922862108952283481209521637431135501902875874947669848514372290155149057891508522506078428260055134212582100427920299748647623947708233672590187447885294230646468776460125349272287102982791905638134634285457503325321707255417267392953030074564383420510085258907557398675364412141498544751384406901960368787219730981340655555271696747
928 -32376371232950457466942634615073041253975309232865603620501577664008706498255856661568497325059115064953737179947289718691403183152207713441387265908955068646654243984997458186301671222763071912696086399573072224390445211341240048772227267355824658168009479193811817749570725491222380442385821803311236579221971735795911270448652877721329525889733508725402836849813826013270305150537581386441418014674604648011759256629428412307756132789491919903888929621521358224430787070990806308712737048058760263579362394356504663578448878287346120663021829410167659236946387000613719394916751666915416961269618761570762014864250314455095735498587788663855044193568933027683018281450134806419585934571979355270922685602075416789647450133366080118699334659629158403430601666918363051590011163728514905254578954605444695519632373641307458503227378399385318028745058756379219238115977606274991951
929 656172984909050983695457199792406212304815899556456899472381290568581217540925910078770764626453934341863499721703523563705750096842543018764574977772514187704028213856287963350560403736221730388324020258443930517730590740034224454761772401216652401507542340648279131322410098592891640494275240044328476008422584248611715977711874652371984297028481371258472105602572177376714904682640247689726931089602821213543559452284427570844167951992620428199693201785664763555096922595727053746196050714383115198133893891761333465998456981028411910265587008176094679468646984850452696137918268034162324620749443493041020597082824941570497683202550036816018255967720015390548695357557599760964319855492691345093081299487082211083936254375303086130379944855321989754290940655330077368216870240447854294657000846074746557191590200192466763530914595942167017884656370034832037571595111816066453357
930 -6557579309138042782658150283221282636081360893979929303234210724822473611295439859864205072333754505219795390151540764188476240029418777743494917112387331140024230266875536871176825901072791738105033853744842723175346681138065242910713080884770745005220197628302627046315028550468338700375815864234488243968106328840051598360782784053066968877086573484367414365169477153528208883388698459865071077227299718401235055058387965600738225424181670855596884816724123751507476613148607148603151242605344122011754171030663262243525713360551907401594272190621197940534057702386040111346774211489116850844082468380130586017452257792339117967351070873629761297259690540014728064868934285038134574265529987068873305888128553060930167308137787150980724437321717901439560231354402796972696047303302488775605784462882049762781268077491098354281769140228065971061693435061962199848080301136224388231
931 38679365153522342778011630411407838575532116521776172500026665251338125586782086685139263212238081600897009532704222840020823206348177614939377733086714142095413691190075746620357145943104464370545245753523944390683708683217712693850086869716636200152330171631736524997996132105152305952949046238657571214171248877936761502742524087508062816084143241666570549086540973868712881831807690616523978951796879128609834784326375116244737422939679367456503213783242732110729548598261719270499667883212257341239356620455845383299232453772144196056470899219482930752555415826038761534344368713456216450896534215483601132922232162426310477615768319220436357672540085788422193536586439361607770386209984334377299028542457724702201140294929257832989375867282794761155317162638810694571229829571133544158709294221005194693321442900027749750677539503541454415233981366113475751472480692486922948013
932 -11184157364206558787807549815541068714755413207969329139009894964747321568173717425000222203438338372474895565636609288298473635646844726348827693044084500853014727567649649823762078436708286023819080794211229486164816438258719683051640532114455736500079473107808630747857381723702854894991939190912397954625567064200578975872324257437158689910005594359590843237274671877602986518376335820369393405481363912688829395062934979580402715568502498486229606518154837665663515732513492999369218209379529232992586056212056885833448606826205633400397590184693386950522389883977860290781901108507845708371960749978171851511209211191423477625426168653322936868070908898094066435078808579435444944829954857340480928677956108305946689918280934171488253633431187942991321197719238589199718744688279246092404532661747288766942188423238144750564869635965264575798632983851130188412596118490178331719
933 -2966638687545003386311759025633720307962332695134870906035931782999678431582181574456877194980880198464120463621568561184061212425633311065875837244633606968667636094799318628020274553368652389635648439558325354676585638160648638657576857148233522990633139967247177631074885150918581214477871272957905146295038057914276848833219585502672907005467249239165445988510370295600935506846320373009386611361942535403107600402665291550420868205261331571329584431453251688505150490946393824144271174125721399166584725349049995431490193781505365275124658507963407450472657339490647485963762091257992075566682626138079009340080911372474480833049700642230737256315919649584132159886433761956699676446417422553451408799565815032802342412265861366975160185080759216394787400255936456039268722307489257061340516805204808745892863752330035046197977224046988219483146352518929861723644951892766739358267
934 42369294161663061947695206017389604005852970921125067310297329164678905009118731930790679440953117747823618385180967289192407688046108317039675094057442423991845014444869100569944494038721635389698142184214115340830624232944980331828555943277195172826677515705194221759820777526993752188957243843909325916255704181019964592932485537069107715590551665413517930970430124975604864229182845474301421070589955819005420832558543340197383602222047462570379277591888705069324405987981960884808029036980625877825514149948727405734182454269962094969579368460184702983803925047689844786470783948969751824835034701442942804382204940105284402253902664638858573973590986625665680499249873023179378176020900330413459860934339784478856169616298817826721947689227993886121120855995728263089282124958511105105028235789587317807847195091690753808982269007779358931762754201957837631376092821079727965791529
935 -352691589102803154872602344204771707319344279047879947743842504510036461390384538351121568363450118043558506982891530523677924070909086525528599592385331757473144051487482373564794611547003772644097204424466086479927487726863125561031783604630500990690413717268801040888747021457581051470642300043942375154209841635185081877308648807843004953743457691887587653163029122156860757412252535834060455361725682266222346322778000736123044383120733941548212616713009642909042311889960278474435791298380379838236990964093127398386522833147071808976232888151359170550958917176086982022142685365669472908201951952735588115684461478811769181731318884733987804938566551273766050208552033022401113726383674088071587566659040375216326979562287245301015512312610157905455206961101466838279066292671475641685497692894500682953424082174150003399690788058089276828707191843207842988442048123795865868313587
936 1508849673115244003125229615132167428064173338660875303596391049074089084556716895025324398086618075354438082709440050487017997490365256192231467252925730577920739922305591451842285776568758311649194294713406440137782970195755768525890685290161884259625565148728409881667452844401256739464051866614167435690430562016770553286839224576479521557964568095611592965550798696731607267722704291074919956790274685992116294028273116184131829743356548177512203669479222560740757742912367519583853337348984695891753876256512220560790437391839509963628773175097868197609060318262810256174904593911794336900831145622282209354924166632882988947980263599151274811928186108576141232641844121724380870501939477658375946451956894054774257422704227692592903549587066028002935095935207804666120334355594582419818675093415061593597714909668893883246099843492853120523057399545624126212654223151434462661217641
937 7386548365391529287877280777224868281362847232710812330967923620728841532803651421920551343441483442647551926970743596166020623179743124288321054709361271463415317310376586820045290406731173088009407726009060532591112175172372090723016779849027457763521425299314305343418446858296353170157473074086039948645852545423697563822206694206351682136874523117935789924100578772617264577185030526753003366120127144308075381494846096456316587250605742620976051912133015540951611732280553571406688198916674539310545805430046511062630961036940037617276120339322821527117773922017352238022017465593422919107462715011411932533238933752051702359682321965780881473361775473276954493179712557992890009929648555688752786310387321677712880285504169852532447880919676669223198236718364901977992945937571548174811866897692099922039369802655945822178696413426549248123071075289811986203578430009917257859461157
938 -225072770474953790252298169884308695394209482231552715731444153156124281360014699972187121051540059490667941039080197163312243989394582616899932542505489481637514827979583031763862533254667569919056184717776905877343088763754118878265760120308789654771157526563719188917274808492911712938153426452568166990806209704317212082881268376421162526018784761824486346564915748599331179988865008206425585719719934138736403375244231931724226442746621520131827695105627682467145681215191237784150030233876141591972673177106714369818166480700907069803831841371636267378254250901750226753022594689076562547437453688649648728242277601875520230495148101733035914097614481325516770494676534544889737149337225676714223208073091653048716466425159037978395814259014495614208809254374358168223716017483626660610221799136477126537898932023313646677739822691900977442649963704033652566781593406000258266650926079
939 2549587610239175151183792278797286790890982237657680745996913712636985938757413011458289370522788626774419419041319502257884710655552720021521747364684589091362197935013027351417105755416419863118142926865743242722163409951526785252437578285652289231339133378144035006488522017412846661745938192020640184283423583413369383137451823966050946441265895777029816415381663698265841869002623918565047865159619008621891486334823700673977819116707165829691893944662312741178821522479059121471218101742510702597921805096997751731305807015162376251446641305630925415792482171124472235846584864367393802184576835596671530612667062393279862838722771411254166448038686894784846178968816258081704693369548951130470164713857308676526484211632518931833719991486293494417580795651176699734588122255081402948917817364115512205296808336863480548628322790001340352067922225891299937586650196427738181261774560693
940 -17464532594382697717765947886430173805729710292324405172193164630533917549476346707586153522341663647054445769963842830321784525956307809219424532931554179251443102998535415782683988312181310257169506676495845672556105002156150616943020650436546708370283708151908943721196989590935439136099276378515115147671524703719403515900014740536278300795077338130735501087737446312338574254151635242802503815412467392175552488870808181580476469997030924073576306619198956937868662526039814999558867684586878158072666047647480483082422789051999365778743160277597236380686125897804974287616421174788250443790862930358748242775659369699189341250641424377819334921735281747839283386286224450141680807462492387626650278308076372035590630088816016737482091297244603382551857864529235511680056649514462668442176943462761794782968724881463331911260572814673573487803550177463442844473581688506695535658848100711
941 38255061441248042000048864683370692988359274398644507156751200767788948365123183121073458439092939378489565028495784521064831942211298104599372128530133608275857432872802855275911739621994030405280756930967804375505173314559276343293920004226099061662333380525358008319136378034766200483991407496058970320574558639575946811962489171658935217445299630389438318098449636889388725935059146474241106694094397148896760987954217128647946728227535550499721221043503355320539404846266894433686309093216895486830719835969396018557444038813261700713029086535587304091529719060463873476927407516789905807566268852135924282019194775863882817935428098250539001789010243401570686401175049211530847243275764659322104498065586273576640588083089651874950209516769841227160421777563679776301578825709751458644449371454704345565634076676514682682958700948637112134033049891775409767519541236091895892589389759493
942 875408138407925563142543272933772033578832901232016715630356730954738087849702488978600949147036011344267638789275713425866033785951562082739236990384320102418382341269258975515617834884088544059735385533645356654290726700628485917723622141830849123619431748060826627944545932270119631232758317280752854055077681372363559082897549116853525750998971772749939177459709963986662938099829286925846811394736130393258146897591007004192580688538592733189305252293410920653584485537415297734766018273121277873981014974780523429859446625272450236187734572774100449854590876017055801892880560353700899194097555834900948086662427682278959649194968795337336397096045237453827552729365462941943721930798311438296890640323198852742201530714297810342156450866850766735196465938534668513881550923994363762273037133968650759887553104605363513026568436366200858371711668549589748148934955929680571587754670838681
943 -15325044507025906084126654182862739588073602551871381777231959475205986693266137019747510657148065868414379350379847829551123161303468238714114337535086350886324954943816267028811059029308568602893520574819638491771859964097879749806852097366042283525113910163516563636125071751490839679891996388470034530734691286837294708549614326663472643667312576504231787236490268558775747844730371199915278334623051176021423350600263777714601573121441743725180309188807691443650346521721877625595915055498389008919245642316612254889640264155667851574958492895196013971162884654941619719625879714321706338877326834652065182652495710819260857781357780502260961360059358727046521929282320494340949203899782937411215726181490078204378259040544668735708252269664861758904816803775881200020647184600639801485613167910946646251738202710092271234267053780652480418262272925259923304349054891460240802061430259275747
944 143526974874186181857067993612565105711224721451902916716772392730037123103356488660186280786075886278782500735823066499441666034287041888244751474827493299675796776666781627696017260762482403256065853551263200614409018956385544754615821883581848441189696939148827958706135951273331573026100086320065444479249492439687212925852280049410830779182724260718902943542949317578888618594075093337439856522900824682700100959087616158755379427900425172529966156698943464568921893975362774577255621732571133287242549984518698588921955630380571337942128498910026795673014014850906920012602846887526833719842531883038772432522478035405368376926902223701682955020680441029467739168083759700811893244413735973146176368207906263323072289609849571266582404617184126309182804060458271245179952365402400495585765349161441695163395880788734707908432700931981190660193955164123926007494572309618185831672847225007009
945 -768798200809870830234543102824403697531521695375386349776837527180198069708668872334388244974596632522727111226227895103288277859054138262567795428921236562070274467126818562762656916531134881130110463579121880495337630951228985985511048088980152837599075864106062742547157286383080309159876135436662953701936372693854636327260015082559454605941908459341890859151245445663945567360461804130831697425796517360740583396729260347290307368511179566241939841762970540752127346012816988224438051917388986338827130564317813441585052169089333324469245498091989183282488758243244215794815277330365167429498136590007598946216699684940620255851241235293287397928567549571726215862034994287756488038969071407871030429625616481355959502358625706132464804448604786297131859306624496705035986950885426838817975532829886849357953938588492152840549751430014703947234201519273328452874325350447805369001556283705763
946 -842736369064516118543916740632295686986164454710537077699375945784249196650343207059394618242339198376226820542971751149462906996786055937753135056292994229990275394730805749935719367718958189495425947334816185508529072869345127604388377336529101304022899844548669088460841716298090408716452013614817531823347151828994557604543236108213103828469273263661436864110696111630640281445889942856452120687154735398912922826901437867617723294693855723746371804169418737926406128335407430791075690938119690358450224395779438086884652123504179007446848625941473460436168640672410771434673582114090123544896562558848697411738668371591791644312311312539012018754298181930596804569835641901624702912492806883264786967934176435066744487664909224821758870206900986539631251404183902219365045823858805620507392449112399345243924278399962851738942219113151817653272199008978872027139355444430795089119041441102071
947 73855222506807233848337130822597502464788028627894331499158550039179041571601640857624176547349622819649192757910087018643434851095695569718725567394843780513750096120993718166472400477500996624598650008286462347892948870919720564932287771616950204918775378477540503762076067939993770040834632372392577415134242526815906375748954837109569420293132680401265205879745343905921032712282488856945079688112544701681783840221339254893762436380526995559553601862632060045764565167305911291927227154632066742071604580239434254542741852704941593886778996148932628208636969481057499561395608111541779631614901588524156683304155346381930134001748277168930608100892798061897676751827700179003000132621559546516071600884820471443682712449590461431816254242613289053987229605470619685982966408134484509427571725850879674808428594138798430685810456007228255851342709408294389025913034163640516396004397461836910653
948 -964292293947042396890851529762218638460764017758809759012437891144495120265138458514402859374699082285332964661398873188628873834519196534780558054330008091503214037190211108291177337812400819629691006572341333490069715451386123470456970000381215996368826696279507892744251759733169735759675980378351063614556616029668878299613306439600021840184382298360020063716591145050857729246830090510127615421551189744493977163037624801846209468712457326902440816926542732532994755012351181149870894810969657941024499451972453737813511773055608315222688827680070392421103561298222087003998266211437926576320564704574608355620718293306430096527371441348199368167932354485027728823647494552848604364751047017797959340063620582020684563398713934525685252724600143064087442053011707487803404131107789269843450293593474838040187022961904214623333061826753399032452689048992596124977786502660756411006892716248431431
949 7515385986322061522417670539183009212783286222780265901183075467673310623409120588478059574316142772340770045549037579454639433980297525348628837667807617501463497649868964789728667413776664963129199205138158574570784972717440256717808784215707543309527576992985622715357609248241736246698115649156369977061829256632609855496655580515104499402817969210900380412453110116767488247505049336894991018337235384116789641377124476927435280647868354563857942856565352217523075504078146859399517264738289711852745683160185743901445295432278153657543521734921513494783702490896614093573302701032429551990069841852476207717040304856956213843034385512803404359187242046601096262847159747625422293448154723905950213446939205488320860204998987954223344487590432695019567574518371078862835306681288007540866678821382806508110801391251028070481941631155791661330524877522578687203462829967179672362854474876872008837
950 -27188102914152167807670333692676989757454566416859928803015715489713281493024173797334982147498407601168409453131490655720511423266273627186802719653644249259227975923760781102064872082649311524297809985204748960662950443137167624571496934273831425753042897695268235306194317401423774681681043345213008376235982881942735316874792271261396051221458918508639778623369205452278066376378991365239341408810167833613094090294944892881954252639019381176957018978613483048510428843202325373373432355776479858458089220219600549647416048587185897129733218300123704929856450800500687146293104426243304441864937053218904775004837797402606923538614220611142613315437731049481278691465227661210354036845818327811617278472601376592348504175826915100723180478402015724873053821535818757371343912964511377697155492115258348180965654289058041766785654392614776131605992294220777754625661677409018022888527793228845410999
951 -226794484937623709860032413822063795195619505669625389263298753362857355395850403007134170268792710791878296808926907704355027913816311795003317482998875226115057679477098128636720496839687043275961421472264305704544353413114059671856633693615253440863572710303063473528140375220178212813329688912437044502292202085174679182964322061830808558562001786848206708677898007245864128031582504356022474201124159592088624694181392154459007094098761505692384138026291442098449132312779606987960083417404357088357613867479222741324779686284613959688098173143407398988120639206292148951853382679517029241144295831869413422258610037326323168886103847307507346101770810425511712903339062167817913791322947200808145113234098301172784636724015927108084447534127652675921639424226665112165272861765466571532341301269932314761352731017453546233623707981011633122944000487638828154339725730536681781067955880279922470803
952 5365427024785912691420211340431392126447939876641467468661993118044130469054746041068820046385783106979053590309721837865827171088473955441439353722353804738045521703879100855990641003143313585488875531632748095959889066691412558396033490451538665017068011461977594837477220779854763610019463379597208031086312513836043342241763875113930236844500276041474076226009875081346848755207854380646257755565356409980832752000913824668089714329385550674261134855024149826241981582165378118251512372353163221354203631749705700561772912343444095108352005768217883194897402764418119117145211900028198690622951597420472365384762147901690321206239194286728560955655728540906086540348275107912418180817752900518713918543402543315320132442987443758077439656563076562363020343764932575976345839174470502258802657722998865388613847338914295246918717122494642829742450604673906205465945268831768994012654359625181040500609
953 -56685239396860441488449944468277020983102897552634792036515118191355171744633401917536461428551737872617232149755828526282384982718851216854396530154286041765006617678019389514831594395966186884049860798878616149713492433152468450309571912152032361418266717114367635082572247594887477413552616657698440124305746094172241863464271286456190303490380587929624447210231215964473390328517432622137419088662166916410733920356191285792304425210558241271858017162353757202470044617964378113296710399721853252800155908558128960032081212348712730927034774558748026970046949822190106651183172072163873624700193167385580133173166997210452501226282777073882136902659403247712974549586534406184227687622841954746227020717653272200636938095239185367560701965130767332322422909594013542102164414642693798821035464647862723458726789021194823165314282933878209831849790396972470138001762115585501511215060337147994106037603
954 359112017061337260217652593388541188685080867372112643533325270769761486651767329003435347990996456208355966905728546991149990864556045184257068101254542887655668049114111935018473091896263789236929492869547662547784163569315091580547530190881665097335828737542135480400098316413953864226958444134854415553232943362087147389622064698550116303274734885941502784539916738544350106693283484880930190698500532201047410331701216210114195998603144581591213641349487275519694620953533256374047947229601692831983218273768026237023695405111261982781841584352091546216423266542308592849062601976311538392563468540811757539316802529228767487053511723307086695377384333582283290869858721353579099614832797840951687302455674806595738973213309646272704281979837613690057026847231898634059663203891755523816920849846824479391389406245925518033616917762553435785004131251742542827008672040046461410373188810836212880198521
955 -442580737273370263328721776429899322337902938216579827977222753714028634160885232572947233586930173803405420745413615186461077059746039968347859735498760217005114111274181106135549852671622899823857233275696197112983924181883580454308598918807943390000722497084641417056239334153735350982042424923069166802272085187956939368832410064206325151521537321591710810152500119466107625493364895946281424476120351829120738785861722094062081835082193895030461058907252269142304448545535319093806599458311190662230321115072084337492624038692258610116474559393597235603808319699890591573652949603642715145546087218570103105819036285667985350443763038856514627505263580580693728764266789720489992097619311644382939074923656205280860890071592254899740383636611615932605154039374155541944509156288858681271266829801778277595255876580195346088466102274041747652700311275553142572964322010654225769746591530318977709443763
956 -22810473611574246863067530914413168699644389038304451705856419495725646553310735408852714593096022285300427295169161243658805516086591426924604963305886797535564132575658013213579876958263516967305334471426106197031897679742222290932624479388203171633610730179287812778470231334365148299191301861949495888960852877760522454979479433562556510668207340812393770096439781659916621753289153293428597551276840218019048324607408617274450773498346058581789670228483201457767588557256940962263326438683835924285797230242412339566768042922762600210043325964123133084785862229635460449783606195474889720466779906183646311876117196946578997867664479375783131179354497863292035348704559778725372525663000568607718266251966698108461592357535054909615106406055891178766763077185787889918680613021987852293750662190961154108604203642105896103189822848181870011433502946957784560218999779354460666624528755276634106809199551
957 354583188630937311192497267435806060104965017070374614366545526773643632967385772461141750129405272298929066959646537483541598345826433839331616841688364659617672873625470081447709289691698153565030542374997482101542950924915714336148484941809584905500969295794853996994228050628337535881793866241034972265424881627332731295459772606361702246840046296000959877061683927375348940593171808685160721269300600282053370509350875783127757410193653024412472460438795657125538967343538658560575569599507891407436358894681362854265067402232448190701039198949856343773995094668739503942672351087274651803999810837985786478385429309269041715492680298809720712187748396981187957934851202826574275052645244463310102431942608273267855398513846027951702380942538400334968923705800330010965748807542135393013613631750252884163442358915859269093741627418954802438070683911110687596801581811977073159622307062065773375482836813
958 -3114528517018947013545558304226409402630578044575514897908824179129725755305985305735291343796671475772159897512757441161486176241091066608389610514801158106734685104416393295377337480094227002535966255666641089867686507261973900376277983313927737718256353603231572077794305466410810402914291016862334052256773028043372217286543281130796434137955459326275503650404531980692043092350828110153378384151034456842633929522332322531651357479601597116054706408852028648223824790735239863430900741152325087511783237937467188445810963980376316996841693297852322609558857605516639050136761495766842242983869921012182728740448837816071838653052401448837520140883818147746989761499972525268333856478544926637506854131614057591699177451248332924827336876860110953120370112005866473640353721916256215743126806444844808324831914858726002562543750230737240256767714532517297472356314831201309272047744822692224192824274412191
959 14903757423679892612771950687973409444945873540690564738972653147300991943072939128375769172170123401019758840118919730272186442580922185532414220244460628668709055667134400969425704503469821785585022258186094306879096828952693978930744412118567146278678179804187658914642035780815618075850810586516056620595931947941496673162084385900971786693518570434153844330772109545446282638132549217860577773699319032089988989330441859100843533095244759507601237644777387159997809737656009789609764686685876926636788813347108648117768920311760882162865265313640289381119295659745875524968780662311508490805130371172486594423769455492951899106431519091625401749674201119557724507927234551753441644881209988934916745053972512019397039732673143438646756465548903226450907841272203016771622817174135010524582509192614791798432771198194048664621763276113504721374553550927590217742784784178217976398121137788226906714247806917
960 43162471357802054364302954641543085734681069544151253560053005811182050186705978400769158711222487960213106707729967876071158474909972322463373674196202472603093456159756635070854895805933316247931502420884502446191288651535848452465946284132297896339006979591051304378818646335988450425000073315139098212969702011851398756487741250054358658511459579691712848434973928113401317258396016633062972104671536299662686256131866692812906822104524882126393143730286818465005695350987833386259145292864321817132719297030751960292329818138227200638264027554581872253260767657095292615935614184615039344907498484572752470552557637134282953792966272745618611846318816252160415271336986544686475260727572328277085460153286962367214120358779131270590025080253362265607251568551558679807491809746186152603848644271382673482186649730013438835805839122432113710774038476031879602385594368461951641344376878667090888306443776729
961 -1806771693377995652038426325376513317613621528398966336449226814796023398009203175632757699031931412719557428088526367709540313414055356677464408044256968785029501870185830235133644019443656923041585695325256983743175416189016607155214261626883109308239225407457387572963002740928981123021824861545840958801478540699439890036724811029654124310145652163111863005220255388277327382140596449380834161077141629333211248117308097604275948362032336517700123233146578108398839119993242005259625090390869248956553429344496498143293982170202253036915321126272377953690781096458050809471295440538490396795081310881993492744545538723355378959335634102127460008973469042544912562248142240941963278993885172526424503513665658857212502175446299134964815055103904003255783547561595976777779600680035045289120414561969143923838391235856593525880906939314618146386005357582636178956026458476167605693244103270255430876734381297547
962 21770119396277861258590905770636402644598341295547884613077497030744452432804768460405809355851946308223179254826901608462582747485350127827586530729578148508807086166051628777783820460707686198895040007007732232812642360802681682907758136987626115138205021949847359365403682723862728692630099856211503463090001455991918587254738981788990112214859018889501413639944068404495694609143109201461581244376450304965795021184029695617750380210068348477602599208856799839057370757074258477464862820706368557238706327766614540915569162068311152535366774530451901376534086749671420299512009608799024218885378978897201949943494489704244764244351527213380227040001467655842126551348528020247672065427977192695510502252852231561808450828657548820465932849034622029786277680769055499309448338213586789044884826742787825522320824832143856986978236932808607333726588116924098145925363341038941562699754467964207149089424730734881
963 -158414172766941217159805935164796593655217072768878406179738503315265218848327170073075353853841164578149400081069037045925439198971654302922886983035088490469612759814256398130572835683786195592120150477487768732566421354921535987341125657087391043167266437071612615496046747712512739438695113341952867338169024087460942828679592001506945757269199119300645156051144415291855262050857087629863478741855203098171270975754083796648894905479997255955362697641439435816459525684855131916886304874414168017207576141531017663664708702279060437817599492235876530328082559584666868515738969037489446327817143119441435239328758702163522458503478839376782401091172321278349299110672272489891841157913594909841937635190903414917904588903758548526642485467696592637435666214297322918151909029028589042237753492638706506411324005612337348658786538920882506066552648497064358609260448248863182228263486358322298796929876228829707
964 456452037437396903628810069203556485307448319681951922640191533185539194645320081441003200303314900905828674303123012718271362555142264242341908798623756948181302974629446019864974299975035249548297328586881427358541645232508912367681060714408805581074632919507575017214036892873271002114511171661635981604943935545912270961166576026230802197513260028418446775182712878494097723076401486355012340237963002245757092794050293519051328550373801055988266069881159009985365114146146729808519150465872109256937436087432636414409082806049768235837824136361201781744979084715293576504243832801184931834966324115748261439899540294850737356824453640468797403861469572273754481126148330543677412898228249684515810563494481860362465681932984374569038270701611331812141134632621211154371725261269384337794251041530462539192090050543269233132529730727206469236200494535487059531606009390550229984407412578198612682600680966018369
965 6411296753131395944437565369735150586827445935708593120568562661519401706007953704711551834347905898509958905168433584719411029165705202729939017049001325157341638767928833309972413748011235104344532627547757809961711758015352001887076643394128750799497143635114791802935170708188090704808485724626532900138116992882195938669436472177015124418567566290064655688485562096816590645831544643694436293544452939664149692379396949205468336041905059591391252242987538304052440325883383005776754707798570703481172960418391013608016290393126083212030531585077323433852488897737175225157465383177191891592261575345109205012435109434171892732995680410783939610434541597012572509626461818207102086666044020700049032729617188006160420597911769788631669848728088142811883318704521069697605857742604400822411527369395123248046778439219805067527380770422520670935366547293961592252851416162587042113306876952089352884050628063788077
966 -126476779892035934695301520979696391836163627820299466308508991736346693124031064056038993637125030647406418930049784972749707115458788567397878328710850290028367267848695687558927597476957811922867789114373131340041070132170265321198627111468418632722481022819730482270102787003570592757834805336141388682968924000329100827668672189064960256294074106889549808352020636958467632900450142268692443665508961056369260849297132742946984509711218296404359963925464395153751415081310595117931985742762355793571567423768327753366467838242156878422773541694170941440564664730502332314329568551071115064866213034267935674091387556901992908648256414512862779122810131835998298824078392714639256422866248736784691539101385882771445229226188136075794318537490998905901078664327547938942937864136723951951763966823213598575065446421985807405665499457419103188817762103285250958618898682974192801879738176184837337966227780924311951
967 1250224433790326131071854840916142816753960994957616324883454434677371405844483858047257197140122253256986001602016289635924433751272559779032524265742918601329069558526311319803329724467166864782582312899972892259199113778659253493255529499915824714886344148457044884627775228666690686044687235702171842260971943191047151416100635480388462550384175700531987794587543269030577796832995374382519160608819612042216840903579807859832957667987043502561538961876615146445910187914621178117812716969422847890798556659542529422182195587080037908350818276911727212982190285298346531849310068396153113057993722847186753351410169506816950517147648822152352612684817196963418403538322999743186299534071760712697449493588035146047623077036382572257622057280281662872159590041584698764902776190902665341095259000878063066557745854048377949857547090397038210624636005049163417878219396049744914390890435326458596878811012860870764533
968 -7263134670080245618662080850398156255730252646373711814983985597565251597516975300911154736470714030350252123937576061367409376223721614443658432300098242460431026402145900663760458181831600020887082653049351828962910200439130397452424497772349407517327717353064740493654986042801945987088195503835245047618998422840293194655665142524044315719510641106829589945765671572213512078292118971943462466506770578387184458700893658453106714209151288364467074300047562019511198178992935020215639828299168914047000721719070486555184793293332258360228334123361944784624611833291599520145703179560026856910316044201697633296521162491519429396765618962419785090127994669180855937525352332296909124740356629421368827205154006916308656620177375554395213195104014985089379672018267571733933878282437681377656437142897795473060543195222291499312012842287860248990095005409584217091888768796362616711449891581740452137748536591410285471
969 571601715361508182071816520688356219140677625229665378989045569312794653628322850849597323848793853969254844355722680927675843612996509841907345741406552779859814640777494541464727186156408266129190869646282945960203396174855944586386355482640947967698254647561510783991035625950545421184143623027836930872533853069495505145387375066144869486257072631305408921138466173514842660381989986301511938306302791633652462170455617605900298727902158329216201272848143651542001445797793415853205491554872871228761160851495901672315686780364470214374120822373533078073091431311759451908691254059933505414750791834719433978118434116503017513315635041321197120888858047470842367805804667771724143068931929159064579603004739341872545645016831388005090209821597533272289121988014734550826336269517203556197834649373566400498784043415616123884976440827142014323115557534892186192647131676548689759032497092600437322696404877747298237
970 578506198853869948161257429398242325673087518036012924952516821539783517149598350481159455294009726381563884710173461460516815916378481400979546415058243541704762100335476095940783456273849070221343837474415820924450357750869807363798384321813034427137739411356872414367579547845085482345051529503767756498031411057982149227143569447507066151816226110020844014671325132789520584034872592462009615707707642122590129106291150549390157235295683754517733974749421440843607580487986997904584744999988210936476597818160662005415480582167179124499236031239001009959316051822769634518495165114050603393223757011832629150947508439581186124274920280484027536394180607129197961153089112208266942070711055502563034474531211693328571279113621141067685918836190501204945683515293422368850860488121118209736588180607341733073926478158357601659580248259543902175140795820532362031929687898274257856652972105874089407821437312189098575481
971 -8132740134593745844445009610580965391206478955304592034178397793079438120653739547546428803498630154763645543160401382087160788259389293700620365625233423681779697683059005317340651729436939155221689265429707668453416206384528318158369205231483137535944463114844499348329202953077879871335850153417632360282411882428653708054584582134516920128504235103115970581101862109569406745955976850438400826044677891028911076020177374939597503756549206988001306151988063149501070533538233794590959672723862841121224061154210511687945888467065986980062915619504284273790021272845139013245174595164558107630682135675727929749503647189885699722982952301811656932147909301967997793920939752152228947439276412983957314123032842809974170392925232987857820441755416982687668325600189881826254936188016152614750548384392372852033377952112291294866432854355762873057075966006877656265223158845632617837639495107000697129508271863593834740723
972 66968242114530207562724846564590141528400986304169322200190814653681013631634003299952753672263186941944571943538140343888205173205312339626716750253537315271670859110000368244253205453864052041111636503627057826177253196991073301286695698937401726110902550155119513294619867105870088293687311448319393157937858442893188515512211393636754903233275760786162037848765664249979751785142702837959781847283894058934548852127597923617711570425247346748852167561537385719028547877078724613403054888627400022028445424364734110865230562562212592896256690627248838109828675718386674288945844496379829912475194066947810575557214614208484332436069924242000716978956717140455355526767675190960138453252746552536254517365506716054252741940915666449745186387070405241916501173184458125170965420499705411462437919627305944394440973200132449233368053022593458807555974780949948677193924642411136296853206410926993538384473753043214071114289
973 -279388009001176576153521164708426342606510393027726282242292801979196561740109480082435948524808576248310054697507216861586818747776469041367857047458238124428850976446665775057136361414908670043703176272667845413407792730200434072185302415125544524433270253669105075731729839801599795254188627686980102633707225761584339651923901661782640367378339965007593894022284072192857336338206286516196909187193158207637983134936533428668698382983088358224957822560255344323027391566885585901387837354407736315583832717626322136181385262059178728716607118482725235613906878396490689493783591859077188581720196760882848446439337464680375877991201048047498003575566163336553793957222119441947281269377840303215933794782264528556753052923100315384493975925478667776553612439215259353837303748483188401079422300619321451372388441496762431940910948855516626878389738120334609407795294834224034617497519770721935844357767062819693152344003
974 -1502324888962040013258953630621057852482740618275409643134798069430900307731872046416428578697575243850098181764364157708735076658037417068688415070674621978902941267188400948028371836690210865996717029907242295318807824525142655326651219229716100775538993892906495138230383620414460849215348610054967241232532551806728175021777502853426364150171584008254508328299572694250992790023102136122635469701877203009562498441997183757960126882127474127725168918455197488938673161560430373299329672678366278130488223177609825016873468377665875352110219721278240971208634008325314659743683497207181391164564476523392911767661082092407367762085750148087204044611053484889169964587922436698307467423994531289767862836693421052180699299126540562091638276648219699518417486445772761927208578762357150660184964051576880936482483631787538072848856349653018043566633620468041124157836489187499653863020458662753641738559378644208612410879119
975 43561079252189012635060316827582042404168572072271889794921258910102670089564318064674773160140881348920779849917305625168154217428067053319956074280834804006230601825181514569921108087188553332826595924209447183060072759961037969127904265912399662752644847608447268985030426593253076722247437371651764029081373175876227523592538643238274062963791151017408974923538264796550939641555949333365896146872271782412185422488847484120499782837789170129589363740822199589913057129971049228698366810527123038776025273283509226736085930096761951832165579410518068993431067740088435058549411326314332975747201706280867046775033704421633548523301962612933794622371928132150740823631081278644573101452730944317700166519113438845085446084548660206848337666865922359145714677324219232802498002755282556324872787620091811119872052858071673934471266051344058068965616069928559273870553444756544165968106735657046802432222414064305172770827733
976 -487603769397279802965810611752924621468232007107842211682420505595512177476214691246578347949682534707581211193929814373455371385180812137170496595256916979804058454681979316459147184097655637115219268515575171775638796311527544777948088571630727854273025275823192651533714664992783124971255177021444265576776808771816110704221160744474735089507347903462023710235112568013971832506211668470098467053555809583566201943260914690848611570505769606940624573300766938904288675178583656768150946881812382894799355858782432838932912669095975004548497606798691872566424907974231266906876547062372535319888671180558806758832141084204446600706594289463417377907400569049587509326844031758552893312755537638717638131469663656060994555822374794503742908410245822619987156322180225982439499294581498494655465790008434802927171780299040789372414388900388714052783669058823770608657109547727664961902962311566990202091400896644038618492704399
977 3298354706078411467316133526462815265133789405802454035592781083903255901953879314253453383806353654550194940680128765530443846761650907893373854857780033077158813052311131547396900449851042415257612367663617997857573051102967757246508486786193188484633556706789274888861740752687908038296062187250134950073874285797594038387284502199014773648784308887681744996317230579487987604609231347580821490090446508306015877916997394720732940688569849366824059810535847184243244935835420538600650147317458608583219393326778567028113608576238268311096204225822751090250804067966365207953669140083288571343157224167093991054441582571108614944301372493884817295276584704119382977945613555847195532249857528712121086018602510369797163544392231489420377907554513230291653686779402413489077413563156944711589944839578091115831529907431141686379536442279845557845458066950535423442751557335599257446896014829438111134163202454578926297247909997
978 -6731311063059563579952861168828725529782033060228188560659021931223606820685061021894458426870634753815098955805268877145908462060974313117118340076247787427865476406635238602000589889692593236133009349362267330007155237154752572385477272901155011667570046335643699722314234212573089326995507774214903555637495948937948211317418409468889290304341037565594682249325026220651824060801168737048497483657591317376815217605683275604899136525781175932442587869454028708770171498606569398130805981647938441606868655585185392245459664742626601297914332792979461056524244835220224213916001836412964475464959106520464304236803747744039733070753792105395992445313868166530734631194359395575576113317156738458039279481632530798415675095995622869161424369026024772694969437471059567284557123389763427072127883798913362962327884701035380355759192474180645620021516090903329400243908922674271957478993701396462969104256502190657813033122922599
979 -172254817974171585365562699210560300288590760365751943861662424375662839813848780101568564393496175736801653458338646057409817066616657012968598405047643716169665779561115496715806885841387785609112930360708927772422386174879969214723728606121954540308917935000494064995892535945268537041826591035861293603376374990034319185017868232148195703902857298623572567997732572987138427222526610380785299999896311285483116003450794897123719133632353073342962145884517832681456986747745512302648285891041118756485517270118872355888434045022836222641938123995873899190183266716281336394221049168319470857719519485423711216817905114793543088256653712684631593348422137195266849872174076514391625959445937834787983731967555042610875377527516445609324315362501410402918085638921391293235189072682615119865759515448969254370514650560392812731399530678519049550411466363658327598384573086842488667118666065141344977898363770826506486551466632307
980 2951447416350019430811246782311727990180634907509141200373610219634408792318429831421157345161624558161000673577450641769515303065515325168077796775526964429049956960667272465999663628002929568720606949903084019755091330404515516812810716193638841091876617177220962858388418430173095018415158541415335984017560934948762243595977650672736133968166704343079646884141247143104382972903502781737862461919494039854312873701817756752026612112896445242545583113597512592754976970664990917509067537731640706763362670142880548915746290709334794835872976811939722357028373357682058848542009318001596691148224429390076906962550005764740550714974379134196560421598977528533297758135020858197542990266259767749534753710977657373346154950037838195118652622655870657303501713889519370656560084408940433497459253040914717431982401108478402929548814083245667975807443213275395570013235184669004527594821045875265188782446240087569798196122681547561
981 -27347107745918746175875666358166594148191129106940175718655057671499289071069564534353343079306909225223287416574866890114899023787514894594579038532067872471470522835272535452353982014641622289761145712600729109894795853946753501204088522899191590986060137043430802502257555502316718137649538837534039131996050184100881628171550714648714636099300110826650325284226248964958603741492578905510739640867259577108488074908426514799925269950186461303091451703173852278017569281932126699326454036878848391139617572346161281264773772528559368762653799537391282985934293446922320934267342948918567899162579793223659321009190221507941671644419834902476015710881924391746050786180117705111178893608860677801622584483053061960467536519869444114082039031919083908839407653586840113226911523540368163023019747129120810040123430132653268159077377990934818248220084479573291914003871524624648485490306434163440068365891544693203345060311498505803
982 143937424850159903599592737698702257425955305841391135460649042226742566482411488776480721897752931339854810423447410377199603793117000157402723712246496774038788625607310054071921876509585598618551841327822814195391941546112019191818930583666054102584420373306148783140791592630067700956600254933649286688982574402348510931049355660449256175443314281924287793776169751460743064570927750654687511006582831638595604475676025216674257226752904519335105337019360153934785357115948774937651507207299029204558135011070811568228564509232924609774995594623360860449224362733247911758750143508214435835072297264059140650470536054914637702164082808936797820178823428803517401705617663300489886738269013058349785526101990340326392836088556053622154423955970809816500211059596195080661855339371057702089031827407518218163392644035068453926865931377319566898296899514754730183898654322540675354815534058386704488435348083346363596415490672727289
983 196311406800049917661973861209396632367031401707338137441777298137125707477522560482974783461524289721520622145773908369179361415087852504175216551214592629856888250328595688504802943943128478538397294909695767220079687065285237159488088635963572131208744797738466418840366957588605409449690751479850811052580286480898635645733324347640881629192442320110877269530636774411039042331161026988119263232207344918629018848008893139452914571397592232233755153253580844130227616964331254014397569727082766072632588520498440799619397900565601323822718014782925292940189999833858289655384140797425388890650370803896504433766609704789027966241652787998165056301094769200761258495081108998466836018190131125160153970263877557860577441562293574320957736380884258219199488350762212079950708630376903390422797781323291245046854500331839115174668817694472998426137911329367134487027086235308939704977389564558881794581479681265768055407994645507677
984 -14367594759117320113082163285974148602402929244264408703488646249480508828061359403873202283298525714552008681266367902374977661533498681461786538857860085931941268701523000131133738259334260388003881637368859419876463924164006873191515427266473444229786157313978536718921791159724864021532111112843994994932581779790055869539565341215522958471857991571235307623421333673304624169875584357057277334734778956616200417659714015122935963922726418903727954633194713796348029291659900691964766270148356625039713490558177288546890747307708022448245615685172876238762874175595606211214292061168915358379967280062765611043448699259111572646282688160818660925847972079289812938084226396508132676580924168893396251744950462601508306419900349154194523469314079307679928397185111458539679244807641487698641706161714442966111852848055601838001565728893294594770351582591772916164597477353917507981845015978011889470179800589029626798529439202608799
985 184987361912197765221737449729463085182685013322266584781642482442400505348065415453327749095450801365240371205281322421451940784927714996828003350658594377895622475225383054392697116206835680263229540334410279735588121623163838272453937599391395594852176642274810249073396743701634591451874073835978735789011393870810329857994623622120698689916469405752062718206557078599216772540633292760383959242225292072684832404414821809924528172468464269475798912847431241977399782859227112788329403720006976927214480221111199633396308064817302310848373981878831605406978858456140633250679131123082602767224780882243957709200858297766254728374779462756918340290546974865341738523822077041342419741028350140338721852363918995415880947097053270920587832802698190075208628415735083690553791686561809017845724866065428290210355902694761177741515120515651865031178082226414423812363703761878548676515285053339144358239855921530358377186074065217329277
986 -1425647779351108807858907048361964195605469579035244403207418471767199539814888042260862727290644955246802286595159957169639911224876877771637537938492676352411514607035912850383194369104759523937010430134905798963033307520283659969071458739147611784181923567130656572186715097159274611472018342579959205097551751804165317123137882012085339002498996599797123933052590633408071077993940982563863928311395230664905238081450014301607922695142972046857597740992402516851302643286238806138371668440690220463880238481565955937233018104833717479218902702913092891554875790546276234739714389338460158440139656400013806757019163903805936534160205731552239162382963603790417559740304093259215542724037132315849273968335816871069362907418116451251036544240361167370354477884833903990681565490723231367908985295458802603643553609083382523356314598580127652620173189854259654963618793860688672786373675361811050799277509141955653783031246438654500711
987 4990276557625561357820501260199516075435159436710105628003981829481491749110735650024531265298567036149039992932706862927015119444142926938195975185828099590504301349695785147641889682867158568938522537694539896538660782454325509823622497819325940132885872984356986380997118059612052803527155044311829693781860713009974547166527396653788121564422148831310545197086849415664485534889434253843299723103929551251546823936619084651864886002747460575712224348352743807553397352251045805067996578331597232475733086192040730147155562557746658986318699604908470782285160760629923992074675118238151796406247199869368953473660397663745416902241021589793639648645000737497048119749857592650022453844953779309813846288053789370538414514132511668223364961725084736149169745774307436796590809373040313422788146552531556918524454256958791190686893362736963625953548096769364627804219595387771838805134622314815589551283179673045993074867013188840275053
988 45369315196109809176006691548601078550458948850222039022979759856263198496884519516195210598068918827976335642034795419068156264334005953467243231709841732275065620016625423758900309695843259845823152404180254291983341963407490669177885721854159993988759238482299328646290390331489622730125785617163488328953678654343379461543131918897203900284494690821537162751701994693089076451243281299839789822483383927434876826448483157278388379715304831130337549546287077879996496619180787309263181270241103299312095028997942426861585992529242081214593323810395812543966153927783443810006539943812017835955065569613546400849789052457904119137077276012302386225812987704717663675212775322952272455264568484930013566637272285344287551492487864144398543974429034080211524088323951921322755950574515878703975162604262190307616412269847159160302619633985772570804570749547660000972382891176110141582564066318855835757493080606457373791615752144865619009
989 -1037195179040220297954506631552610520410631763101881557179528472298040085481400763800012887140065478396399550118886658483096564112969580643269759899001381680165689920609720576101226298978936579113102041814144924531490668363278410290300714403158467859974328025732320133246629205203368430002247604837148589583101680522467834185335049008606749205095245413591987500826638509457133864888053635751711920727525828724318634941534164064540674562147020794865582171351936096872960176828419590299254369493989328133348768418925174736592267804274178040382068811878651454177794006582494857726881278639597359502468933956585375570465028830905659763635427166620653642833786459371996989652388184872902677234191251046755722979186830846922860696369100908853138197540058117569537516170823972444123830314509915166146852044503228746222141909406065066000499523082871184758423356935759688514392444856020423525566456317333506617380350391685400619936902235077263569203
990 10834955479756585720953892327744562909328674026806996998172978018472553442572295919576375986225649375300075073095991707616107953862293791082181525863925123227629661453775481658227913133519714943056463301786138245299176346425907187098783519078393035061316892381638041744091667042118006141740815274194599889068533218784358118392240678546744781423231195178043547937038710169534205255157543969739245600784313112602438107590023264618568760674253884259563240078682554767300987753233659467166498417463543799866447176030843367356716040269317678677993119118816992575082874442583187563124087669591113411429658605231652902575821539128905907776756325419751237410119030668211239871715072405872432569166619065962759504153359801072360261957637611199369207599101237634481166174288364703913385860308963019031041603244307560282551817114390753379751601853708762762721927508671352250961930935731679583084383748187490023820550309694614311791856742704473979004321
991 -67701180960175536993496715386288157031949453709699921456641050520025184817655014952297250951390534929021185585539243510049622085287974991414646350503721010809246052702804561384349956564819006399026807939710570810613086353117274040985148669262242868740585430824299123524715142769326715416134823836760944474957026655580818004464715553000462473223676893133736446650914259387766573733947347612589568664917322112792270054590433124168738933420379387730714915870071011674716164720888674633202632893269712049529223718928162520693575257690529417643954164973526322553505032689205593202106687950092699462233454186106659732745394859248772494619539792714259048847218425547575109671092006103192782408434029128494855416479337928544722137747794437106654734288263297911515517208935292164639422047340548397157098640286336330334374699069663249699197788686099693746201048074013463933889955832819501106767971963594606750878373176149978461234844462527801791968123
992 71404295986131865759023270349122729992701083317860251182848283702595185816082802749629650822606965839868123323660315009315283741869550925851467650680499401551752659736129852630017170784205492169436824566317180683271221042253612869088340269561494369619553281351588205861992753994091411389487485861109364608373572085326809999793654235567167828681653143111487644061544941352826966736563043719008718638764887800431095360013103130512150046902061149119046556116972454408410130614857744565203883580823104748158007199246032251154481787453835718660065093123049079030099772300947486832857176839103422860325259624407501589725144824583000522089260368721638020712152799587423251187514253510388734978532630848459527916510151583982552866270328934580416252304850425497109241896410516471181392116942071354826307045784459912350308936664756894346534612090020305021280989162816910129872967661158665770194640209343869643136042352808959038044068931780640913176409
993 4469093953502396582421135790745042781613803339428998710833803093325845321762950209312710896905451038917366649585248967358660050104007323505896605095227415559686326138003195661071609730280076796488480534731677061499373636411306987074935399925431355231538645891892469351338010196281118363086138509765528335180622623186947870673685285763069247846516433666305494225507956966306783304826098851695876248052766119860871713225387469462056270371565408409604474974959562767902044701099686783556748864049149807722319968419582729515600111301823635134738188580472424113624450355475908038397881718384280378902521352629888321220597057286548012176522794589146530441539949428618736075836981010463663861680238566345789153482983017628527213179207071424944202176725779098177455211476545374672897817366661310450985537719587148836378746043629446761724432935132113801868409501852929319895284845071069471815544250984310991188426267678256254490616605001467384445171317
994 -68239266209748358419606458645483740914923697691198835971560638614833798893496009297441313977592728464269062947954066267477049722297883404676561339491381646279594219283779318381666105643311280619324023584197358258610382004082139383368878264260527940377302652454914115427958227826617973059854423932318527118255129790294876583692446012955836954433024990683969337722534868319353329561976288337233341185150341127319419961223542137753054021313508889958529799227022069702340876400007069081793494957763944750660178114842142597150897852326628208863823754056658977592486496901969668272226475448799632320975689133489963191977473445041282334853951568286557991292690907460688484490487865451980763014052737830530586004594686970165882899302331613430116246159140509379934391426629209127639321223259804723875862299900584793897189387700379643503547432388368323656421099629326758988644186935283446479472095156312625546134850489614178856718377290921863936025210399
995 593004137326296511067863053405398130164728779677466105755295254488610425258682540961314697447520871043036906406311756688322471787247155905752833155997241931859470315179956826378124558107907196548375696393392834685956084903104217678253280916005890683924503589944011424732921384404038290032865625811916734890673046889916536271009359519512924049734918811291070940227191783510923200039169889378259783457541838315867047289158652963257603625122916992582359800000525809641125437307431805335669929736043924750535676995924107678341252566302547308319883989472073081684179171724711146942801632644909527400006881990655582043406354818531984046573457020819230851365513162469790086223805542342772893802527146562811248410080513096022109174910916282138838810589092402246065729521894036584698103581199094144805941504254844389690029280700223084378701686905092627264502834780327309633481651187167230059181603300098498080578610593706068566801479715516391597593934133
996 -2778814056225981612955888366610545553998644808277071065856095618438345744639205063927165590052173518328436112774366506605743835171184096308376834612394726725231729656124624471157179784499860591557267526285211842214455423421341907028414458656403682390221509001667722297760578941558097440373762718056787645732167728054906225776726816269998422445854104497097632577466256674358121443963569949483955493622647521824136313167360649360834187852524546285763596015928074352170133452234857549049284003058167027407349714805076502180786703811260553064120886571489387385439118645270187076166998419435010259816672957744324423776537739727182712484742390978562024974555916740120593840312154337324230357513867740193663903250193465468044609288552697981541135929047058377644054857113482996166530058122350761487118599679141277951113019627315951248075061982272204416651299812858037133965013655024441329892342610540140759982052868581275647011323851917865483088763998239
997 -9044044003465788669208951456936140273345200896278928193521925342605647691785357562044748224486027465259968031724895655427177058686604784864792993372203841579814463011502323691786767804190880478496443020965286668554916922913033624996990232373253811403436173907259132852611071538857044263410028873865379307050199776443016688806312664891719123822587451939466174667055393200756869584812669770377229344355776987622402168663814863754594893451696388536926747587756527410608049930193092911136452951326088837402539422752646312051384599519698939956328717568178145996039159781552960658175122002110099824877162512782827715330282454144516121766677028468908901453860744209225347933455363626823462858489633147245039331800948458587863597667662320001021000966808828541670061825254654908189831033747036959456533166946530159371914842782067024893266507694600315938198871021803070899100918747120354684645226300688096909935368638843606101451501005083342583817321999923
998 350834439793457287104843230466554271727097158879881297530664851420413166899841735405030314723765233072592915883909233406077309346271908645632250987330432149298288509840245041790758709773898241790928829440912499476450393423881765592587554355181238900156714364219589961193172263590210703335018213799915856641115875837026458191730738563122850737861477214674893430411300832081204583797317446275043215664304179185003756982949861935887570009023289011032319493712440343266907355134379224664301582325194815900141804755605431536929738598624436359509014690712712229776676036927346712045239752310788435032446007755619921383570538121097715796280339519488730064357036664249896824612502595410160600952576412672283972040724623229422533725654094082666749905532013573048225149408775080468002901173250768353130917286946358226734956576664065709146979486395786885608006320620178188593015441249167748513018509093860582152297494472003108106677921201185595520091268611921
999 -4173941964846830298107541298781534950256253416024859181385579165874908422197944711754276089948404298991097741099050810633379571153799303175328799945517400981191613617773944540390212229379531664011595739252297455450316273572963770265589543300071611340500877400997530026194080777449548981773696806905465633045560191396674001916967523752759128354663478248832909844029959151771902328799329493306586510061424255428088836468202278629652240970995872226810873494736724539254487549318729483088944390528788270333789224651792863588132654421427286471692128739355534999180009578225599690144101050297046926661594740160177829737111455329057839818254830435409570113619728811061676279769452353433790207007622423315127805414272241773195434368565818082560904501896375396824420578893023929389687111868956953880535627648130813366645746324671310546642262876162598591147593727838910943184963030850812402280146160311714381869480548491355846207798631764217636016718489677867
1000 30015166896566047529922153335181112306479596048759842685114975370404415395413223263541888151008953445437190440885580780685743785422457131496364682862179339803608958730148970215690360311559098499094096907917599514606834934451528292457589254821507609828266188598269984646414010057467364888382714445339620538154144420481725316549495198185332997602974282003978166420861398460829851325844137922427800675228402379410049799259882688634939931032414425299660236130092845493945934810046333005145566230900340332009953726470467977906696011672957306543901025281822094376008566402092193487870191390026036466190246798373607765117645604665446381087893497315474441146373242323628169297585172470166876790800638176505580749959196078120599479084124281225257313630816120769538938106730326977982163917734579814332346062663549703769693245676768630752774744797393149891745870421124688087836583967551005866236818837220991311113445129968737470396743187652729965194634352153329
1001 -82505980648979587966999211689327599567568203772339044696437146335714171437128799063450206281733164634487051911044995268062971237986325558081732269965240413899654896090405188877044113620137799043152475659460826035328385711589177458759660042711714800627002069957708796436851986411663022356690078855706271251579975117924473719436452456705188428991079859487779410690486006817576254667130112409157279561414039145979835358813617731741224944229992609204194783050711429115925863771002697097024492749667777210568855643409500489706068678352004227262357750347011164969713290944430580419118497913240940284501149043721624436126937337155919585084079670137734267082476479265154977534510327029490515249313040056355329448000652938352174396474913252268452885501302267458465710631451219448709265558068307928394487494263127661363160430520855792064710963078250519862942862312722582936612713533863273786499744090777645266730072473251622417722332049162998838412755669775987
1002 -1270601023621153311270379413989625343143722307779784208118014095921662709346965154739265881836423067263143225501793426893676111002383258705870237380780650272180891558558912578589523026023564042310850598904786818425093846202328746390353357937548339439223163690178824136666665688779183620978494308951326713409624393896140891199152102594207641148797352967751610557840202945499807936954270395046988234691620780735116120080734253802685157688864656093349440139363572192382272780696031238974538220644974174263968662370007376864960613200338405643890073638926337749277578691235044345654768260033164771502637221511948358814993154728255373444713821181821606476955897606265925422710451148529037375779026176983163776166077142513271850089258007021861199904937560365520351054034262466484714126617911566927175488192343581717102070921626443189991927671681665457471964782879423518624075408703504652036523890845282025855602638939678152066828242399840800302615769938698039
1003 24424843301816408481229767902212534930343114876400648981756372844682144923135272329397145038896768418929156571987699253176581350527649325785125293299737239996907726184023424052302264258339356661442484779605494838284600224466997652256605076134106693017688398091288432196091933454810565548756260623373228012127253260138660823836804650348971693934906431534208749166081016921533449596107574265248556134196485146757167554001399009568515715106676460206026359593539177517290747299595624849898775275298135065626174966820389781050750271253030122793345664609590868273072969207265410646571864332635627188376755211368012716414333785580888327692082950374314525281276607460294046971287766431784160232208878003053996027138438470423118798454445439055654494406333052223467223926532670224295967966856407653964527221797458924856546671215170582234325704649801963176875763699873088794343050253763106106382565613681872193814351470766883411354904753923171240966226060513898013
1004 -238825779787013162622644183208949416667060038817727786257291643089002428326078408942902625172406772611681559671408619714005735088064673134685224474070175814085457971566963042184848355709519677914595963100625857075089297830997273340432441410007547451113608454664096422417649101464706287177555358472443408668398420929619665355246365988788796127664233906350764356763011424885154463055296356508558630577278319901742884686222125797265692689274694016733290510733001937668367351898506680420477454603695042657884232396302528231034135110438176178086697964251572226747161383642635869673425945193555716533927024495835011438276261462523033301733646383640666935230646771862378673043917767780441417503332164406672745799671948855865324439597504951119886847931671648149748814537565193231516096564145942499016465145613756985198420534760310516236279708191183131855420843066953362180461972495987084906919040708368071720851702041805638658609213453354122138291535748212917791
1005 1366061127358654264856064327130701558806847008418672535301572601997131291622646126984123198963301699801561645965571930685639635293811166384651395057430920428762127857513965278433717349330829721066803566114206378446445933685890921344841205616215059920282114203051960086188480017915002572763088316923453208028071739797339146693203308772150160574034260284054586077994482025541572567516929027609742791619214406806683948287400348406362380413881968732964162235985012227470502381707634909262122777971561339566320571853058359954803145255767103451227906562762076184955374369547079396083284882062227669548184463619634948444809279225529335072741897292274977220768901908783473215305362960674352039878151018956525478137862209394682378003918167715093931767281819892270954809588685509286840690424115896403202830500791435999307194852353251752363042784217642136605072270176595484008416379041334449847938896513208946347479424062670299251819092854507073021979218438939088813
1006 190899814892718439784342014547651893129486401893268021692020729006534578673388473694798718534988335734866793733202064812611858775475825722940564145129266975260706064381345311527333307853604259498423605930538697637149375443785052533996031068032229279043650523737516274329944179813483044351357915848138838550905467319260278474550082785325510650463913704418247011097188115273798145566480308082926222072346368760709453742659182746404985066603482500226926771477543622178998065582452364077469787701248875485561484000174882599915971067644330441954134374833635669075354737688197040596020873997173712625658783231545669021225024587916719744929681571378322732576749582520244285345260554605520351637725502164351258864147724796779591553870025504604283228521206021909481983676160135536180110460991188171829838911625026010555586582587603817026630004351728296382246787545661357777103152766067610876742292540834543156276536514517566838300350507824593876276169029433640801
1007 -112990252051301230383283323507332086167530786677978539554524561640810845099118993674264341954685504226239653321017104651473752707602636078687116736306136825356821262379517877294327127293057744560648928199428952793094748751748140017136162444140280524622732820474075153551409125951452675267397781529529578146292186053351103490042747845541930924699004995240869075767156856521489301733016307946191764254584672915336347271749118642725065620007875730030027189250994482901647138568058167017215641105501406745152202870894838214924788344335152117662172277302783840563511102172710633776961679916234276472160175311998235774791376323542331515217424569083066796509461867811199104845024929424937246313615403980176181735469246696083783674107184350465823520508511461165510013249251753900880738255785405605088710346942147002838614767546179551522680108522340464732451763772371872294005035872531275350428509262921308156899083495262225039854574157224997236257875784730029223163
1008 1564094100297829214997115179443333663556792601986514107991214127490822619937450450394260852410699368802282835915874505120465147108673325306967564144180220364671267033524844553733032703259990320541737903006926446848825432595378990694338967531623583465603018296152728895085694302272001424508947624340130794858075208238745134148897375738847964490669801823705283907734962281799852891453177480003227758075011520530995812869227246315024653215876856058075836703238777561635915687101760020348531179174794088666361680643890630559366493890911023375636152328921812891435040177125682444424004744990377527415655981016452084374596765665389323948296443346811133778898311058766201964522071780737198638280349192667137786821652951569488152492010454673343199695065304294958205888587947551234642015799482313571957545324628893282277494953545829465992418963622911718709570406644654143057804341259973839275225747908626345274503994862614604233521935638590001280064010683497996746841
1009 -12739758722061592505296212586991914704941373278511004273414549810315582692904628219582903853557781887880580442399425759224260820655855207633044593388773195249889578319126365464331093126603730013040687784800989701115900142344939766296819037351789862169674689852152512941716052036596036162661571923990308263222929367452102616706160776174743787166381383366923897065523917140028641094764479041942517285583210877422900804576600482110838771729576270870259311601730011983991222749845422563000710809032990963995983807913877923810433634598395227919251476327564834555587466511967297770681185079847102595920330600192766440620390600868205266802475461842124244308378056996473492104531306023655904160483640767202436839802711759809300028552207512054751124962557637891964237293303641104543304436720965544495607823870054969321338889975071887109864970550598032621428030428895678900824192479215900724239487829514245760797763784575557459610922633068973967776551571429119324568267
1010 51776215514720058285864703379792907475074409226758354173808699592159663548663130883014356356757656861555320591823137757853677907461098525632246876223869045508820539889919791150954997739124949005407140193793540274677970235107194660525610020088178148635763667465566371270926032994303140973151852066191391511946166119067969229413677661270316420573310135753872274871658573303016465963210058794741928865727786220358711097600934072877508727492356821255793569146027142625960948805020739702557443837560777721010598661709810452867727110241647874922997604793506373631162392503461437565232805250478139639877253776710237348385376871204034603718883533376787454560619906082569546466482346080926314937651156092467597232022934961114773846884247856843056959441013937798127878342973918099660262388283830227705815360026376774279456272551398290476050277192444511080982307701071703555697455368222836895574732180553958773746902866142796592891458812726141558868124016723143417071361
1011 305069200517182101398483335082078589898156008622312822290499613597893492353748781836779277848128488360879410542390025138310492913889774548939132832393824463663183619387231931788262687408708194359292975539747633562112979094529788311400716682629136464976299625814299158430073891097005247068310965352144602019078971318037466354105861541396681307595819635452734432955065005764928494233962433126247676239955231014144882380708608848736305988522954688117399022424606236360092651609306873439311924941366148433933000376685571513229282864103125570644038086608704549507379570031227700935223773029637899330555244722071997436300886202883299309682956411413893616259164805948011440419408937827757344374498286243370098600012969265986106772147634355585758722379881281000190244449875754895255497773912218500067602153985914375002058710363580472145010798992746099871944913651269571927656417490375332033030005514042847850300800542678402406735029768850106881609906910817190506275477
1012 -8446095497860494357283623535339450753661898578944460908779155358104972818487437530528855912253894050473529943046564069480243901715616460734290555885219000993819603552781169178471627629505893321540016053800564156652260962516000515021647354687982715407043530538839281116275327407777283845218204841171207086860268616670092618746462473769915230934096964718269939250800942845298888927001384776482492345989549992312444535922317533053688452844919386737823066673721135131215235392526781340313190610508782187553054377589185274406653318411903953712679009841421109953830512888220435540969055555871528145450952183342243792672443383884597046880188655345380391999885097591847775654875964154482109104728038973171820700856595189662396640759242366762097677083034934868312724231582926235247672409581784960676356143731045080334651737182541948324550920533027388312796679710989378471013002723693144085866596858023631400634395479845557143110848929958811980959482779664954789492019471
1013 93432855143119219723499567709918935711267018215817415299897995483505908409308997511854869814361423162775993656486522883062996942525186966544122579922093971766650588257300773912905845229061855844065536197534112105520552019240266995104939138089830986620585377843685678048843240035334623246400509449280256725849924486546573144420169224490669885575886949069135857391730112014166187432073626320631842974741652877062928131461694625908957121917083293866805252485399944633688508818371078634212691181915799748135176005991654051216050017820619722964419613569652132049298330022610289444177683247021887018551511170101316740748091503901337819468306088150399703883288865147215603793530095405119128223662382420498639560184664529908371850412321103352644387292633268488123775892124681220975591149946611189537542394322718229171513103271671896436963060845287145994662508471068735846615272276207597198005997479829878632793091009856379156042401801119646455749950327333999438185471837
1014 -624014486611433529942042634095921876405591885418654795551984903651356683925098563906201855748771321309398044763341218224632033335857580448732474597889679360969112768980440061958160654177470018845331900364584947534549226980727468486407381480006940360669579738680265296282590006534261027043509894951901687797995969828428150317725366477344397750119097711457071965386314212875709604153850883581128833948132072136254833641865547074988091427633777392724349875389973126601314358756822305333022637633981150031090819705321728835794193029886282300837791570413376429198119787701051977243485713528458563974066247519974221408423329279648837940915446725926407217266533780266583514565774702074375825275137569060915106941623685747940436900086062224378049082352961338783288576378329356941066839117495520173955307419083209951302427301939356501929920008611565037363498090188755013810566216352518166596517367691704437048868073308749618365391722666894747667754550534025890733549591679
1015 1177585396962116019994506879955425240044420770225892025609759177796833808606684900194047191736431852174699854120272780683990694447731289497733827028916682602904344661021835292248399121729031729999601168246691587177181299004327113302255939956326942965157187059283249491069335279111444370708562272698419130991530228015167025233831130144888411807806320979314779872097098216295734514213208960488189103204541391838214849962798204138709357838531929597780228921377784925655591763983737276927162058830757510586743999037722133406775485418926707842450355337444102609680309770217547317563951029782607054592473052611002891904272276344086488104334639422093760603627595597717375466653966988469072152946419894653884795587474281188059897400848210484479802131758326649102867666796741556338415221599766359954103981119032703533301036501372122426390424040615554180996542317468974668759929664892153465583295933994744820026649375129758346646008982471040544364905720842503232920186068613
1016 33934202176536676773317386030453488072538437726799223931975768181384529665661448480824182583695795189074139397032259367212955071450663962496656699801665941021225199525644104179226129714146118664528615672528195771062889488357071560987403345706709527602607653721076674327053760046910574263302965134462739116867481919139243133059411525417015449590010716415194482565187043135203938291829197325314789806986124351457778612410018730858106539035949789935222590328600331910013958211623084041925804916618636898863663030465073170716308367734951404996681846897001891466505428463054121332107882456289941951445533335729985172386693169353789528701278412718280423742710380346258819876329687582845409682022137347508657602278293323915636670408623759009354289035630719306688776222414789686410426112299197948778085600048433127713769112740071730994782110755915102038723396413617160284486109985447463854399602262263735045346876719238805223479206166320775910226574356411147174038048225881
1017 -569481874422566314834080918684119944005709652593910625870313821759067920333461721597534702597494942950540601397207256558263551130248923727915229128135276192206539847223436242120342317836776603331337408579986501805233069075053460151283540096393560673096569164627516779060045887398006712409097128637222929923088679115853095449915780493547111277495214852717520290876558763425513939463783301034323018433988864778404818690310402016180207958847168650812911374170738926220436021619456437043623206846705227110636544012811034298541791063029892764957658228987045895288936305522373936370258905318194462679945077886625639585792479668561463442619654360586522930309693875502956767670576354554049900491686623658812485864977319568146441153492338498307476371547085209994098808344979189197269030611808874302313027938713122759534827077304189178505468335038817840121657486780650005917658507004791444582924207991362325012236798560737498624694439302571282201327055412244956623219755449323
1018 5220427599333792454510489500269735773027582047267860378754832054018523873668255686431202134313622799808290123430090963493271103392275695132394404860572746882848230717528830846883534178622417040509728107989672499136072523430747155688006037132760803372213121716920548029358415418448972901589205934705366085392029894174586758702058147379366492744732245778477835559268978119831149289760684773889523718692440823440227896643495182671769586699200198132132360935528539137626646618175976398767593684467252258462492827815722850825353216116001260880583040103775241068890204668194538823874764403478012316023196443321320277216851726448818723152424411354914998932425378274251918733350155867599145503851518112726900325284429923554985913629936491758107474147323200927446262238715869042584297079966760610955873256691601600488387284268409545834444788660150085935401056674124292314170968019262255796265936019006020771805691277180401564331349696495820183571405804787643280934213699600401
1019 -26986105633664894684949494844419749487524262667260073700146929556776049275154897086811542274073389962915723947396430915042720787351496163446244201433822550347431673294968042453823949592393910810586724190451698221931867551972773800451879100819966405758163178362463796231227237845283682680362002696722442858488510055096752046432454155997649351739045090227110437948379719731322893679002832735068433597000282904911539385883199099930066515043027424956189011707407910018077835997926426500053838767567716043194511292725284670108782706160292301739292239207626415430736156073219082120340645738000333885238165107027986268527860203179613694712730735783994500278158860696668411807046486009507535945352056499232636688701187690607426980224693765623888156917929644395645228192206842105026016762370860500644383545287580153868906433891848122874411375591598257211833106592480819589982101903592614118354765751578953183017110886823144106718305143977403972180606527512120710358909042610747
1020 -44361944647857420871641686189681908592794281885183779848338178909958018489643893913174814483706416135110466797092335701720792332374710056300998522075739903379790356589950476282693520022884024071949846802501892677875340458721710061715360259968667509863259717560893364821288048346389747434955985881188968451269499464526488904029234531261589069099082307993396852636766302664972160320154927255118246483312893277577039997171274817597253197459110321654695025652069494413226448412451161640362300557471912727243246566744675820362525976712479349380884010116790913707524901826019788969146196470278553654694875546056881615480035627993669588446860797045783920095975590302355904653360182417430585559062659925481895091280579407750625217135367428333948849395041223500667914192825614256059670371035119559871796124079633125029571774183711210611762359854514178030639322536452191032781221523743729990344277615883134458281253643304470302290454596608893207968528240895718456804408555879591
1021 2799613437477599397232764505637179477137665584257514491621965012663398377974803703942129020831641184549450858801390606119813045561746256250187984528820313384621034622163403346365907597195259419320707621059999092131168516560633229542026972253205045921485768683141880914198122835663699559687813072006178822702741869261508332285778327952044773111432996873642310813407981781100148974418450957330862051597345896277523027314466541611037953819437419108226051089871746918937798878176534563733550438636658386789627300178453746664570715230455706702923938045294603786635854145223252399215501447820423278936724958151530886553215395125804823529766625906645103641426532980849829458961088279879470080435678924247544408873343805148573220397526401532771918364804350966371730426643891959569836196648318378370634069004314862733896261912322429423354773261346803368409804818508448322443825506288934633026134163797363114194528665107625045513181824723388230970477483406101156867260989746578053
1022 -35554316723067069196857065413185024844285066871552545823503533714375999479824518701193576562997801985873862712592887282201741394149415463245783331714402808397520571251898457954890258745281786901504650257280968751607253673342116776681042254743482325138721400098344632771244890245733263597374538709812849653935720591419133774084301211010713862202950607037283578922900623867267722076479019594410538707836659494418204792552646896343708054483500834224234957462710774224135639908401137990812163574043000390458744677983457324516200477686240363785324904368866498669148236789599324553136656450495695171282224480204414966344502887886098995600955119265358849772659696665876874982116147954280366882285129482213294872026180382669086714570469596492709197998022104752499826279199748783739034640095300957319424964335773414990674262422442508756114086946638805861402777296658827215902201372535800959957827156254424316314714239853425127791086715432332788345693076644634293249249337030454279
1023 270926694203830574710504227698547963756257495522373753589826886937170854068532937145048769961179739473709294323587574993074234896917598947900207197817038652663922208282654796738359564983975160427250676742650582989791222950594840002403495086746149023996960845959272080976372113367188362276870961873365380104815859501366219233559321552811441159008919491550481658471337118215199721759820878946310576570850569748421387339514203472798352624574229852913545477599877534432409634866354750692058597175901086668978667746316872877002114170843935041818158866284280748538239826467772360763611171974694959585576248862073720618774685478498832700645239037532719506299676018532022377847796506440879770596944506734177684556402318084122750022312718879668748418925525325779266017011846288660092316285082057279568385445348432222519405954711489778082550825062814712607179007058619047116637284215041053542724779342327759384949944001148370700889430584385530413729822372701026559499493207799174333
1024 -915950277810402439609915291255236847042769235558716644472396724634784131956463106057623237643476724833263715316957344139021801214234643153985769905093913495221728226110093118252320332115684103613957539290163894722330240275218409284469833319248831657319581695974655568569594041021445751903642130466761732325190576113121029335819337200448342573191082985777560441274107553856527642149465494836905172267841900546586328720876621595795217439157925247874972224971010911928208248879888485617199331586253441875217706956295228459977078917827815990881722051654743468060227410545322015711348192793885506816611767704491113479684372762983352662909886068409458278865303912699410358746779446575247523443246527689758528902942520896155403840820564671115299427810582882812003620730580030125628434705639485142450083310167702004128578077222302631201674335850670144735693145117881433835545660878881324308166776409277309759185338659340709920874293194780939418541930600413888525256041224123847191
1025 -9076346012765016535126860765800525220536959255245860834363876789729033266160719124776492303873030111780003790671393890854548406668169769267310310314841365491071914746143410100385810974496369319254753549255374931006298078537772655628195275170692659162691025680489130570576125859975464604022443209189997399761159858692135456133805461554991563308466202930044887755556083991576334337107947473240595943474314458864219793258061142813711228183180900160455340131432755418005963089225880019383541842665188428969552683599502530078786810320736184127824183332876010525726282834205800394418351804245059360696133016303177624386455377475882731638323406562586275672133595029024340444863974701225314185035094568536868548966546641692957982543024159130885224826115546026018548101418988547004826713658232889840701879636462228040674129568148324080732285587288688971214761567994349407871945438319665967473982514214546042294966754921813271212992865251488838154151133394471442985831011812166621627
1026 200858431357673574936982201741712480274950094806219853998880358255621137713391520953040888571022245901001576865253427084794207464525592471241351741851877470061485417334899158525880658670074964581185038515484224597804116502312671564143510711271571619640416790246592543277211384234064479407320040378078313642735262991616926635681978732174650959284147226780088863339985253018296618121121435589762136624477533337669819993967785236077477088242546785362454894861694146884491690065314783815986183827472092746288976743043301550295700328065442450440572084665333713748057413749312175861640354683065053058129144406875888731019433577816419060618064107320693593260050988006571855372689964654254730570481012560805956849805586901853866891156356617938397050125935561574867660855823576027597857513332306146050442988861855177696162709876796406082771637577838110628016487032414765889485447294467457013319274154298547110581571434152553596404923273958139416137549388491734596668830434979622348081
1027 -2074874829979652673552652510128110907384197126288217358159411858509997939181802742394492627814922668441584621076137409145144025528627203686183602290781702162669609221867745613749850734040220990525742574607525449839901143019130511635280778123802951238248811106609765280561058907060832896952928010561603467919745400033036821114348581238205299053775041587052404376783939750339241187632045953583613465881576654865847671268066913669916955513729708138017122535210308703371478316009178024741004568469359134561518360142876787334657580985190551577012774568508693665941780399922156728605343115756065948497195904022148733770738306886250065945829646812202032958775873698266442500244640586712533278186047968103831492487088045937863396551757059797043621937787065968005801148248888352637077590916173370609921341763240514366747754792058955685918187717714190598144265217567384494810253888673957291007749797518490926895313174666489035461678710170921475553277335267134103950235485331445036954043
1028 12783787633443248833687269558291240422814103148149235791009982392461962575962275082386188025529601882995997447853188143500375229725524114100413468982180923775113713265083145072190553764994103062927711357989526352835850220878484388140978217390007890179329105787824518201086702448460712718978030301052320641983234300643470140230197255189539579827127493712170008118208612721740283846911259031680043567980522312838728296367273695419561723400909134937063646278895035738597146519144354605433123311080356138493148047440193489366710214164810573000241065078961328075209318194425694386785888599852914680831142789253358060322292317111071005657246326476222180377399228246208868295410812268700186596881892323180137378632241987494614552046690331243632833733019928102936074541648596473768053365147957520530765666069169694536977362252886315196909756550449047392393768358415565705396707967669271938133811041280758793372035598033027419856686782407789536714984711440080077207086789445368532843281
1029 -11136937929889815427906443540774419122144231880984360126510799933339616687994664810521725179332557804439170216098447263380370525163834510085106446982000810618670504324403438946503560955102389425367034513043875651895927300997805593585125124389929756354501456133556776571652749365107128047730576608235641256534218504080990260932343280435382539094651682184822969981371486123606557079618740471308278200340590149904945695576367159102128033474295682455565083735113958218745622646605287473109375468352944725959252313819242382942265094907806730435045496038669806212252540135780730270702550756895796285518991244545631404797968135813593972451753786245323083631760454014742186252750859248377510332424024267088758714392871284589921412303244153602235289692539548706458996047639183305851556592651711186759916981134252533991924463473894378257511161844403633379991052408783613355136613137009034803386116068188762620767693690875647883570649628901007262725725901696555045586762002970019604243267
1030 -876783540858135002183382266402798966188245263004487487181511142891146512300837268678430938954961078924166740202695393809451677666469622774705415798063775405781650654192313780347472252255297777958165216012166667835357047617799062377732073837829760392146100439724529212269814142588442590087308586198906674062058624933831402738165641158598342100780300200213059703284245692610945335070496022008582242223172375597657716200172552415643642209716711671623271778091631209621739257903987068095623496719793103975842222562393699040172692175656416714895098244727226263425388609768132342779296400415810656368808277292583394429490872233183887966235239369895962564978184518339380471543772266518515959236876817182784811832260964050411723788011239568272345547809100134695050006116949207251084688913428359114042734180966716071916737025654400692966799279976386143345900355091228761950968249338040633688775120625660861595052181953011681763001223601311089714618769037111128596678048405134369272636479
1031 13156591075636875566063433254970064526739217795458531719043931553757837853094230823209841884676512032679257629382755170333767683781935373647476454786852034110695350384451935197600364158094557291224860714313401845314713568459033262020827272844095639615372618301492739543367719096593535041690921503078402888790483172096870492821968270487527740146282861190920174656331066019894465871534525877155723595329723633852269610592823771729892405990415490702273507830006095500480044269807432931175695471491520132576658929218748853983913303377446232389813192726388722937227439672573630951817530559936341051624562738107048986159557295158671063957410698879612838382512005248288533013263169040282010029308514089364979044420735940323336498201708167095132212917139647279877583436445379515455127791159822555441248076644221973924555559156809693140265838681520357605821138841218475897381113258219276172968173687264928242411922664492063213090594394318722769466763834980484457302331604428595635118998917
1032 -113111499429423923837668063448042777493334964378353105095510286243473682372298917743508282137716559075422398398536965361714763274602850901502087588307111315138234205521908522779908627252521108194361716240448385305299356044920561514869370397316754664382157550622481958015036711749315113228576650138606245605068005292698324939593601857551384488084665253175149448821722939103109460545740031278646629910179538236103826523598139000924723532455786169669628895582636981579149594291667396236598581074193712604340273080056258307119700151584579027325694346413751948510062135428490135046463653201458861423271922180908913555125026194742584840125557201458449568097407337269304514199011709743937253989408341276913034383360151300782903326271974294639235214905216832464540308928433326012650864704478555475737792885010854368816425025684280565328802088094641678845744729488693356093660124187840082227504311777741442191194669354477070823935327390365266632405289511300886634728446763361735308821772271
1033 518670957459959481372128569998059993251663977607773590215659108816048633319433179247075866358389618182956171214728216338694979097397816831031231021390551574661915781013038350511387380783063994640073090654564226552798729133429835931670719448683321416093571451684750344608978600382705885044207189144290977826527247141911736927968612172915020566694691260105417325363250809535171986617675553149067954559236243544443268900651508179725675040589016371932373852388163799256569564201337919812628313322076788130941094487242257087066697725662646264531272808638891683665952671234497503564663672735773196132145658256156646231898671797870166990993254700874683188540420136153758147833708640353452679356581637926859618707677117631928522913932602821192294394020726215003825028443584655008866959483534801059658762957083809182395144408147459848229422478154547930967155785745634196683852141201496069838090778421062684581059564905535367083941130578151617290587500802172464464905774224883767757552749997
1034 1884609084082190829764381082955263101963108175238321111822939007228579555879279550190275906395875742717509234422065752400830918767667940050268439985968346510831466267465342250930221751527414804749553199879528431720340652969931073992741813280298677474579968617614754550307623137298661374786744106436848257377432375261656294475297667960087413201261232294067116917790326988213772257539689393682519638128773869328105815867390953006632851898361451059793663594853925898629672116995752336714179013072403352054457022411465270098460589769024414482673149091857327890025172530970006722930792199756809873787370330129143269767957187518292933486112447616088629167159741646930930268339884801723648711701070410543090060717793838282484015239226774330908598703189293638546176977279335416196432487340946438792708861168250770027781934043196300563933790537528224457299515222599540883199193919666518847154219347617248007590459996650793618325956289313931454106642346117014240899602034692355434389111934761
1035 -68237001850647499889270934373230299147796639914041941907135484767084088262187805101062734790467503843208775532567580076783017673966142227572355521107847880695074448540956902479254864702565379562214880101685999698384254584978960340174719548648050949901576440698405761044110742131566760188496106284726608994038511462071210336806978408000249789971252045060130962697280018020820422397895987266408461464534437011042675651579515662193702050893570002726548439024743764172179631726871830323909218375195543113136519225860731135293361491192522155164887604394054244189385116563160506088181773216323345441476330849116311400786836110729705728789122152018979941471720423028124146709400447295463327265190857366767435503925525380032321877453533094744812877219696679692307997668286065499886184669631211924552471640792372361744315156982325378868838224841581427548205019213646342179137667629624929207546216814159408836318363270566746210267439430905966119208721001713743655774262645697648543753801633923
1036 801723953736960882393653894227025503515616680771438153731846305944195036024400716284931450122102534868110663541515607252966278545719520134444347466080948494483031174527523564888184799052786146006452107424077573935433096296637515813560619580077573314621196830151319974663169447512805642505027623871060692718808678387353777522396869523276506017252151741508705005519121893274117605982843490799765201549003274696055476817412324830150367158798103618827578873111452190850640900006921588875873776050920207493394480315238098462066510188471855692043118430003414700417278360602694214665104416878800117546484477925917302974523241020676992234642369745931588253464809493652028474447370320578491575370152922314279028306047969774854956396075161714244053510422878569844459504874385040158376146814782560863317096656303232878104916518275780925271668313744547995843403685035287343524406972820651685211179723945670637611710695587957166464503635894888662332698647345634193578367239928500229481037439411489
1037 -5696686950633892982046482180002091587370948257888040464159926394468929494061556211197906332913990465663563663109097657481225147672338462121820368146462643035272752498280908145486234141542119731947563190535045513604946149003278929930968791639349799109889366300723032885461072201170054500921084556264647608580043116855337389820896240737616241748490476748753316678486271999054620378217393009923291585658628416949421778125073332954780463280271144297092325536628181677513106489743051497378728518926096400860078194847637358662286776489342760912653514100040334047584340274252824380850034520218057814812590181743874823706709187993605653055803668294366445879918896885419939263143461529330475870592369133994199967336113986375015206046040532468070301334309234388299356861263032719769994871097120969972585816598149066953810207055802371387101735608977505556065526715052130325333511563030777484344969460587200135481351055109313224773503586316799556606243992455018507388623392156997435729960782476947
1038 14886300946521543531756468966806629570205937759490619400093612134804344228090821218777300594842325003932805154089752963389535466396332383721039700928605935494613580263658846673906731774407353677072444607232569147742754714265399837161757247546465023666631076460799429391239671172541801628827379622811922339938917153697610706492680563302633315428198764086216723985555168386225635177930402041106965095542976125834708650087571186407763588599301408506754152148124895526731171970667972081437194586878116207336304040751117764015371826277679167528175500505539582317051378156009009747106998642349580236575602715794844769277019076355579157018068447809362004788553832233072190810841803918981584725557648282545866456403853531211580817241325009724883770904875543396272607720268829257580895645864030533451830657184675825948965339080552316214280243635998548823467645533909689669941295516250117840307253687996515370637406706636427798014180111321213095197371998623028560825003261831100550379396617603809
1039 251993076603606496088071453839241050625852229010052365301798971347111235892898568591115459575165122328616015857728115050653370831234539371663249067318292060945760174165657701130094442625966259929722656228692263884218079431606523900248317375073499885647118143264619983075757573624441861322403044013473021728513136000029018369761839973816228990204776166386674650492185667131439384072420983258208152748484447078780747719821550733003103081020489161040510077626541351887428895457356711609989227960709437043746104091335296306259565208431939797928353682407717735693279883777024175149421123538453677219630578952259782873681827767482937239360066765407303462506341237949425177119820349157296855735884195961699730386490753293883612908578384057442600619036156550895511915969909109884047938835265275988665019489544172081791278112622560043711473719160983319572660569533327039669661856843284927528392323368157836822719180828057688884185764185829958935872488423325089878329086735622078446729380570324997
1040 -4725133257390353234578966633066531819333131713102169305165542045629028880460425294700019799492558689849182112713585232171455650046681905111882169450117074581413608017971482352090797253516001235273816509161546865665285049423248200301471823479868631803081124167545372407702732160908760077217892842512164931384237127345471732163879617190711864184060683743055647563982298907428775962296263415157386822661088075705783674650745287240637248131631080256016245616556062998202942780171237018155072425167655175245931933015657483470106299361749124678386556931204986986874623073948531391704191782324328149471223904040066689584149780247245187336688169636088843034102572631955366910188290823748946391188785627759652053274083564111941809972465610309007863967380891172138668899917020408717186552018411699706819700211449319073629864676377282611255598258777345688444145588789926378161946271290478507681093644517009355559562525892074943807690612906290198237698841755701533814925037145657527397078963779789039
1041 45703929481954580641446129271286876823001963544191681924523610445472686530217326044758075982170944986495275440686187469767484042801845809062297721351405495091239495890333654494460187303830324065847964224363069538923725542288844067750742808904257360504881699157965366820194771545579130847237594394884664482205074640248033708771338407827014409637255864848214280469109646587922265635223321901595630145711420313317894575963820055098846679074287022905975751734411734176412546980195574550185445869416808612916227407410899467903548180831792494962475801918031193093865613745743936272084021597146481474146210278703793828590924474701501708180115294105755327656532187788807659248070372825212120151221984099443637951743896710195305216289641790451328988770041206617230875327095027766868648033555591301373399529705561056858497290969172930684533642135557198396158959812796954882063628848154115113201101490521377140669565718242478097331065445054436035262508149338232372603700039053383397825837965788745357
1042 -257299538826530914940153147981617415218156961471674364792939728295009548472568232320458844343180276204406777036203285531559048329128901440546030346757231970997760409480670140013630875939757213728520311381332724497327700488826038168901536847882151110008850496057027432120516399631536539491751799359453644563851025018030472631923236370137186210932729072170791437500687143839616705498697733743061247513988917135832878672620086481348634491913925997600657442458442277494229550823977789668418751089580279746088719546680319666481143566011142811093677589098286273441368672825147321233178268207939719774372666631045721495447393553067553980506104332851024421086320549840489163937841489195198257422037755285266049720159430936925857542686316754676349055643101618098454650372686419913101621792770977895875835097612509191487654292666880601475848478124673861248178443253463772972681791979160509400723739346197071348629700028202744001139520573286625949795087439178051697511041824447978049170097748160482631
1043 -94364220926567841703495265935570499370274823438114165305206558524785741359051381874349898647509996543915119286290288165160263569243079307084790257012612665320681186509508100308189422898574168613840479622117023280451765799425265911363896140678281313897921263117806714819545570273317094415917800929407812990282664503051794193355509874062684020117608049621986614159574160404603931591636041959401335004592234857321011688251870792645981355733768307418532476042408062606758804844660363727289636032335845922462014016886056799253729631743084243210506965034125344163533013536364785508021600488935907690237965575759164349429773019673904005934153485573827576137857364802713493203659658029017682403193006817423218850951679892585995817454803463848184497931793013573949867221957263176153323548737942152894022171785054922534134838741842130115879923259783969031560185474494619868526662978810340841100965431640946225287010324276153074836267919200439138182356686227648760348305343970885897957136927781966803
1044 22100633392866910106100496506940100065673714310004962507834777655152596210094911930399323948470367380628826993100673041910694926905304546694167168423309084719313342631704785814903998614200586474207675971853046767561893628243534954630559017119111834560419455674067502925285285474406179815500465370515304143155203019517357398583338297850972556102211880889695763618246699559291247329097360622181887624847266295995913294670896702490947764897584725759837872271718116454787752727387824360603121149304616038022865856393864874005074346277407612572786541184291952644234381260560177070852734386498057246866143082499456636272991555349206804872939583703097859533843876203749190960059707355805170673727319588394896621966406180658003754706412574457063339386604510400239857958494726843726367800794712933180966818125511046451680082469461775151770860546516315351631460620317575168017045472965539717628214382802225239856260568882323790466454395655935109060338263400792857921586151549069470809259297799564549641
1045 -301343423158923263949052902373057487772695941002145291651191436338674540483288181649371312599605765789043850428362364502949477744234259345053564893275174582631511765827170921790860951996655645967847360685685977870728010295934767588648309923665293547258961846315933207104363247251688556482641810704219271278220237069474237406470903018595744154898547533576696233896966616312467428054216631524834894425863828835316666862750367050762829319100617839903754429088533537441529537757527626174731146112774796956856581943224850679942526978221849674317892868331526767595995733847454700992218949522278752531118494563165789719774550805120925235979845486231164897514282171127825685944398458120761324820477405371236950716407984492462277427510880587730678567217154822314301403438809326490310337247326273400733005730547349124084041472039830369482856610614007907966707397421749952707314053158073587684372035109781349296553857173374041514840998224628098702453843222390807495119747886745747486106307513962624316907
1046 2427739653577475249643150214405936602881602502835480848069192737682298772290918408240150327345738756170570637222378121133541972331113105142485634719544393859548952351652287734553735967022282866146480421969967175624897104436213402319988999555049208667186545470138615226596195183404683788572911802839842105732940617348790568713922647105691687403937342843930620711373678948331188183927232654629434671993519837185919116906240100914164884522947064568377152942291619464219129349014472220439179602002766629633743914057064201754569597591895085693310686160771788870085354646565527924327107160356480558046223157901976557040071421947245761663849191459648769397275108169616050863260281735738200175294421458742294428054604327024695025835973784372897852136030287715069939912446146401227605723643769111613476633649421029982470775568237462010268512122120080012824826620155278938667673780422038425831801157103712129066396799119082885130543541919378636687520788444395580315207539422656081850001250237753196155481
1047 -9600745266069448082610038823169918220959837068272615354411933714811148469430570754542811152598043600381950575312503586939976332341745273311185185835399741663237120681500590807714455389461127481186692367010298423587275819595242893086961891898577507433089668127797491314088055038931434383730937527147530786536876101545393664856477373679367004838501464290783860449372928553342116794316001242447120787274815126293495946308224100458852891443073878932110563822299235999413610284008486539038693532375973245255598956581057983716227827992378772216923384265700686551515671821201540580541063077741493372032293325904058102670281292045885379056439136868115389311962415974624367588142056197460305456732078576914895383505378550221292019214957893693365905377518303164539278109285827522277148116744227773509953189346908678072931648665595555876046343992983445409279252161387024162375556833328687148123766613581041021216410943285778108723595447433611521353392874400021985897703727893251882493710764443145928044483
1048 -61866362364881186778530106965204764332028708048924308951996826009561194804868188222054255585212147453576060223993264073033258138318537236503642298852166041312943981621542274986969011985286681907056342904593250577454404913745788127488767023727512713927409584768583960915300716048563244939390359829570425459693869011177932964846366248359389690466190372008094253032542375061998895031714842225433104049163938654422905336127431859995622504553307267242600812536471797189668996008953550952924443755492595527543329985263791054531689537010838490398242225275788211881973530537789316049204994285519603064804073246281247165223069042560801249609350776726184266707668052568460258996609343275704276729087854510106581375243500738844060881572787842385377032179759312730862240410067666988677886300433276439282130063443246466390912586251642789361668858524741688096695193569167149173927835550793280115832541007633027501700554315245962740877162703706615021207361666458731436292989344134703036452513039112831980417759
1049 1640329778186982488815098829327859263129073131551451193073702239303241653766824188111384581013168672013574905441831681941204952786753354928414335535988095882462392653844212760786695571274448546969751421711923088314759345612956784404809125588919309525739465810777124681892423856685087747842662915960147150473564539534551733264522024133975981423473646449703042020869625228065561249951512929326521804948539184903924243420508608931756813414528344869490864796499101286661375991044324146472584204538373185688639170375355614100769619828138767166970535816554558480000540674152442623541391896512673428334325894453539301372808378355557723522253360868098794455532856138901093937860186172226161548475756571540412579272382774996165252448416095620585204108776082198597357355370045902224337548098313355500211190643134677699450350323710690461908037881987266013928555077843110038177529941646072120531889640855759329652482725083006736084150810157351532564837915335886897086139296521979776034784243483114136945349693
1050 -17934958297343856882449070948562541743578516549711115892698440671960061069131583684773416784227699164440240097725460301472463210429829236032253974476665192211406626960195461558062199316268533861230385929052369810398768617644593856182666350255050872641389881766571892604193132231051329291406991087138138288849350560978449614958758876044216682503421083286437669870852665018470772427818084197780078473220937196937611135221238249277128582427596800943259770214806623741728888444873053826102058232152210994275908270265723055931398376743661433951665656591945909495546521239065310744948023835304254383838594545143963477025900536360712228436279774463561320882511161712262986694740201018505228690300689315930370963861286178081228322282806735116839342483557869239909770696944092429123638514568275937444784304729547733284285064702692099104544923842956483429622431099115805791218473594268366354895532693156970189384077431422690611905875748620215274641712746185809670791969129609542122013455796432457349035377959
1051 118243454525518990990999825382711516830641712954891522779692746366620232805631818620253199191411109658356395261043296396146251419237645617355643728262568745486807773796329611558136791808617625065901230894364623655424538146204580410725646008965845650346707580443470203554496804572421427350001325299219972189587002610543682427466485089367410160161498253199028391705827543399807101009293596693348633492347027563631472638182315015339025265192051440417901362149252542984053455350328182299749100784980819048820019126335275031570071967022787105002493779632594997834885052461611611514849575292949945008076612727039637972438513989566536229831286959008022202807345856127237234345162537541210311034522729256908459649981846315697615064700431502499191910387477724482268388196417609248525351107701039674128184722188361643997123452454420326970440168340543149812537201388460599126644736957155736445939938060408813415032877598043895915536842547926430979704537608269099410216570070075705145337506062200581931567061677
1052 -204456590821788943380250095285850447744556328131445661058280884482584883678834117126871969563379921748321832517127394209876517578014372208101750167054774801095019441318218551548971592219050162097790265144796384644596022826810275479884790168619886206294004964219479797548029862845199153806434618809651208366949512822588773069418556875236995137397865315801722937475881419258499156820624507566935161852491008697172460908444696998354422887981605002506846849450383869876203985838457453700269103444441974871603971629699567245003685569270065260239258520703319618184238814316728245673313658952009107217321448374903928124860413554269527727268003374785626118314123421684075053456734237769978113181610819871651896066599075633623708026885162896315285207013592612171347022445966263958932084188023264780433094859935099160391970402754299208087895926121376902667635536280975689524123647027705288626703267062907082359173521731627779684261080114119428203686393457683815625475425300555305727088643669171592775022519231
