1 1
2 2
3 22
4 336
5 6006
6 117348
7 2428272
8 52303680
9 1160427510
10 26337699740
11 608642155660
12 14272471122560
13 338764038330480
14 8123136091556640
15 196484811079765440
16 4788469475873867520
17 117465323079289162230
18 2898183118626011393100
19 71872262078525387317300
20 1790515145775151568880800
21 44789282827872899862445900
22 1124545945572128263808454600
23 28329489979188850965318960000
24 715863002670811059277722432000
25 18140038145093407383927722790000
26 460855520973279986870537156672352
27 11736064244605689500616608168183904
28 299525523364283177698966121075065344
29 7660019206214208143833711467429915072
30 196267670231862964217368612615078979712
31 5037731717222299137344042311225744379136
32 129520518414069503936462796660444126925824
33 3335139797716205116781503746771565061132790
34 86004320567635023671683436770183618497241260
35 2220852691581262537165151655544428725014346820
36 57421990209328856000644190716931950819105296480
37 1486498117121483644835764801770444673317820881780
38 38525591898053494422013629985846120721071983246840
39 999554789597600889866847776259732266034180025425120
40 25960423319840915796679752079041959836606094166395520
41 674904336722452418655299198457462616588715616532803660
42 17562123298152741937804547337005926196327630887833630840
43 457400629415910421702369364534788191774364273187312587800
44 11922940370911485663687549160605389467150367486995032806400
45 311042726670782657385860073654791150450056983266943326870400
46 8120655920177487846949102832780615712241537428657116541753600
47 212168983764966439540558498207357609793272908675221788869465600
48 5547262283561165397094055449634000055280271192844433316424652800
49 145133836391525047111760608424587820515878981918185880535026572400
50 3799616510024569002638502831245774590251444538123068945254108882400
51 99536106061570079957386038917424138806068329575342131322091965712672
52 2609039548247360352287912733683439071391262029275060113302657654822144
53 68427358693911226051641871890411943093939096206532133133086449074175584
54 1795636915934923503889277601062403565894023923406354905221198164060144192
55 47145253363026653273164635103109183428224167837665028693734863515958892032
56 1238453424199091040278717768958683392892563137764949124866144115821402433536
57 32548850018211270433576436302829326823314389004751307982899879194809657604544
58 855851312119147423497820545048253389812275910058550588316361712335061264168320
59 22514407445876045002046292042900674434760458803739304613436842041574780064675200
60 592536960587600328147465477862701804721726492848316043353985401391684385589032960
61 15601150646008935141624719132411702651040958896720988500949050476852083881281936640
62 410939542646154711503124933169111941498704308286944228437680013620983317539388618240
63 10828629875908183074670268886375667745035611534480794847979848353545712231467501009920
64 285455092807388909115111627365923655357439057012918061761582656666014717846292775874560
65 7527755228054892977081948202972367660580429539188792154579530927555488294533827509547510
66 198587328894928306216702415028722444821032400610208154162131256398996350528814580144188780
67 5240721804506054320893942642397052948621712805042959666859674949625412486836545979581886820
68 138350138398949835188694831705736063132814543911197695943168479119556184586254187282590520800
69 3653529391733420665278502579430059380982633279370270946603027063844404698934289513399664544900
70 96513022885611549589817750094843673733518020589666295421682274242076331821752493295308358269400
71 2550324876965547576467461155584403608661302899466522789975018747467701033572080564281250235104800
72 67412046817269045126561901902740553141872561755518824005353842690464249535918761065196729819248000
73 1782412590402667275824008374089396793290280382440103123382358539041713419829608818510931370008195700
74 47141581237909261457722913092099153711599944410705561904514816390013925526282048162088521677088222600
75 1247159006683582405790728015220473238248159287131229723987128747193684179265769823440028045056796130600
76 33003349876868648341736252054278438494376021352735285670348011687358243810350034850989484755601999201536
77 873593914893925798893867472064427095187398658904344782705356974071009158212336527643361792734253250933472
78 23129888902851160989589075711040135541577625504174103609178372985186832228403068983220242267036904742742592
79 612557650721904470931113119552720978884799556614828552400486895584417075139951720736757187096742995619610496
80 16226583210787495409003827890194061294498742154437047200168362789184582049526675666105208209223253592527330816
81 429943319895727270107312293150065774305003914115370749546857158023004943553006823467629943017854264844209574988
82 11394539077666271681584126231334151678835466810088701936007435861943482083040100233315818058050093758054345153112
83 302051687200861444860258330332498443868835168588272582921396149359086004040568298040065090409256102324351253557800
84 8008705472974682889060219979267133553644869805639388729919260422492277471255051626463345578864215149456271875533120
85 212391739959779037584082524378200638425726391140634825426034617262814123543556006636166275243447480763635812326459800
86 5633845593752900406921524745341725358192588543379345600108233825659033596391283666904665868705802225164585791753254800
87 149472784726697236848344440893768548781441190026199220120907929788897092332987530576347336410509131569351396858773478400
88 3966496768213957620950710958917387503687389294021058274021996420613369986233114310872476119656059005365537727582193356800
89 105278060151442583397470804741089989497308968234349014391939243997765427667648728968890788976861550298892711131271978646400
90 2794811346925547481838347723775886438997265839900868204584403051784355013916971096203210753494225037936363881446988865350400
91 74207722887066799300888167458173242102163539417924332788137800736790901252611355011631765215723257842409565838272680775648000
92 1970724370258130651941765425825337210716091019973804126919963131513029332817041264862423353723809053750450864814214601746534400
93 52345709906652571680024331829085973080179737412319345994384142132339109880705522811103862984849400307387516531865122977636185600
94 1390634606227611486754188898563422135755474787188077414302194672489783375084744775829877873842411266899464227178262695225175372800
95 36950478288839362470257657109801163070542494323102724409850873503506268768951488355848068280522350615343754990465814670669005260800
96 981975385932886933126223516199067787667170831870546152085434656494658870108813175352194373785175053025899522302619577054699595571200
97 26100757311701680958737427497540833383719927308882026549021541670163521527110690165007783971418187372405553976310674863588861911129200
98 693866778778272585985954856795900310367198869151447838720698543771791959217542598199866229123893860744951835245719829106664509479973600
99 18448799740953982478097010913915888208666368351833171296660151607661551604881040514133737324740920817018466250279108892002668725313648800
100 490600260928486092281668284905489211659260619150132960504492307348608766491326576046530829411309855739718391709407118336086028262261548800
101 13048293340783952077468176576757877551925377532708252073248114061173195428834074339723971720426675532000413331157791947799569222767228001056
102 347092004693782781014609655761683523113909942075706021408145527018998679235460428865331558511670499182544178871921197011848725509086785285312
103 9234198184052036204311140793725127036714728169572808077858104297418033871079823457043743211192795415248386456996103862327162674969382979237632
104 245706256272302358738554985963479934153417209659637473120483925645333552253700277393561639259172987969687612043847535607968057851813073259222016
105 6538746127288191502344999160604841908767031120360243706915679069950564550486394762109202284661049448072378250530381977862164202732942262535063136
106 174033479699724470207308723029689567302992548138780137017124807311594634770909596295667766213115949737168677576762998476952774615757586422067807168
107 4632656093211281314293240486236186839029755143734494049418876463022623360472212597571928878446616970542582720477254319774052594608904402177297689792
108 123334660759930548094585934384495659555619156202711800774309478776714079092949307452992503372996591796400706794851977305712355784405292283228739440640
109 3283953325743756174270635597142741192893074965988825581264098904093929841392496649341952718277388863154417927926521832971114795434479460853150296880640
110 87450946379542311536942265925112408546583480158898511951664969957011226185293814592027653362091382502852105532706803392499225869216516103506250801566720
111 2329092520646208324602771090724159377717320856053696605983902945336840030251066782914406710834336886392662098167659812180759595503592120367995958831380480
112 62038697107539162325183547986792445998863492761389742265034414928552488820763526978229887673665057275090424271151549019250381127521134895010404875488583680
113 1652689755003881852631129006084463166249092607598909840201055373220719228630051562705330335714076314809232301220794764564262076994052595254682129385526229440
114 44032343846571334740649814880100941541073987395241111775052881544124150259231564346947611797010100920954164230529583124760996192378466415602828534381111809920
115 1173284039588898633287795834156204297879235505881622161499063818416250961800835454359758805751732535684053679489236302097245006441808169284721197684422953352320
116 31266878426646114163682795372970081217472310040220619483338462907582949970444874042477902595936411437639350861831366034647817011860410939926174358485285460751360
117 833326178299975889618166108194142034093081905684454768352503029424253855075627114056188035881660757788773445848079568611674647740428271804504533802865575011143040
118 22212314839471786522590167587548506948977010617055375716719360584229165933271784203326065544598989415683230170456272781895341726656240348138636062653447779847430400
119 592134125058481982478141245499735638230027693785298102550976215475268472341520416994408862095207093110116544934530848338126503548930373565095543287756428041378867200
120 15786761011534632333041870122530836132565859095140277978857634030396903010458090477818850130941498966006593984928937159393463341219639857031359282924929553048645427200
121 420931931581557648923194327886993643566164625858572819521812808372506404387172648174695328412391106769320667629456847671337461876485069748122218663497833362781201440000
122 11224728444603438211500826965146754223530583504877918912113654093566577768754899751808312808562664795678890462379548251417941051063982750751975865476825750617355377267200
123 299353406708041264138136941914501799996109536844758844563792251992084782230651378934241998184665804757429445020953973560360277605386743905177259482254570231139038945292800
124 7984288731231875767798542362705399347379410068359830436237169884968083453499834460857428715569361360332181008075706772182330407417107548252842924978542935523512733645414400
125 212976273213629627782205643037456156643148973229277710814143731209202549910500499309831862661172072766126087631685135780877754878917992193988972249272017742657330505223142400
126 5681571599848153283547945010508175182095224398384066695400702796824993149155939983827142980667294527321199729626736221244091361019349244556239156228525373952202474901378254848
127 151581898943613536019041630252965268017104531754219581075959718508064137884298390951601416669218352822200135207316094050610246771343258066452677446786097191289432956397604868096
128 4044521461025579602927374365819425820312076283601951551726346579069038195306395957490312369382940287970450452247334228444359435911379007825039420634163620810392427535813152096256
129 107926289184544302750368177880715037843725371333016047920979806530316940607034289896830618150812135213497022947202541083385076675706085817113520213658796671080895821698683891839478
130 2880229003088804544159162825105733830663355023665063052976842668738769530509326769740360962486607235705030709390701408520519764152217910645102311868102290998533797347431416587761388
131 76871588393713147705799303077817109230848699411550316946144210420044500198811102560211898032036804380741712497683758116866906845859475304082289015692685852285571478879172951320119204
132 2051838403323950707431007428690465602263420489606374820380184401586883548163305633385020861786449736484378447300133807485432955048244003373738405274433158493754408488170835682592274656
133 54771966287420294480456333826195528062526262171654628398290255857992082252859713577667399730939726478814272177085582305482284510316160204975262275184279719282638780263293707213966277540
134 1462213597467465594348133711073158364364864373613821548249342067083042315994793240935426597241589044937314218531980967953897835670341227127934051759875053732555527163408490501313752054680
135 39039123085236051874130159138783345117975071702998219663937863057465179372507929462146010078483735905330864673815666490552309416743468557892463755727657667873719882306446789595964409346720
136 1042378615135416096143633169503554421246391842886580886888277971545050371270996447379958716124561387855247121432516354417131842590428398613024437950114252895568222579963409121201706431198080
137 27834703672792506459330535210704357135692904268062484552878913024057246663120409298432784044039173336090327849317400229955029847598528989386217413880438131356405919172950300931578420353941380
138 743332050950966338237313165570629669150361776021921272626854489817878238491681041041676997064829024241744601003670302184520301359740758778940176184947194269283364701913057216658216578446777640
139 19852433642894516197613523558188160492108263438606528525907356975138806400575301908424281414642698589384368130483655436185217207755783532407241496835523733373674944306196572794206075250440280520
140 530247689037049778168282654831972085342380172261450566423046795348782729742159410384080802211595247624621022811846659296796726277970250724435723994318243798300634927600925385623200327898160689920
141 14163724290755191772525435610615800957543897323805852222915770175185175904293078464622314319860130026510447127441155476596204144536273834749094436040641257863323996381617850345430600602306389424160
142 378363569563230350758631427647004573322374151276398645986692057744906319897534260092276005918934513505177808779344497709343726809937077313625508746250967805691001171216206834717934926649512462690240
143 10108200912201553363665664909412540798402062153654845068967744961775525463920470657264061515893621292030308414831992450857556965447995430908301471911650987500272626566818057986144909535693097484726400
144 270066465060690790301970093726188143032274497039643941363644381815567588117303226536280225979245972086339123877461139799855358644394726203813108416969328452809427714875116804638622243972286827777139200
145 7216045261086351372653928468593537124381890219468868868235185804719887968808744481884216958286697708122290586031266206605063648566231761384291060505873250370586298624538563241648100704044629428521987700
146 192823158174050912181664408713655784318970783602564774381102997006285089813201344735604597357664080622664643017046608777775365772343118622999921845090761669891481908873009478790728491953452400499428879400
147 5152880356914100824889719665959265669611538630440474759385277370483219960193631857703522071612236827389372610300534737444524119326391793736774458770768684227138664246473804096074348748929787200560862551000
148 137711886643773284258122170906459983285449435005327718823982778418272519949091045861638415743808693291131517323331202250897323481758708686110061929785334657093004623040224108692273949370468930405987143697600
149 3680636142667633346725287355461749975687032370412533410218791084533121557992751808814057200985335026183852864166040410198637977425962575890388748452299949510050784805633850465692865492548556482677366824741800
150 98379368138060345858815754376876658667105672881257311136321341613786156434721558942775938978354425882074182956327959991154691383519910449079872207863087332198035158377568286883053569983258580652112602163810800
151 2629749969483798034679765765688855580887025465686254094313152009572903342149332268425724644286103084174738755811323780840599016590022280557877357865911506119566860901460746123484529328989879639054743387258799872
152 70299751066513555024864496977143881489645993248967599013831548171033011766971019108389444693002001047656866819484319163035547538664100201656382365562068223719613422409897886355896295506209601506445375338348831744
153 1879410431481141685322489519309816489730478519574095827299933100699587196078598358346928179490840774882377164429399567408969430759145017696167528093060660400401247330075281413599533341358797174608808599801345333984
154 50247866051490732127728113370856707098196965851180013335624752433376029656506105602840932626024143276385333467868854607787486592078626472345256733817952677617835284607888785170857637939465835829687096761775495027392
155 1343511504764981608629545716017260841728584284193402038571107431580170412463793306531929116772454134163661104450649311116905855427198183120996985789877121670083058740289184516765876916150516917177799685382409462410432
156 35924652424655579467031327450858252729734349869840835379176534207167125207293563768957225171105082869756289443531716327472322310281869745327274121883624979895679344402894568703921040165384480780131562064065451657143296
157 960662473363603287504167840871024375691779318158656214037366272897209663150489014517082495658460246811041566563269056303652989867554897597130052822652788489651854813642757599864300915773846974362924424310976568150587264
158 25690691699338561156241367938085467276036299108784172874773999219585644910745597370787229307789235590089006479165111091950835285151236776392254909200441991340294610876696776182681526589748697835914538420248265950759389440
159 687079751733466869927930728334389283532632833657560160227200977361902733825773678306537998254683350203770527804759650782999433371779084794094915962566600955249561985688474620503738286456239017475129209665252367209448655360
160 18376574152398146346108449996212300840168670963672431051980805042885390066422135780973475828590989427925390599888159564244306716676475267765585596597117473424235641037108620754428872029522137372357538846006564689953895147520
161 491527335052278840813959946456316488965093838583649698499295068285044246070356174475574622995833412909434452180125925148425713162680805972608108759907549197931685691552187075978094655240993213103579387480528096606114009211980
162 13147894202986759544131763965662767194942011575817348847227237260729998315879479435370948742297812397761929468312395984931009292823428235182954334367377797786501419252203339506143004737220291399350845762877667751698896073491480
163 351714128414911720850874567475598185472478597199431026986235688410501161246677705592741581844442745829241726355525634745600076051776786229089462681504340491419937494093176509346104379238541764344064368138940831025999750525469640
164 9409102663911720161315490619809069334827467507330613071172319410880937191148319317864431883017557744554483196871059778441175001617781607130613911424186218931482896878800462340395794398533014464152749350919042525556437119934243520
165 251727739852472945990836166026507419885556096383479911386811800672413101789718136174118032359666109465212393646496013798775571507602183745876368027349672089619094344365803325108225209054002392997816076774068735797549212414183498920
166 6735008139373798375286864778719290780684078380496981849051660103832589752977671797636974194242283996895170564277954959601859908301012524350733664950321960736811671494902377815760877168403234981460042631061446122099019786363110030960
167 180205922687923923054726694619525450231334660560095515155248667347180640214584941438061036743368134774194755604805486428733703368497145534655338843812023612912037913732501559089392424826719450555890123996039494357408838079829230139840
168 4821959923900644671560888709229439935825048191840970084532412235681075013231104298002471487973229491083244481771550114183908352719754825692571449325093135722752905938020347279104283510233069649894961147145561866560161005496876581664000
169 129033195163897364571002232057542038056425234471679248262578944343861490658603563642563497983134821632651091411011276732085435483836892054498396144766592654289202560918855645144427695269617277324413278260880449786403781622291633262767000
170 3453045881104074361829586292843723339911622691071308129625557672296983730314471080920744944056355342161476383276532015229808734217791889537493431100434360192914264649775716564998520592118474378999003820281293777575153788606310981832502000
171 92411499433868169698329862567079710680614288112913107967085860342777501996755787192259853808924011641076442501154983792144722218060645520042905556496665301700041881950103550549262629277428852906120935476477914537476477141902555977405694000
172 2473273754319715031987919830020917089695358544535951026926990475016749285801571168788374184661073903131049957262410586310036411623050095586164645417122173369453118718827907960995359289171283032990226109700516337142444201229301396834165760000
173 66197349731768497342450016729378369700962515693092038982677180831719877970773777460947546330841540106589093712018633468247877143893253747285352320457642972663968159072908289801893812210277094647050878663581733762604332018736546780351598976000
174 1771866511119590800068831019413446209358671551403948734842738719552676762147210086162216902565917376818424690169188291832306562118969373004316949701532797246692754531608936659581735877416083661392155139861472794327598256810451719357823757568000
175 47428908275105107706618859137469751619862662653802062101675652189918266266449220968144551381456823851411623623444575748156426726438324867174345102471335091726681168934677964268626717870037494140437612457317022903729467724533949431451280567808000
176 1269628720792703178663743192059513249302946425976704433609064855069802765276357207207224099667159184602166040962416174847158693758278685085554404628061667627850879515980494741931961724311872507130127568645817508226543339090982653994780857751879680
177 33988467685958878037205119921188420633358526212961620268136976337363727881856679923613406844669764936505520952458419404409167917820849399044715035398360738621465668594525297687950047381416101612010104684771973517370079325956774259919119092992703360
178 909928839223441536863390188235896789379232452291443814443519394757521498989692219950905444068909251750069806832291896714912102786435610932940929170901601566879608324614010801263842890933860518137515084336631059964456742600347912808254938598507912960
179 24361500501100860225460545303898520898904048518634518001471487640782879190093785183783210483427508857548003122330758837902270886667647029348561698118264258047546938698736529296373266529243258379343958414258805466310484434167021127716616419614583732480
180 652260631995379270232934767335502074361358490464399776778522383713065378653570095867310852116184762104432875434469959089471203399683992984799157740128292724158823654483599082176694428518235417322151235223047734659871279903240501604178066737970823342080
181 17464598219656386218858078329391344906481983055590066502104925868197189731788675054165962025255653909203830188261041255759856838347575700800749167838631341858389017508057880144385297402523724283099399743635078008109282451351629746091802062840529940099840
182 467644795855768359388073363854313182337955792060401290721604582319656812133597498038083291098976773102846826505440124401060471318096190092090612057560354223813385654611129662588798007072873866081978245985016713510047552180531207117659087042961622311375360
183 12522569944286139865224199414551059131862977849681255594067222897774047164448940864688577934231362758318209990477296534637587316075107367101465985114496920512298957550128249738206416966070522620889503006242381814553404972946558039817354227127549832536780800
184 335343940116214599064254674476919542975379502727825202454869513465104377372417710229422532706673980359226482829086211388456583686377664208707285586475413002475017441108055738153128983844655609384190701761049427025536170151641303938029779034698760796940288000
185 8980631611071145256212366208989560793285713708030414357658906582574751246675647178233235890102017013430001952013751276946921514774637771269491039184360058249975762396692658778012274288814210066503191231789964074269562673137965785004861248446976962453044262400
186 240515191663070938294670918091024900998968633434566764517150577451465415122465844941494379956430035533895748131745837653207175400271856310485390633367992027627210190972218090423796964694937360481247004156186117654763935793676850010512799256424268642446100249600
187 6441650368615146860878118515802375550985505533341573563940990767732237100393922455556036039370872257607022352724466888457096572102223621998778894427009515871525867352422969872034743827460394887388662278987370438820985672865718741510784386389452160209739527961600
188 172532369414894852333289737115581011706458891895283028219449764624847323019222884348426939089983122616762987170668025223288107226867571146792049819386248250674680491704527432574127587367630848419471754115032914013723171167028044770190963428087470855356935832780800
189 4621283641544992255206761595688832556766792332455096189791211912218435633990692645042020987072148530905265350195936542963962648814515717794479663762786343101037639349228459971748513997069822699715431680287113219502432589027442540579518029934448820341575597779814400
190 123786438372789341730832246699059684954210024457542001729854550837787652503131071471983226660718415905905236980297335821728524832924034023892703825196715782365387010076996692529954691973519547492114882993121876820123306858509540860144823591853087301164708153625702400
191 3315902250197294132585522248184317706863448847229164691203579002358090070453180615316955796591736831572107219425353358589918221978842300481980477024000333908543010824964515587547169828603051136449330562568617870184957692967136691047837469950963056095628239264239411200
192 88827694475738153634454537966853971276351050471014780794099941199260747779526093028455300961677905824445877614359938202122194489939426951342565271729091119579591863127475144819511898121434383044868813655615621643333416885683383314788143992779453800584938226847841484800
193 2379648936480062346915137350618716203415001521895465853313043815548522117346784435129487842251418576063256750428890856234855115319358900288066387614263467992505609675080041410109925895252281482735373378588122284658904016481637199672396937908099972501752033982638099750000
194 63752179735909844716298944387584719587783985747472037975105030144583396610478091367903243365266532689279562380882877602083012488972463452293825149088040223927243914410049565577199235256741420510194279805522483145333735247002240292644725684461170553729705889160440920780000
195 1708026672215474003376192207140644214245743540591267523059900565075546965927001796586523957805745271925437703151960195827318488996546438341586125475350685335819977144604466742043181057568102092640940139200857668957228032935823280324568663201415295419299245783895521143300000
196 45762689694304631799335762829101520295805483247442953273996021763244740180453414970325925020186377515636297011113525470122258447351838816616920548456715496108785134525163804070308928421517749129701421122708437181278680349838875271444249617457716383527816619075250390987488000
197 1226155479005007436326549184994205977930460743123693477590744643352313337281142583591593700485984696044876801399345182880446358949714273687817189754313235580345437029095347029019889464244999317307327702300499556465943548740236415435574007477915408538780324074420648607762916000
198 32854622174459717180328495820282616422981500108584766645376605921554947407821041617298765093193068686939238765891603662940344579652929064009052351975452631850747643085619211008185463441522057809223849485009573031398588902061645658479342657318334962971483270527314168201682456000
199 880367847651872689599588886545822964080467804404468124307614463663435041231130798250339839111990672627010981777943779311494120455540498523419176281396697620444298846251043493939687165192651980713953341928542211316349312963652005748514859813570218457325737508237046969782890528000
200 23591114691162522549213406042006539559796647066265899557734477852417443518720941664959586389925228815105083363345413440300021934581743911204158316857123326728128287133663587758040357277059874968581583903547063885010050882758091231765403330572808035995423745308754424519036632448000
201 632192264733531112317343363762260486257053563247484824267819819493651336616017190293071650167858811459116638174246730083440331904803152651568125047835056135729020291856179884228207574357555339422419650783598286624916526300891349090808520440711896487075672009234725327354765586985760
202 16942057696332278866137146287429439542159139498186824732343662180411246507967906509065435259039180292096303022363237311796294702993607238886999976816600853119114750636206889756253914249954409940174281683585461670872659857262915861760294003613292434680997205945976645450989757431027520
203 454045354766660188706299506292244009172167579065296334088352602811483324102246764843153042303106862441916895028589408596319689423256443759232754017316945297261611830301058430037152729784809786014905317661085688296486147335999986708047737251162053118012029104975311709171123709725382720
204 12168814201166659415297134958748337813472326626823146139598944004348567442692994333684299920982846936678644285346445520121596689140686355307010408894418508508519917727588474342460725400984089465432787506155868437881272715758057269193544274275133797013976542383045926133133188690164623360
205 326146760872365756903470935279704732606507584964524142193138911861309879493226505072323829901247057434381178047349498999456315883029380223961923652756567839705091188009187640312521096419463047235372739605405452512427238729131579072775659927647032897307525879473456339529618520228705314560
206 8741651953317773764009851395151995509236844610463299600373628811140731724083671886046874832828892241110261152347245739658628032239722866912176258820525463548163060904382488010334749995143398534176707011589606028628260332992211932118285608878433373591381122832200571783101285725320727278080
207 234309249293150916929458596316123945357585082046639233326497691071372972358808888078650178256841296841596043083065808728977980526976520500989958373252355469580426154095139405394574165952684816528241596315575870759299118438450245141759651794810112736116834784944419102076200905138167705041920
208 6280593481523904484789757884234142436467007867610907136782171995531267706595443515144278255952470581883928836533988673142428349108093797914584792300365970010700294193559735059069690962001145308883392507467959964089135668572522911878938275882789176770796689767703494708351467616557632402944000
209 168355426027694679559512906882976994489505200250827652212484877139690777572278677266956437021530703888322225019249489570110756939911421355614064659216974162751628681904470748098166387453520182595862732985610354295856675762935835798165214012579315268407753869339562596245052620790079407157487200
210 4513033829330873748878660931986503891245349962204735064400295550475084094661527664894131676516579977089948317303746855586959449698595828019363525820579208429723523670711127435600124825409889877333610620717962159174746130106251060218603739171877173723123647733490115334113168541355170047260216000
211 120983168218957065253972059998880497498254971871141371257920874979417452622233826062339954008898168347109810084872156518242671484837754792042991616236934439458905365084233283252909181443102566846381169018882227310958551844511446723298421354059166503220876185377228937564181732660875627328873288000
212 3243366821329379461969730879783268088675685808234628713020493333927733236279925560382219317768411569651426882563523918020310284617249648397410438118127271085845072362697083163437623702274620822069604778561646842726318338842178329704616574478489130835336394575761673852420032163656765836375500352000
213 86952445072717381701864700282303056424719038188627496734588100205605176636588837759669892738745496253490245531030009378123285305917974935826027518520538629681567110667590245622845904191751854413789825462535733810411578411246421389647831567375056102939673361646981932255820065499184768346724229880000
214 2331213250553483639818834645567192847447510236439579926843026563974159734082117404827959569972872042455939857985414254823380512637362769426873814484429335277890851085689886178025429523474256637105773914067368253451525669870466036011475438530437584717195431354462318059552643800957170085482466485200000
215 62502378835866408081015383480104003382834931806492836918410038817140905455422117978755341607042594526369228761524492780553389280473974417824997713380161260215881671619041844592733686700574258912705047980763511164666685572185269762917106445671078609613518186524136359288235612637272020766347124375040000
216 1675812003564110851308341288281816799103438273890838092221703900060478219813233810659919772917906085352569420104360425644804540897201386604106444822655094264048810939796091236377615078994734530136377257665822104092899027995990388674664169875342326517353995598256141182597643455901469328541372572239872000
217 44933279917442563071443991650226239765431546940856891519981431916104197563633672782583518635040879161513129163438980505512508530520855748721600293545611380092583002650993628818627137033723691606443673493242253339866169557273616725089287113655778302104492062202823296619167000603264683193778152548679104000
218 1204827550595727411716705200288655766263815478270674524346179513570837755485012543935564922446804034325016758974088970842140055714449214330705979659475207199006554236771011938100309729609587838344726476451826384381540251556453177548071335620644100097562472718193483620591703648789218014113140961070904704000
219 32306913945688674870104966185497095967949280969397402635420212753686617245586828396546079964758432516041390269547530073038098155038774819437214144703435649748410789610584846890750217867539554942668281397252706160362717586007888826345517252045227869953094436775241560743170361040268416926198203023812129152000
220 866322810639309018563807448548883973347734984209247830033258537183760238365386345112778076573017927673127451448575942241912420211663730572130781152960019468653229290840827888419174354745564443055896496661167570602970171088850062197542571561757297726601254364431250761141191582119066127496709615019192297472000
221 23231518065866349518001165042744784657346935849792505982288837910518123442389543138849436906020869245533496735419183077216314871095370268447653334367733525259419427168546992044595690919491647181612882631339359482510685563221085258251612510050936213587004454573340695795687551719692781273024723002341466778368000
222 623001184008841733206040240054592761928864798463367725228755127473393232231865576700169891204539815439088056648397307139830703085083332570120792378670436932533218347783928680658609528606300389884641580340164403524301215974755235560361452725151427683413224130220942571063310951572409610183858701366285696014848000
223 16707577151844229835783354000741122706961668555923561704277184735559106408987093765771913205141394392913673565704334631814355112348490559148033652643845777256299461661282902413941525949998180878038353113109353987280874652043303710144443775241077825092454265937116860926075300190427725012581215413888068626310144000
224 448075584314708222703141768272744697882261952198546489881789216291649123307437925091970632171855027498881548884056309016700042321558222694346379102664325814802033539938497261027817938933223224940627377142596578375067964083460284901701717414634581306899399842434274234758163741026160486230892570261834121069105152000
225 12017168966209692820015876920251518962864469101792823202764244675616336382514507594662037931145351044721585693297027859623602195510113656893684449507637595187617834457048490569057744875335701343138601307121196250113489492123123528677575581802161120331688505292556213304027333665146560969823226237274792567613958552000
226 322304242428653854662410138246850212942942226636104692261742028737309901152985049657194265400686175439032940482456227964704733801225230533965736016716947796573631467257220376791271885026593652243949893785163146988269121775705017350329233002366408876580892708078100806637893955812382615542096537114316184329020987194240
227 8644556724225394574352508895575317406868420480219104162327293934208728712519292737753352428487179251133615777816937793314634118391460405378028524205523207157911639770501537576390023984778620267604513989430819393430884024561972685991872572666860831468702247789519285734974493984694277012101134559164641758739317865636480
228 231863385678880632789319173728004844317587783569731393762287353190405527679534335135494257807446431114281672192009135691526106363676452182209933675795877244983828033176588496665111735991464885530271765629626246918509663738683213280886446454413722867522255757882899467568313958550131265309666562443584999556481463155809280
229 6219196006210773033226733245240906955186849827368875516425608641238427160615530395033097146577913904156356579999940753130764125359418924579331782983521419544616683477357369967317532112200827094982488462043293377043245582968574625663044399665699360180043726289777716782642840112934945860192145056265604400931438701991232640
230 166820274573356965509209518095644850206612046280638379046601251950003654051041097769463851845957923299514694060565831496978653620413739721677567318275629031332189310019259499877247387244090524950257833688208922304881643021537842103095413279659178583817346065911931730441815320651879984123677536933341547723954529987271197440
231 4474822632802008918778119520075933669234585167997800278603094914756820245385810671179301343593483120436894077261118981054820953814540382127314269728667326323125631359693800613871301523767186188020127202527049769590041045259802747818528838950181713402474602784452134103659006178082531684940779293101119124230323720412379806720
232 120036996376808892726807866051278096757988427567967891117350361869803327675441009044840670217073101408103257984461736872297073135235618597936165976141521189785183305226142802299295834979831177512548509945509498352332955182101289486226292202574334655040124533877094516548511621672331720398254080357170875237310567922329781063680
233 3220079594479494273808134449100101298545110136212655628771635038184731965686570518498114427578642159109518960248403131462485830650929068608999890470560990020703695175614306426745103286082618526949756913007342268335162700815229362155048033549438737480290540429359550749930256485492962508895723023006640446523741544779412753673600
234 86383377848703965960595910905752236338154009549944243660661352877081150592836333636304345179311622500182050192849882538476610274009557232462758149848616031111698393050305872409444164066343929851744433550035843255711921591402690084420867152118200710490709644681366097502886765228156138499508284543231621983519408318839196724729600
235 2317425293092455147440482204088300438271678455230672490082616199743809989671243399692882258104684120394097908610356233782877877760041490023962716948232573576629681115725530746854542967293505834599906586788554716760665865334925125532561306916558001886018693171929669792966207674133535002353083027144024044303946593109901206706092800
236 62171763443840341641356798569798752420019921585080549799795891530010771825290671346090334887757672685355862060720498883167465571473438895773581431279955824014071475821004436239227147222448341753887545640565663725833870707977212796207898145993417918636419071368537780457381405084267687448479306482616032136358162523785590459140915200
237 1667986038165234378697392608902661955758965528783554769121843761485852397364946266785320610720842534703475990423794469254591054146905783232783234793335220361004136585755025351095939446917174783950402067313119596931427775657808150031166170679097487405551811748617616386712129789623145173238342439930538937027333722556025116504435763200
238 44751059162647484908391297479855788893023121679968966288379331778215677510472989069003849724705043680571954747662813625503993430236925413354835703865493733556357134119470179415486318317608125356074097426211614815483858163203943593382500940534200790980737754141208423790323298370595447927020581088737172846730866255444798835588056985600
239 1200675946003634017247285012677661241570569098570704819265999119519646119464075621909641526203207011883792651555392154329600903282675616125714058842486622103602049405364549226659526614417221529468427910617437844026159956519249521434665781811394379343573182080462593499083963469633131478923833884480469484724696640821834974855261044940800
240 32215122620766830811964006068705039790240687943370878960729200026461023142042880780370931969665720617333202423795950648402597345410007722657166786721872509686225848746500894432472122789465227035730713811289055134186651682016554284425407610527332706371691624053830323356579502111241570875745692134437561649693393048262796234019473267916800
241 864380893183344461569934324999153206268291084516116099708769832519468973948894863844309149432087958860079715335733418588557207839805033125717637535142850275385905382707824143001510994218573413740444695085146981568423824365294111051689642437967556468830702820469606045743218050182253125896592145902780693697818129617176013894841288305286400
242 23193261493016043075571094632395111645315036459650828898890838168049162239789550807279834495612582748665080350115671818235820854326463878768842955974367990830288674636694006779572293918922250887924221848378547230162643461063268176794731623178201152735399777557121615425881021757413715134000717638816683516314458582968810269875209631797209600
243 622342834412011039521405356001824307003491454098970617804047892304570755770639530727008192922533980726949274373560370149594995852475006648009223380119453761477753864650722740381705746203829193636090388432329486342739810843531515918190449203097194384913111122109216713951030777766672526778555518107487995207454723449894723072734294286571456000
244 16699700142812100988422096085784486305026145920755147700382958653258289383103992435331019665697277722828004339748311468625544664786270343503015227130682335989912617583377375034684477285997796712450416093402957146419509744803922805875877145531589861200790494964637971524635218514235999232003120836262546435614782374420087600688027767467243008000
245 448124483114683964799818095455223071166272816761098495571220009903152044592247167909698965060756809107594861124265196788944872912946088958992165068842327069816501413095470315532370229486740490735686707983653609604665039274234670280570553438863791222967328099654863016090748162975371096193645101142335068275490084881979977032858021758503577408000
246 12025401915296025139391934951175719853353948114108874566722884535431783936326494878237571641282942259201659123797062286352490296083456899215208316649616992688479212282041948638812008654753170435052490732866185930196143573911158540601323183807848098238310467041059456145316012628737744770136548587229515963616939183951242585830934825530914096000000
247 322709216520817231050298244634490288351750602438726936349938402732176212962519776393313264137232270369029747608844350648142052719931459926625989427397599783185334573787774939252163491728633403902455034242540839671496957159688533544507747285071169119717012182606035145231873996392827581000808409459112445474022911328539183774664694304009665911808000
248 8660319011118660198902275982903505788891263488417001141261524822156775761749322880025840001189328787339048790204465062725227304822942249536013909094011528028660048888142803659724519695636320837308466361142913035437088138840676451856185108841606031105616655724002107808394571600642014564418932882977794583471325493508224278729844590022089491976192000
249 232416564088599821638936071611285130119991660399695366971443951430101691201340184352948965713589938722224764336892466267881003720411294293455592571256329595520093407260936892858618513233777065486337792865458301024073847375665623028354356996844209156431360764130589675277930451481656367003939351496501648073467098067565383865624263434217485927007616000
250 6237504082745721914897574073224662554354247478822592330009302516182105661472626799460448919774578132644322374428320412938922778420747732854321780248739600316185491201648302141536982636987233074100791595445211592097680453635673483700651841254148691494956558461816710577737949926536557248847224620882539859348466362867924336898340883746872767113633536000
251 167403719898989310039741511791127141938550029586902250915802147895356988032567824480063957830777753410506943231320082395822236447981888668757720230775388182442079430155050839191709399878927869927895056029429071715041734150555954873298222389244652872579369240311503079725400574546351241949256806358295486540157967150350243907409481252030361546124197468160
252 4492931289107609571810364646052334757415504362636286866119169444529435686118612588280615319605786882590363518468564513343152017178564601596219011432901667187928943631989007043218049658905036046706057536369645829952665239006395369218398914109797343966054512303768745254406111999380507931964647534664583049694836292418858849534375811463052953647762083512320
253 120588190433545912921971804848278383618756150632770543065117174046764896318679295881581863181368791756360106153976318912023046051625653128729445035604547687090178123420692321327412206218744934733666976032594305165288479956050484880002045937429067162268115526032661149363704652390461012124309781376457364198479929295992773098587760897583547454919048817643520
254 3236607424747792048219953714238296593760671319684701739598832342372116706410028568538091262520820874243109466789099182862458082760834815208263143101887962753735255876597337094170586604017470859183529054725786633329871537884957199022831455132272461560813589602188212883181298448104136846561083745087750295669498988534721168526474705179596320366402699384053760
255 86873124148308879557602659459568621831530092034025588552089571226165568930923974904044911654302457236807784345322993084686237558804922868555244923976626485853707340822208070437590654908377651474353243002196257972478371269151803690273891501843882236972734451825609014483884066432877633604544241231089176246979047426765611693671871767366278585339101935457320960
256 2331798078109605522138860731985955520778031862772564697971720510139854014125958561621306194592754353087724931618726507458590495349039280812144935993221367685025666584130227693828848395578733098413335488980006344809870690771891596081471269913878555262279902974537521064709017077222647014403088078528920478044334623546948448917725552453838765513148379863269703680
257 62590215560900270276730602997319166309361157216094801588235496691926750595566280675815632871354703266034769367543682169717912584424039265325083296076963028644636433858029840096758264420386825163386317935337268296139228976391547989283414658280360237159232643439990519523854035203447973162604499115133112525868825675501886258472585992017440347670564295961966113270
258 1680087434649083192796362592344390701853978681644429072321847219911189839551726688101253182393750571474125808730977371171567771826744789313667621157231155281944296127656546683341658966299834346193460984354964504504573747392983125443396155888971865891812292656988562350048480622861539454147913308733171641370719575403080350721018907967327288682365842187041224952300
259 45099027020068343354614814169975306323120204665315955497333775793980281963981000303924434814721677008185316846915434965185004320549593748348141127771915075148837129454676552074706382413191109692872154315170959240366037685226918879330015151163357882592087026471817407968727024419524162851149858177328208939069039224100515286750127807829737370500342257016468186072100
260 1210632244671266880535029867361723711981688048779555789238893318241732450960136622612434262902481737210616171229312203674105655605195648424824388175086389357849203356492384808608623400760294567238491495880084380607473217461500618493420354819268104530026889211447390785874221138499312344518557468434426716843487288325941732694132074650970800758035885154845725074546400
261 32498775832936825401528807177417124131114996986660019226457465970147494666582533511065148355891052121158127847250697794076842682305101224436978016996822151208447760123500851755570109946649040665576373780746773634075631152000328407453801004046293805552979018312640268949744554459419990145763473169763097360709190972418597322781553664816443967729370945430076114289264100
262 872431612311132084286599811149591243165136846056588121132376621390803687717873342914868226901885591906655857468474722055730744497485210429066164286572503154685708741382690214351701265404275889481615034307999618727278701085939699698343937713111615451818493081634658501182668657770464963833438593660378962303066386515227859923763878334979538285213859751199991564770424600
263 23420994810784440706255006056416541313381525121015443177110657874600513233050762322334625469760209180866063514961560497173077446415433966494533633288104944109305717635656750004000109484862160223459019894277059750078546280328207481485263061182368800035815993624846223424682546015203425182838493980895998265967433231334852262037565284212821203796378449778797139879946320800
264 628765583532161931033141097212841944898530503112741351296764543413797013162160081231445946994985426610665327663646121455666115892137344356207647152293310240765408714381075010911168830775585366105717717650029041944671773477286603113820967376394734235895357179932335682071398008043961890725151050805623501524752348569860403423519787215995085693557197173078853701751835414400
265 16880355705716724870815598666814824075005309311078532733924651590131039556422821287309846116896859264560426291606778593688240984515166992681881797425470971370263382297129128115693149427757602730951448078114281034932390730731273248194921526776436486798594288154083617719724923795964541439680945934156682241473105364833535822899417619544551256432527000776430985133438752564900
266 453193594458955122989843253375212758444105623236920916531971922933886067533457192897569237366505435817609209184935026197338636555305578434574420072151726771960270092082529239709351718797676427260970998405208979585805926336051454561120863402206189409860560159727834563357792504137091889749657055069466137692631889901170373727797073838546509788367199950788031058859027009476200
267 12167327513493695232394164726621465766355228717934423234385041539045859654388407721167077726172223005936092222958812178183816639219672183849430425275745413941335750018447642971163742567660828097339839158262955327429005663437690354541163327476868148795186480762838333638582860476096527503630351805458647216382713343390169210200465106959797412840449167079050731060288985534529800
268 326674948187015240702045205129157035825326621829894749983355978285528570275720678076395765341078165179097333872873137035519664830408322247265812238535714461087370545806168280415027567706299279442425569009829307308850034793428766312805344654350834126477497212106205769272077305666582356412079532510372013591269551182143935409951577911087178575494257784449349497247179971550560000
269 8770928926944146535464578269338205324678778598818526009155700374579293601078398939980534798133500968445359088651855735646355572257088194541282393836468174923774203636393604041888009448373301180572098542113234281402001570800192407729806100334409595318482926472046746511592135120110721644959343638059502343296758202667087723638340425198849326133802080128676095131512574522315300000
270 235496476261459266814675282306916231699892891993893369230149318531521075281996443855319638381706823446429651958154862796910127492680099777238410794240792237922630903283985839980093924743451331974598762405333032269676325442535601163332528399898562013027344746127831096501435051609370922787709383233005727478226051390772715341621471684490292026562111008274314291669140738157572280000
271 6323131702401758051026003654959614878876359526484553853949677331720177656851426060753317802062034900025963807182670497034735532467531268428157512986026098973719827157375026561349436609756164758352721157306092481838615126465028575013306214942149876448786289895112910671419154764645726068222339007039649401289435085728478589024375595476897013872602318501794206118865929374815872912000
272 169780953761025435244097138054425346194905608320177202479071910477265224162147229779286607074113424438198372508397655468849406053895920460481344190321478371558480282001874636968989872679157450073345708867246949911935838510368591602600468849020073047366682136708123013771908718176628138358433040296370292936884910280428701700546292706731360914415813217574394442403831529728205888064000
273 4558842320163763948848607765741197999013128445895178489988238265485120222390452545991393779598262622050784450919482515628643078441948741368380479211889279418713691457610424370464432946243267863932773078762339114426558341495084437326074032344434067991292077024154336587766955384540455731832733567292187584534685934795258730014488988974163449935768255202796942922796214539568812841626500
274 122413402532201408319162824428085281259800414680962772017242106979127365459053039386811259339640620717457464604948989659422104952754638062249324578455071285424159732732516298251592690932824248069037936256349842021161829999827999746326154550269770021824730800733713871102388284865529428150734148686501900876107682687570290883930554516276694607465756624172302557264558281760575037174557000
275 3287093817326886731656322125057786884568200856195238206600277414564904183341168708567552946962353144834308940069783758019254852134517257580075333054481655816292250876473266146109155507020386501903192210289030602023408717629198901745652580798009935997488203361946239420631019740083897489758585660319115174328711417694222975210346773536371549638561341600158413569467740103834199313321987000
276 88268124245865864139492027218775950854845196797865644888164623987566507128780431310812029328140940758843036662850858930413515134307627242273626283365072746939661576526136657802170045016436819051727360704107245294774431540496611415370030137556868680499922208415605971484713175086746182637770794484847906342217626025448449727331976373628554171386532707125284187166173649745355280724015130560
277 2370305373320794032672255775907586901630149037936368793504067301555374747206307910547159693258101318549103801846410035700541961062827818335872980763847664427789637311658481534591260519596504901849964720713416859899965476845132955988158392704962587490191479262439870332631765929399444686754836483089879786119980210785911067505457181784779015636831659783461576611923275081621902782515862594120
278 63652174901096391236786937170966048573582683038682896646573998023998561940379825779125892641732448742496874482735136092051917003479965167662429390902244375761049715399244531822619047640372907466377201458303231889720026476722347815094508991397136854360461366933983494759687889781661406233578912810919992952613500622110879587704163194196628108991609129036217209350286328286129877950876168998320
279 1709348736717470843010216705744793140847881271820035268626442996395012086108514263258670088644521283632065777320028252193421908961355630615328066117384695412716265763861426788912798016046750403844626782918145727863429619225160151925005862042922189107230587722216788158943110701923988183515462091343781236849840902563666977133930814270948568597505921620786377236240079926721929745232729832956160
280 45904633447630831933744094387895218841066067497872628005805343174762918916366630099115331411384063873002507049880349932601041904799531309289111844479372432266545820291623547755322177340301992782855901995296627281648093312133724339192086694197499632739328950349915740532431399820076124357247247477117284331984805484540726073164661537076487756566530314259104469871683264823181365388842029987855360
281 1232794626650041666856143090201814382957500797492593691039316692019214932382978177202001027884715767397319101283740010864507267220410937072055300365107269017827327389662354690165591087956892507882650096074049206004874209054509072908782762604910794743181197734512938364508896486581127797549125235026380461572241492566449993876088273925316691548282937888374763171212725913183911138430124359079170080
282 33108022561449144858894570032208101277376731324565150582794559760822402029177342890793774132823760416856819673111826697226721624635366611067321483639836327110480287517986346396624235226250823921315209373579552166714105113060024895686986261656343618106560428760907638705101819880649886082481695025846427147807205899018810130338183669804510846332059052578897648235566237621169137563646376095116710720
283 889168346897029489806779144378680262973080481706794768231070057150239390381972957580792019288618952057336145808134827251285798426231835962679454675946105481101944786212293335637392231742748763514891949289327339712122308458090310883123564136903426895926857490490143350381741591654998069731521059286301915538978624289036816469989217632111668304774305789259742722999593534086889100366398774493693819200
284 23880473250660701337165684124974914410980739288211745325285392915450356596043946402901806424409143263207503403546465560798046223309554923320970795511949657624250101942582202241612192020213440793253734201832184184716661925912063352957895690975279830273843384296762630696025819433002159087006387939752554432948114497247741271410813770387261481632856884368665430939494780537226047460438297618014185036800
285 641371990912251886102867798299588458386477706989184269477415561887154999482980498445020850898926920296335277654627213015070410495138734167161269561807286052757397673636355036838381978744457891479676403145918373605619464844457410942204076794585969709851324802707719562407902000770092686538126616497971086965628049903148449419857248034339485093092556261722945384353102098876812471796956097428681406953600
286 17226026849941636253214107973078021138478815589411052656790597827400602172916176645121509603659092510321326898046465070256927855396190772090079528553614804922839114762844855052171640247964100864503914679144031451425663071521321995886999025797813257785853178398047788457621556880004414239110221012702650559436899743906328914309512468212589105417440057232855647086365403296032886234767370260625104929478400
287 462666720308007001165138643301087627614751560492615088505282875117028434725758481275344709152658089399195343727603069235411122635443400886806301963798956593181060533311375035553610970793958447677594409541192181966162303662734153273045767477499602379113885029066568018358511948386797011471369164860044700858600852523165967238663912912210785369202117515745880665372632181087112406531568979221386638154790400
288 12426801467523099683874194655701643267753225295390702390642981053545807736434984669196405314058343298619275163327955026280364978309779109693011344911809395347002979673984156739383503061750600618092843653911257493682895208049604254223910426669548023799235213522393419746383689622291822612175459778362353311463928131940272944717598250586063707513485297245589617734495313376477943594186714085270030133150259200
289 333778500564211276905249059150621813135990406378756664726298618684318670806698215865947640269472745041055150860735680058423507378827954547329967352476705226086752403431046785861858798450149707792285207849004837512867630553419874024259844891911236762608285797640258697167927554212194205751755646827750055574361291098692139462599375954973814648434075872452924545400556544805991723990755142886045035574270058100
290 8965307808830805382669470431880963549404011056449790864565996759478501506291151924294700627056895082367896018748465887725866336898166754997872667527038648639599300120929115256517743039353430145194678422405696581482020295927556738579475548079321799816480110846805513090533663762712885172829099256847588534192485821653849020190108772816079919685710541625455408061380499634305892706530329052696266699505917002600
291 240812952604656720323408697157910074861384178735948879983165335049798936248352472488073149834582368286548252769779275381978704725487340432773194040036921913583728081132178330244270017172577661068050876631320533928398195005308890505518721507074131662179488584424177060829820451915607495287048176829529624777195960391439761321221881850808760215658870575938746256552956200516646146915001923304744053030484050639800
292 6468479688428135796333757458983465875073522245481190551586914015502885761419047939567152682722521577507960517556103783270497714244634957455590423899890977135121214326544316980066485402301026313130292366392443802025615183445351507383283409209014103685985380627944042103000554289911617758590865837536031778490755018252966641160344450026743252859931668128049356377826386536868091252756688249292142961566332027387200
293 173752987407194850704761135193731222164291336458398039594803154776089600415667028388733620049515232778262430328138143648911445677396172120402712540493103994206289120300890660590228830271329391512377955686846263809677622046897732214148382847246673721776170321679776459763367086397980911074940149318981391634179568760182764570993395374586535850535396591738797970861205686794944411359316029578000984800897895902407000
294 4667345758795237942276264080558356880775395825391959473327039811429931389956687035738726347525687439353276607470640280684077020836162239797554039833065291107344037279808626254925931214367319349480593007409046838948893931956429422706720801778824139683962374615752267018670541328313000908480539503252861373072987270937947408289362201234655518209828106277378185132481623899656891341479091019006410347231826585799066000
295 125376242542092230334602198409889101586538107264559408459999726997646409972769511667443748195856040762302479178539469229174055597818848168112621449043430833333707556740989091998593004480556592184229441399539473415432824172543058509908823394572600285699316944119201853406796207691725728915006735169143166128387481643636359970750817095931780666677814697210086052987083348270200291502179669571068333543063458992619176000
296 3367968763236916534969341120615131269119606689758290065731180094260705359360145646199198247362395054253493523611380931230953412211749012650837713177063445348309269280090952021054979095915815732229197262181436810959915563653703802397868961591902501536310501365121329468979581071535177270178534213635322780322078022305392056441840156228640029371692915098829469659878582136428866100266733858170089734913052661788445664000
297 90474947172471321400694854479675389108883214000197824323755728394433480966899794044477286595140840756021430882275391074784451003947593433765513507518160880826153980183605546771176652920073280135092239382831699129047204134048838234876375084867961288465057078440522136955709835559390825106910488793291488778503340377391009497739724371995966946062480204358709848345803607339140702460858370492965166485174036468193812249000
298 2430502373764909562519950254824028650369527692542226781152286532587442601409037347427974050321493396168873135321594115535229154202646673820278817087456910521136308467693461747182146623787657435710297429059819902010167087230683790345345040474652449507438948901520630871042632985563213833891470823787066405296324969726126944403306154369744327245880372394090021546907680553278674609250513104752119760682208809252870153242000
299 65293678895094799174189512724596509619594650271851149941561198865393600167972609671546722260959415886472218550290387069879464288757012319597021547288566172481310097584455635167320975756251831043782015957086481323272950927238531185627221022025953642282220265165031049255616967330460917246474147477455708844166370296348237386502882307961931002783225155931014241328942656057090264958667889486520284874331785719699447355986000
300 1754096804526877703141239423773080193900262455204235976661407945835730913333269467412146846272249531380535971032519597927972476820355177506430101837896657228023703621601026870490731337095977825421607430587319985016230773800148810722496439944767584641189874867305505677003037062045036121131846870878934303902895450741532765693163342194255466623617140008191982535661880507467585002262238415640106631647599019447166984366336000
301 47124120248562894705006589234383827896036951158076214560931292346565879211307256505123699188054426577992355709934749658298893970836725945265305923536747738099718289756586387409186236041844244618315543638409292269126027650257853855805376020177229967425654196964376039415650214582670199251644152135620552998895685648860162188109230902469115687789143478770067918208212315533114396115212983316913176806709466086412830440844916480
302 1266018888028957056714145993173621577391695576595744261090805861592782520375369217333304617985971295444389652263076180206901008658604460691307261365894891208131255446854003854316940896906784471701356308770751214267168727386517890243061455473188176255857345157929507793187592705814936817676550790903502187386958657114802866717392401719622141907803303178384343939681460305901885058727043529483655776817331386294504657767530344960
303 34012949798270646545261145850300061920931909119517911240041611145634095109966476781331126193586107212298947797256668633743782027707042172838196140021879340564806174826659082047711837836491467951099434268138619104428307409286559627812000480414369194748938512596269634619108580355538984502148759340664989898679195883096343642044483021190017039958477163669119210731666201344493872869706860252886502271159621355102862320383568194560
304 913809244118427772622625813810253096442244467504757684270140687722615698928693110376203455578908005911949226778441712750570428093607224111112539991312902820355463280990052148157936706289987233717726500948425638912287746322505502151032184632778454219708707804386046940091956252311772501223631900417260888536577455864620920231536131648005950985932639998312025613353740522914727545848412156206990795618298807434886147619597416673280
305 24551265626171351123236993809195799976757925724254339972249510454396885487828759790924957454263705091859840495725168943946823188256832530515810094427425385295770995938060747877711422559789548652593144668342662501988907458381014096131526978610866876813755172909789742990515591005680824184936895711163028504065672763049795294148197943473949593995308439847776909442395732525963455265648374352864097194714588279960138779520260160518880
306 659628278156412536051800576918878680661181705491878261956692526427471851730698756552576072371154733478943331312778852481429151481672032292938419578604563539581955471513756039383743658165751990975271165096273397975338562723398378448386527927530610826198158399084513733498523052114263744018261561258270168883066524761992410506213336951436043048864633672963568819133071007408951143005169733148016076578874574766078453169581767371362240
307 17722771669755540957925030089464939781451202122434739520407799630966301854107749016261738089609086488251883962627958867893228516792928662358615040603124997647150400863229906680071682471230664461710006854408799346968846439727512127989223288230017152027250117891785733056064181673551934355640696960264801366839433201282516611060758311697159399357089913787401639484147453028378445250167901700094274382278213965431946832087739221471632960
308 476179801729720179171694360430654969130306549176833103573550984406523482379624475463457965658059203793731032018165202617843341059755692802550400798546497619061717469844295400286490091535463761680247859264822636041820144451848498260160990586961556432467101051484824561939161882388722806543847164311099083287366112712822185311786981319736286408748912353826981302642572784110762207833880956565931794175045597397059773712108831969500940800
309 12794319830348455086421935666673035735111530316556780105603876321252473424067115094579336793249785704695661510401184330880936839475982796659959100716746255066175732162061994674002587849849294140108920688268975333459308329354419788761169164279451796648003735933127887215612374356395106354215278791143789914382672589401285599896955710185426575726598222711329548948034856841976834285353117751809959883281617845935753487377922644507869944000
310 343771838547285371851377344174481671541983214112864011100746204192165685192791759059961465591983798684875048475631444404315300475758806244089512873698470931512624174923139046894479399733233547158411289386500083248745122380037733212596906998709698253527906943821012927839326124222575284266138597154325910172716100693164691466132109517252032205255291021055508037630121266707967027023763428370921897028224725346658996735742998309134475062400
311 9236984337105553245115194357016851244616640534338494434970322124535184169699902091564583517397313494911343772227595011584685763423991934334255357975336914123935757509895951333957816225702848954580640160128798043347655328559301866666416883641595481364308237393601521808317156387070236147273356570601694833982376034291637335999993297170271496144518893122999116531972477134079224600329042640592560181292207018630697927233965013465975531801600
312 248197207094221283779341952201824305915640233576869793114141776180305063621790403719735747918077588903675634875071197427932760398058166380754124227502229925072509869072692964597082306938013715783785873448063783295545494929321657343754130461855731732094972193197733966955765894625817327158846194061349566308986089561250459827091174418008937530678557447632159959477832959868770738813444907021128573185761822755181992101104485404981698894745600
313 6669147186209279428736583403131895570266201160286007908115210848142806136718429642428280058744813213504251901954415018419995099585963163469809514888761272685254257083613857026679026107456486012882681607840128368325275044795425089254667568786471587200681142492997002499847833699764611001407966632913752392080055154810890708296190056454798974943841059072093810247767824896337641042512962625342687573652362758635115956853689478643698800791164800
314 179205114600382093163562769860069562604039735553781139788849762125011030726294160452879981416329174725686474961451058585167171436114244706777045466442914298333805883964955964718475666424400585381090862798521164428582609446937032352437423368432310449120280419130799891997750926506589109398838863403782176297743647113012798022838446249482360606406983890110177914225409281348560351882203811304865904516898903984394603053026336330050150056513606400
315 4815452930458346989246180745310048055308902930327441699489528083136837912462116268791239558684577045348827625957887502939519415320582073738217859816046762472419930857061600279921628559578976939725797989384256016034744752892639777426372788882905861378103146214710437105917438819942076856878971193620972629640183016749799771535703702218761403871565666599014119269596765527047308393434656582785072745153267809058880305829877301024745956210755654400
316 129398870359204923080971551477946595903929099611089518437307231256947886708343554542544542629109052705793086213596961984179617736005256769237300235798917537206152885258566995150591246711422600073369964594836379884116556479845453136966301241410035567762001861262586014752477393589350392427999552955634984762698509518755191922287797122493311031543746785958889822836765873611572635986662728411006453419448330872002712040274609293799595882495113523200
317 3477205735191357693573348681269756444695606812858897470773720700156705306253761730353586931867209506083113868254139365728500848343482154354830246871374824469714112909326896247071150289200112953769120158991262700155236823722442652050401339237316659778757516936482253298211347078062678359911157829628962451670350174006554790665443438166277384583100466952225647048070374544495695508531629031081384400789974458662113644647826733135185129972551435020800
318 93440855826904677751893743843297476011965424062673620147327824882411275795846307517155256324754000905777489024082233583508366081025651960020100792399758544668195967099436504718329525811882955758158405407766539117904505348040832641943502697761749098644307106453003608127269646073906223963147562890771823590230409666572481027985055708066986090625254118323192645714467651384413476113795629299089436842484094626758432171877161548321652085160118988672000
319 2511017298872622342867722068633156164737050921386549831590928434135252845282369175351754661508394977046989250515069003594447134111043105562269215265235462103515487969589801774378389580778800717907950812567335999245033160641707536164645660291038435286575780168025546153869973880560349317898667893440772119608579438498985008013949416745454192957618377330533261834204283097559478367651068822901146819332425093453810579470306360195398377628994220290816000
320 67479062169608115719868721003613291955288327774517741750566911297933001896139864037525665855546427848525228697462292666557833586681316999119281948923347475943809630414198951436712240477684178685724910707954971399787356979781776499962938448272821358545770137162450555165931711246623805536161833117061368438222727683720234758367062678091246333711174681638872945280226866170364680499335815271480115628709713872324462927541118060133121707388983074896896000
321 1813404827451119749706098026126680523079901104607315906069591656403110339918994949584165139272551041203269361779448082168553786904535704742283945857214402443739862144444126855931249973912210082850226992729080433574879892023691604966133631657435309362322258356982327160999158940456484543791351412901569196890844398943765530197882313021176964458811142171820288578313803317894481321282242891437759055448312773591040093910430406141332502969658030217775719500
322 48733415828276830619723797886647628627635858139118166393284570880775317828234889366930654074274417226061769017803578131162927000718176615688791433360910883323783739418613958175786951038166435059605270469346605727985609564852984281310352979017442788368808794409739724730133680801246945251606007523457193975238462404338212597786851544992767216387804372721221050281604737568508198105939893495905396170323290179803185921983816324185215082419082892238805295000
323 1309680180023497835097427586815084364766599736005886248425102908411973162151901832941985066526803182237338931363084506326316405948934048383859388670813932092517392755356671440160794874867363014362977278958340273449542372317997239525812818698714647717248621739824115929747821275930634715635049801743325972205479649079432319777047425214664450308997150185918060493953102524930198329892415581788252558029699247077757958612565920158501936345014164038126551413000
324 35197347403345588572502224090084208911511079590533532405561949837087886820062265144298134122036149101954980234927545270171898826000629100428428976648005796419602595028808311819644052632572707265010511809220360830829927417434922737394043790455082324294866239908167540799350583056709942818505628319919151718408010190772192163700657346532823281367926561829179680728123944444519536794816206607582692224911366612341913046597214844419101157157013971765768236184000
325 945934037461442333017815051435262029528941623613398342525337976430490167358749057008332434909034046754865549462244642036534220051174986096978759108922946249698196062304855952811600148909956546135033590437398508973228299473602530040711002223339899546473002964635651151563669534455681292200357270213609846397842088677672974968166543433260880142775846247956887208673579320040760358259585317231200185041021036009952821502337185923729949986608455531389340860029000
326 25422483335011516929140989878003320926319283829539948209650353042080923270701434052182605552658489402438891636034186529850887551540137920353152561545723534174046722485162435389415067291056964566384405441486573575491867440170636043834273823833822496261244527055576680864956065360317879337972755680191891070312217873264358641826315700531732261695210911406604645703386546671073145146486347445041308826545955033750971514832373626563673471285845568802950633537614640
327 683252535222847336316476631565987073461419285006648186230741819761197229596406825849860630512476458548354794339962040153059978737723285001142448811751764378830817367371160276931259769754895532817485331934376310300077009850214598862500354349469039166783786900231611935510551225295261338625953932045570847711166409243616220644965593715286442506773547057619287890630214010072801545618976119109928983125097631798076553556135217571162304579288880670296769477735625280
328 18363296930706094605317988958676010725978059546415235595877265701616964883059239999402392151055011967474464939586935267457450782276780174390552601398348100820008202419346872417354896573544873961939688345473399795785709974240573234092491831516084297259385453264129135610538669470500018293730706526563425332988060933290242628354332355710831006192307023997131846706651808956910824764777108776659889432302152207007787809722711499022592862434624833586207466155396494080
329 493544309181356682554431027959838944002355884878036158799731602381283944426703628602641994911152896331248700265814422302074142760341519903718616726638560322175696825454120340995594728291837889370444091486168860277258709535030771010017783062779860263155309100333457144811828377956432957853448222151605928291218300194726124975105779310442892860169254288006071399622746534790650474303911448933694387171863680751385570837160430065673095805058284156467128494314548880040
330 13265013322835969830464926074475678581174904370221174169730968829067941942742657851733269216998625378313221320189064511266622196676565807996353129933924263910991051313294182290991679760429376848799836092497061100817052443012303709360972081937205267321691832874556903913231553034817865520049579753786540491818161570221334943905994095547210765873482052063952982564131678136566985274247803733424353938227022038377164718361061539031479784185996840651547379212787173661840
331 356529315716921807684103139931842764269891689761453001318531088401941990468389174179238412129094334070298021455167784280624186812695730375905902716830564489775069313731649583787861696038130078970678981061560837986887312872843574507242783929742034016912351793787167672001444583704186616448105464744204484401825184379576238558151860236973359908384282964240197328313162017810764705704783117436007581709050863244310608557128135347857936551414255589541073714767630150983120
332 9582719538325293720324708276801241118538161348420359920878786632417868909324262195148021922187718921951765690175925625855557112404191996827435297839290285144082925276785664464012312361558956138348381864775066772988592311846880153759076866443355242260402504859841236206832282619667083236580282577042501916137441720119292845434680409331917127039407324877687107269882279035173674064807703130870404877910979271731695633914664330666100998793336019714273233957445606993594880
333 257565832203456441365235858310794374780233402500070968298849937009704494483526496451718611214234311025868801905715731118065498690837739160049775158540343944669621421804513824006577987962903557986195778309537462162709881354866036472744947514466797276843011875816184675717587548850326346332063568259293838970649545555668872487666109234830781037633793583469065420871136552406512650772274192909023014757638733090831775697315102407791513071136367178032340034428646087103768000
334 6922988791377525933839596493113601736248789794061117467132339501105502005321579513707674364389153593706706700402554330076802130925175304855939694387624378091515962571403375384721785311551929469055975109307937880205170816349463655451615115374132487221556452483324786507862440459111015216248920853848291305551048976305921431596062440703769765597883348779557999479653713335854832211434740005472710577529959113691605940732401086165261031495704664446663956396377462361341596800
335 186082218939648046808120112834464973361725318204101618617855018753293505759170241442351572219272211920562574562290233137430506361830559491213491435738730797083860415793483859977468381811709916442245761763362235906083288863318123552971502963096567014227602679947638980660260552021871605119915638811343184278508901148886145921960993834072865638586681462868250121302365041704961988369331414015122959365715963720522317051225536829946871041016998559595479823244184535960220000000
336 5001749743073257801270194805349734913210913968107283738159444633516478485642400718390795215850323452249956843928265002190499190724114151486383041432656727349325196448196357787862505473622146664976703782788740123094202409905670970407599215849155069922518817478452448606861534953992809242563835659998183118581264924331754588845580489183767259639626072708618450655348719753104438805490509384429171060190280228414249224418973845804267764558055500318523338397131020356679490944000
337 134445057343337532210294324907468940766671436387533018248108936353889091248213253840814967223421090122242048584807668332028261194778031005488826616256181880576712830147938079370457940962229602630302180751543692465627747451616569055837709920409343908016830055600503028997386766318916631454876948468576173331739050519309364269222776515773288036839800709250030503363037025046877252993652002324397726057219239898739635079691596654520507962799138310301314653404543702852274875823000
338 3613878009227226863413873143035889280487148665954896621607683125033874829464259699309611912924932969625808066799633275259863109800358983864712398021294626819903920836940448063195344136927339565824775073670975819730743854690195874611110274329762819252943564405030665177692932358973423458025943340267617777931138013263485190680810398953836913302258959923965632586054230754341649107485424340166908704797905235281001256369151929479976266720673394152904903637829342321949206118798000
339 97142184886353844327668968787973981332418914016202307320256114706111072516465250161016846422313321491869727683127464638795877713954826596409872203288571109497512199704557176167612637319876535594696919104542796526104580226817978659467457399251031996425409693118773128161105119512410154679307768437616829024990325650621846975082048694946682382311749079561655388737673787201050744914274072608872851255830587825336868250814470108432597684531946599233568191549835180543520551734674000
340 2611246936957686374313308497313841870175869426944985039121842071214473706386584054375610961068314300475576251613636573902146256553471265589341743870383993922983490507023763978357856922433995324220957897018998853128845122520869651008629461256170951516683069836163538648625358033036035713458220194698292356367052518593697038339975323316499620208995085457789938194165337533506037154424236108084013086601203320939443494507974693542631105586824503691864069929013708867328276007961744000
341 70192980521337614410741317392718790267801425620555070146576665036311214662111294132865677988937844356102250764058551643609796231230785770592040344394643722736019949641998943654950618680443135935200953464588170014040705956230520947078677109363497667246413372970489243036002658886535295770585990658107548099722530359414222505065464483488535218428140080514416046836047878408426405880478572864336151359374844027653543374163670904494982682239207712611148646695461703221844323141150174000
342 1886883359921486482749177852363909878478376630562966498087367464499280611022170237758523996769448577357396433719500423181225193090176599922050303070367729093054642296591189278529380201310956954677028018935295186719326297460832268545312088285065751386082342092219147107680891751576644044368222804519434353977335448256669494350574552859353469632390719044788295665914208561723197477341131505996259835200001574942214691261913429338726850234810223428207633628094665880124684503073797812000
343 50722660259347400689017658163895559850597280969699853388234034356612927862574336235394104705377775964392311617135290551183090890676977560359162147960966020626646440509928888569098785844413971712992283634206831906486889577612413983303354871738186323792185351916805945611533045143391175865442263254768538570939687599276546645337409855609772881455137476364245065994679220262472179099901530769220610933257719888285851343703291145715815149238386214282982558875341056614483163583339285504000
344 1363529556693948929477446959783469249182440468638995731381353969125893853314444674766310049133542324314285099135741875660887550192944872983528161105227171100297577641916045916957105405506896149380492664972961729697069373277615676990995636220699898386807215312215447300393006479681969957749079533327333307839960422267239968301863296043496866381564403794722046977198430597617966793866085267721031408797740312043377039475983736623966601779927296515602639849158957372654459069386918449152000
345 36654949240039892906353929173588248162023161353270157044621629888967607168980229774158824107494695897921929524337215184822112708638431853743914634408202990710757480597957442959558096104501868130762888233982006526503911965657873640204847784782637448841727861628247916016212813930349054584591875156162882116975630092357363588749602212547009593966926744718378950772199415726036996706337473255396274815937526456433627594618975420594643797995635731305462803758850547600575380559395717951872000
346 985385549038633345784723762730186302194163511983994680096920948468703736728285641527911559081561686612167484105513345176958125162890186590854706078994503729699727592262736170915377257953892172122854850515201933025673137797931460504404310278224355076894155538727801816117909015108059933192923938134001421436084425209218085964356688957986837328095428834773400184400735559275847906353830890605440374521727527843163434735628040193150085924021065772922888297205293094564988174686644243113728000
347 26490199199500924712051798944724144361932096240205772001570193885155239634188625423405304721569298919758540226957889145182015496296843375372344999790645069079173141235725499416859207351276769669977347772895046271481613198113996213022542585948897339965716317408537921402748304162164492764699196794776369016195054204836006106240984528305313107864137694359813092754963847371611578401730697556247901746809027643409188372123433003046107071809289961258973586582958445980683610266258739005824768000
348 712147077468966967200648098296365599814921711220553464578396401529374035298223795852513870854776999736451023019011873449037353896488847633388873843659455395282770960203075812175153702986145569033746506259885962203071968258871756471956655480505270073499350880581431967322957080955798584500902445806013423644151823708138104826485150445712364676179784634411401790038159283510470293085034811258618595011406113721079653508118971337303947757913967276379623513237918844306780648670628700046168064000
349 19145185315321026043225445559458722135174233682685417325559979927824369598530824928641215920849503825760817810707415676544810649941792776657692982917564646185816880664955898733841497900501983427658999096558339182359054927524765407679485470420122188236072571401598162712292971711287277527643355236219086297811061905121472777174327146007898586115504369288159945124477111969609643194510420804161398553547535440162078958739296463606065565744512483867202875336996022312545686980328487796637978112000
350 514700781125417141825979871863147807772619406171611341116651435920027221308481189167290932323091528513152631889939696621196515275181990400435921953060720712748503084110001400628004012370855345748352274921285512673165723349771924376236385125255785414357268995492852487757233095534175622759846966626325400953504428796455052328236735723453786712011991555312870481903495036910672783821691260511490459711435816409294893447485209712778909751262563040236937479451401189802263213815638553541759910912000
351 13837429598952346088148195670729015376405696668473722842192316921270514936621793574675715667319429116437448390258681392128680777118964565529976661479032813931466522910888527547670451616512675695061525541087083276154431434612554489158853461732352512583581648365363468089665271606400907977266983201951497511620861919509902545082255679249563913620536593319414109955049094923053709641833048337936628910314581727327325638370378942507663129691084579741413759757993662535712468728858739116902666482237440
352 372015756784385046608771663137819971089170353232233662486489620936655341714204261138419307645423216786822107812166822572110087778538756036455614934834909603426444494533630567901859373668842066920822936689176093135686636829403964170957963360329940632271828076567892756363103510010992524073706468722774612525486435820450889575033107701519924203573681651253422111877431709462336113621218291931396131474141881482162479392369852335920087585417879782579828194084120849104644191727119087451683478287482880
353 10001670176943132353413593980724829664958048090165402071320908819730794303613009095507435372774316973819721470684217609932860691026569174476691977293564826624255708318802770691994480990384894607218508090277722400981061714837755778022209211878632147884370692694321247259875225433627266673485622179625436858115141941470895756610851030279790932508820896937841044019414049315821032127839758414383022798791084015766207698481695019128663174229426226343962184283325249625355455706430199448944087337806199680
354 268898869351231871131281862267595478295654920365847741672563023203408728659778143999446929795102743900084282991273243028785648281822994785157477051484590409206384887594793021590257773721308320456038821109471423891163992551042009918954370215868834587916669638851004960536654877636831126126640620810434074968675687959474120258736497426186437749118164957525194121848922295009149007165098041210718925805643593541447563987858213650751993273531503972278792752273476615201170484169972991787666898851435267840
355 7229539703641675150850320660395869990737670686827915746291910748287472959921234751301407795225138735925215153379828956311633071998556012460751555889436817001803600508923341815230432009328863492622203508756385300681032893953162620659726185581391685548672779602140338179512133908983767026054957329985933041697784438379077510217598102227641713188206858886587392978543954965747342183247878315419833165270594353312564610988873696208194741099595326627837268175383186082357047965550049600653976969495084176640
356 194373704765322752027430792579301522039584689217312620660698801164492517400624649343642240306340550892406402506468316697059986681755474521106248887199684297549525747237233389411269637707269368998610148098293540817682183968542930232630997491447042649988967298310224573978395108787617775924470532015288160344179150318536228321037533882137658812628564249281697536373645022703865991585318308384862380397523713863219800166399291641780489390355972603850261428433401561939239582885426052869173271168377037240320
357 5226001651973109802774597384372345286267153467766197327235744148410728604690161779033319218750886707402684185781974010825314892764090337608124481036463759326387068313125716823895654022850211226544351668482440725101101318743292003307224857397735774347224215485745168145593331704837279073944251204636050415731254526061882248752486719946316685910785752024747916668113769269433339338339479648399902179125019226065783153672898054780483697005359516335670558403201949170740627907141059362135890185946636377934080
358 140509830215925189269683993389608386125340688580167724788384236683528584056089857454125904149439335523784051741764767639978470721239070867484622254839953167122983160972246149674549836357642534024156804551721874703259733770417043609273097333694630947357373648468573525702538961864168242814736995856497585746932887939379228413758535222090749757840568998048896381438274542555552435929336276976368056472096170582173093460891829421369405098060083350939905467938193414004741348156276990034267669551248121002329600
359 3777887165517207896436854210785594942016908118975542683460667572850460749968479220067552139800619267226848100716633566829978768060148858309493089652675976866818607992991391441228682681218232669838742646269911103144985394885485721222972016720493453806504435537767791135799397975469345883100703648807325457102483868340354166614881339355755880814614443963312801740992607778624893902670374735698624421654774044987495296712518380169384087717427380009609129374139895848599263860732874024922105085955986348776601600
360 101577222912238647335944293166221084762595189963006774548817389164020344742288489104329383108087576308077615854192433372846005060242088704846811055880207914564838818292802739189523380500763761706440581926896345841765526717551458272397357947059285465824685489597898061971999178006511912408793572159557071447980637780519164244034563294777915799600152194274694861569479166947139760941689083331729591255533018556398360401314325692565554342978874858252349777724730915076436160913177905413440621045385055539409100800
361 2731170031070960356139944439337109641285017186911832470467012138800971853063814171047966685210209087879486353504850036692472552107001306782300231321288422687048273682788201998426640195184766580830993646266716236242328480972529773098885799293404677168507870783310762355879850560600905768750657736350555710592198749165844579874587804502876645765880202787811735828953885060812150830660222323851977776102387655523900737907117503602287343651462829890829268867514404266526516791507454445305464574252652978167765267200
362 73435518236150108125124261710996118375383703336611018560367287311960632614799320903022421898610222648453721958192731248772097995582910725042891540637341216505872608156745412288261550433303402242781496636596600834295590520303492727593936047180425554503923340925916903188291967012152889759710394601554546015355880813829061141563087133208132413962978484688222062983807742199039700931018079787684279884087919167645975082680803442221753581333854733184296667684316414385939649371027216772920242121435278369502028275200
363 1974552041787115012221913714186726498532446860371781811379026219776689934742797074265672285416732140343920208015678569403529342033250256835968433330980038601232227732924993780268508716288384905136126395260786076641219693095648013449901081404967244621025992839159469454696692901247591244915422968296410735431111495227182334201576391258285123707503170210863792006989941130381148339888188453792838143464587497688223236937027457845034497672324995112907780079259428127116150898176769975911556376748503883872621679961600
364 53092841898551622105276747164217107980397492976194321629715065834109746925018721423765262635514746778786679197614274640995703380039338608828847532932529761604284996342903334827029269558589918766173972651274606891425478980878826702752308207706612789273345847011525760212898741060131117208396003883675694979499052236830993915286834092767774320695818886348228088382745346320478393152435082345122626507634976959012098739394725668291485256196581737310192619866373229645858516433151415340935293489578361663996010978508800
365 1427605788496142337176876844615556297899669073316357113419595632939835794712709327974588453762720435286324719357838933156571335844453314836931355772348406190965623911617513273409789132100667805631872303153741876255021714421257125064278949498795517753860335763281257871717155390016010593434083895829044965174481801595352606433369834638854533211691061605519104823054781187766696146880907648077480376474253528807926898534533628989917840518581236287713520895250532463152091654652680051467755994588504293442457527780044800
366 38387120931821829994892789148972096076871924258970813024448581427480132575358172407962182816844260764438809042922985001057460827747257884793567606725692157253873854296387119261260842146500771768320622501330458531756452263214975358344354623772549164930584653800043794695998362992717752623360301453511227489982053601245467147255435791852634956174371322429095272298938604945979937175632338350606175715869562884829061062798916750046289617140646494605073499498891134875218805795540947125333650865880706635462766075755110400
367 1032209061968095992314019551043328026308931023321760336279875470733535943212799159212677106457306734531790895574507152576550660078963318882248948457909566748194242442241195007151395066409978557309916726393743537636728713722171327859468680267015728790056739042936806710421961527236983727590939163442055038910629436757807891841607052761689462531252034444313897477740967622210865855204528447584877996435517996974834804650508937070734398179382059057982498341607253727495913204813140564262872867642247926902823741897445785600
368 27755857778216964833985776328084434023109362240660333400813924212352316607851285980363396885824850246163148409996546097069497141044518243604001219061047841404917029556681398900140731558338354905374023465026105625055919492589118993704414420534564748232005488813563162818348976718185164637513780588842802303255200515229757803557166178959188443552768656391964964108530666577627009044105482186467817679456757658093379980916014304491319874134298674637346289037348678886447067289968232920525700513587319219104812234403864576000
369 746356762832009152721233568203348427488553729692635653679452695416989771930278689090111023137340508102652103389248754532015890831361906417616053906529339685420312076812873394652157416805469635971889718322558696715187789341365331635635389250247202836176345456035756465845603777704047652647118278708372968528563985020668681948727143599706690241898182114664783613520308400760362052966367736389962999206890006656243603431920754190159687037346012007130176874121427175476930495877781262403943674577387436694998431330963871168000
370 20069802461456910282155306381646592734398971299172890561406131692034835618288089544225931946542481313616602142056616332850967726646334103325660316401232843536665901104813917971761859283550662513193081433424407452185603226870810209596908407226393388770737558944212272399564695686365048614238978668032949037807872528096286245459076539360372995546405977754829620885401470257358622628614966571431832138589626628700770523112715219341749876381147297165127133612076613563384269347250096088963346212550611425281865298216079773568000
371 539690165452939920628429016329192996242608442512828282550183523186544988124210793249312326629908049562115653688121853848358842720456915130375451136742034460000407212734512183247223799588745443155315942510070628429041475633103780636402290612013659673469405965013902699935591789424873229619699297146606102358486360139177083598749000422987293467151709795285540537525271399253076995372359300776114462340980986163982366530777857529535958805550595297324618122259441003030611010027339082005835813895781714882958426244295560144000000
372 14512781786821237073739422567027786550999764607850963970383207919865570377352931734912059247402216800894887835782548416839579888816451421721004513785169587387491223475650382956516934076666857386043975365356537533698838282881420432852370427699011192474738839217319875451978038620130518697457404742548570395918375717051303180119877750727509680709922007041270693463995555326594788414527160491783485921862451455110800039007821659662204000577959646804110218622669862541671889738629041269450723872058301358412234456881974653907968000
373 390266753522772799447024374665032030730653053636287317475250803006266559720890020969537687763554594248724516593955309018670077181568771710562450855263857131082711738025428792620189307946363469202775510047680142018123673272445472006157857992337994969979443599955341551945634738840244410691387052003825562835203381021724209102675669630188392495266863483796954679327484823670515140377521553538638901006888993615028320699847769230943317740579041954516423678246238911587226003695440285423077416411613731210991630170265145478428032000
374 10494872094359255965286278734653542272852243952441038376561149061350803715192217131160768531643565273178537959111176232067971426076140651180513487950869561811637457612649208324704507541862869261788838526721187467271153827350358758747065239766826586050253164533770667023818506319381566775825751155322239333772798170080790065815870634211724699919514661234670054947995731192392690646794902231156219333845966883143029792134083876986212267336228489123980842385603895354724183872346952219610109606459401105520341184203207243457351936000
375 282226261579883955642844429550026838477956433252664100146791952148097737448341689812096750152118598088376734351791522238131447514974302682258956608934737840996589035259628360306105658778998495023889471220823648032444197753521796934926501736062920161883366059745090435338210798776143862191108695274086048238828929737611414026470614454656062539015258483633844732039246150460885427203069878891091637781935124850841641163578609407943429954886100314910953545691571646773066891487082530726264633784946953537971691213975254504564320256000
376 7589660505994655341339140796141200940502041696510136968292861199851520909104877714807956718538727528945063856498687082609258261212674616539960758247376540217059979923259541504943115528269021072110081575948851096800675025543679174232548208580354211017062277242427949344215294623413236397971792429009872003509079142152353638440219549288179323522192874999185160335276964641026826097794696538401697573733668217494685613658986397383426132896493248915819705968555912389987279905573307474106943967402097391715754139614103310854530380267520
377 204104183091372577907178159844805256949304343039675712465557119677861314418694447553529640096569233221245500868736712032285278673641847352853080497768830655012767602883849059688541061882358402668726305938710747535687183218877240053436234334280310313057357483736097998071090501430676970355736677361963435422390358159293645788358331229746489325945186580619009816693990177406655170663440697401674304259219337410531770218456542643308461115714013047529419388428092709819663534182548276712296290785677124854513915625266178778615891060951040
378 5488909443157094116525916357176187229223206627988203085906922540799112298730633027662193545095626791848024150402826443897017986270112807872085684341781922229304448267164433698922465834200662112255343320464771187497374586015429331923107087980446162304573971054947234778894188261804037270492755841011642006761314829157902815645768647070784191087633737796085220373598375182860787267203629199055122092141317528832848339622448706129872636333361810222966017197536058451725246897042406901106112895654783116834780671592860670021009783876669440
379 147613067736034690976482739320086984100518020861810459093567109681727669049382222089977358048717204850950417237948518197582191517190903018605220189842001717873773868354094582249309207131762888242390070175354132520690096209030651039183655959234037048619184256354412637875788316131189397090044566169959069546198814195305143769597762390492425566357588139805701490338183970947742039082143505114502050535643654555801568041916128413413433540590687348388492679494050464346080760256723315959869129515017851741809052643668439734127795875497758720
380 3969795196988386442370654489560605663559901301186616914204896987237419642838947273221334515345160020272671176545532509944391542985598767386394767267655039685457737002287790246452412095994820149964175370322302704584141973159459581507795123994891721316202331070333862118624788192349889340172646407202012833256356218845538070045438556367125847990806006988962876905712526831277930471136322346882200773439101854732670204637549404788841251554492181458548277496733714561105941878410999830936030312208305113024421591372161068187219432824703877120
381 106761810420569155577765935112171988904984908951150404985365005641314511574507253558337507382501840247586177689498300213263162157583421126541076314488992369372662834001201628382196093975373814760788812857509109386911117378542081263021389353590520087274837607321915066106739917382489027078663346444953645837337701824281550273988071405437243261785974025191899359300314123476151900462201475180417220865546472352930919412902572745115533477261836670637357386074066911525393094085389260642432651370339799245886555549427269308548268002522118184960
382 2871231867679002573797124469170271657157617938367465643208271136171318038412618159629675802196572038882567155230849492492772759272286989544150830739270523665522371608689961557562040558853976077908776679582941142548680849272493774342441610305354283790365152279599928952361679790844169279834992908888783399426405588283803455819660750821959195003825158954993896158961169466569824603090283752691008123475855995956388659771581263676622159855909520789393132182509549742213298275519478466190168333052902071428691714673630388947386710657616548413440
383 77219162268480757465941133305349410026336662586784903013584261882650432934316582440443853015423387449932666530949289659892063776292631230245299838650336980354294006314889471610290598365724025010388626210749482446939635614203074026868665195621484974324219815091300980926802173106091675032833373192381342023316823702967834341390765082225107843359059958451628141943308260933517315351000480409021558857080865319682881866612420142146537538772565041612686350683179811188746392224506959963671846845642431024368974325256953480194522524799777876377600
384 2076760270375872529236321538063428288485200882337608682038594937627485303809235750352063435391290845817130745220333216691721742566738102708753410243032456464268646101661249337488013402015785667480586499715615394824895516322339964406934919307956212485816162089709104029214410027922682042178653502480464779864655203654866720288473962561013645379770489997981920337036810577500400564685939093701329500425492119098928848660706991101226134486927040894962085587223796360439767804846829061526011970087183336297190536574021563561373778737347408786227200
385 55853717708557499643089535107981987691247613518595755568111473858978741113940078791806305280640693959770251003825442220893929084397048926653262632331617717772239905667732358072410253650689329152038657216496785412235017247885804763480578321638554770830449079617653619893192012195741410226877506448086591286166694719082489588786816325237856835820508710834391017405370409936962319558059864237365203842438780665764410698049519425941256357229717778865339471596690288277768106448096041725247894569236492525135846853568062432773258279460707611957746800
386 1502180842780536539212988583982793887743000233426074167371130983242451699054883833177845581550713944285117648161699990261431284326415921342784291519856976953056169621251247096258864085314105686028575707313843195357317016782503744293804259118556887866237282092362016969956411654700634082677267935597314977746699737583424578585554296048379179283591563446409770711613847334452575584805516880902295207625304240776559956281306338840195688215160499432882834368706634152893225781095834074136175390789213762856381004925136565342389338861762908477542015200
387 40401430665620378665320820574103548160981610735680351824477925643938554399191729181973420835368082955325885973991040722416757132763033112478787471645158261399788402079572146377035749170560548006636125450803136988120305367180503823374287616364501011972146310155363157574780966328067162750682151738026423906060633159604261359926591223230044661831802953636595314784348905162845283342930657210436384460498051848981961265386100491134787260479841489717333532695804467350703546536266085560880743290129871883784633436507888775453458168276955259494667767200
388 1086614856285895030758613275374238884588383632080195554142668132859271954139455624695616067281753269027971316087539457731293823584303650280963204182870823375548428825044471090012181305605691699606475095172614634554188172237737613674637106224446417313014830715992181386875000230995783827826516586397801121224353863010231170513161362370300984951953195439907085199125994040928350377953016407242435861436537678322348960404530859563158847929399536433112703570342925450910308521292760100300615706369874562895480876684249919292280746677208669185841880441600
389 29225293346743041434876683330325591443887780436624394911141780536694247527379684551588312159163297106651204425732465283413562267291639024851578689291251245963727935715154698361292054597303436602771690591513626774888657380427953583762031526329976022812730985743428342192532330034867665796873477671384286642794274380689284657645865169990605684648465958427012403667490151009606163827928876485421207405685614815467167233832658960854423381330783296693968812758104658215149106780517318948674276459288709760661230961763317754438805032242212874487794551568800
390 786043252034043849439049914667758941278267376778496497848434351966159223043718594257119688028324538975214132119482508437996376479213242882632580824996194543206508603496482892422064440002747483100243497576376169060136324648084320871399714760015076783482553729961573833608582894878174687144095858319632455730935228288467898923841544450550014947213929855853133176964340139464864995773121349352935519098938823043486654917149337931863246410031832451337335532523474930551403420514761087481415660511939377333740065568838718018730593629076848896935025709604800
391 21141622327199338269977691273497605868183438932412962731864886115035948525645576054592798991971593188243032326638804481934211453181419550841299210993643406341186332655788225910209923125590509496403891163166881976992566389857233383749743006833210532183569010570357137707031962356250804858871346711017401694062069928492343428786158446949438515457187247623932414464515793594992789213151045554469394414197126503084640905392442632563950379716036943360610895267508777901429852579038219358907266346467035595797344586329126295660314130825746104987223870337030400
392 568636138352901012978584353082311956177230016514338182226566452096702393312775272818671575050969398680267665842944392070125922636971865045995770068138170120898158906504052729735432061225043779756674874829231520740171651884867723708170662079395686393672434797198646449448486961068483585628194328729246772291627238816876379495756903422468804255622415535709347630456520198003577426155913344163526179981380152714471668914574166902506854306145420208618376558224742741463209114793701611957001382926988792345494031826456706078642599035355742189246684957425945600
393 15294485119893076779512304688909269793654115342781975955619968870363473576291393298453541089709963963419318624338342999984078417771860326700498349044238912441392551384672781002486600946461350641623829673726705994544079804180659183003059392170697480765332780480412412934788125502614247274845525319141282495450978279819116647979089582913235091848226006254175025923368527614342525610373912333046374402401372447139713964349094856564987416586517038486916449502375760484112547821936226275476024369404880794488191203263292890434207917847179608117940965804623076000
394 411376521999743839836472406862541356785267654693291004242132491548791861598107558018875836381760387387814216897723723721265359564771460080371874027289197473416421508413932250586082973706263436483134380860337479100553797882728230516508314949264953831598925813253375415617518024248953988070366485746280892114421731168033340955455796692502565472016057767697860742506316714422072004851432697371101068728610114927067538571982348880206511096275853989575419202416022545214793954446211766224825518271255571830205082356491592586314702292491007045554011852078532328000
395 11064922023020867878563311145622187233086481135292985322700089874176902394540282675016893994386770137650458549916157710075083824948937025185231705291516081422808128380392331294691081262266236283838705843388984459599153572359706224463947826020274695531858218470202125470312081239816881841323400629852507961318240888885165742836397628436728732472972984182634160897195100761697709161975180326593000333617797243330225861441350376084739493721202722064263596292016866113265094223113299134899124902827105731491658340592139539888933468442508945044045254418184543368000
396 297619516457865864982411154947115023422845778865544363392342369476903346633023777954498368773915459756122560670323095581659837832142053365912407562552419924087476666916396576736411085360927888760573674783478382628261654547634184259745302124811314078814268463896106126026227743861053958058977151168188769111715441006117664603500288718861897343151438650278079047511773955743447636221672142168591479636678152472109577990821349822872289028017253814310549201906007642650696954700915280509080048338769032705152320342973680485568726788272921339813028709376646505216000
397 8005318731980994753653466153109760804714031799785367131951096040858153149568961919902381483023498060422222327897115911575363682038053560081815674201735417971351406163075275256415478087033530555744407765476573285018658924711662417689108201138489590177435770615922215002129581161470571546971284923305238445168566697816965993080476835473249531586433811524973367044130024799124942002396970491899842447128426721740524237399210637785105212112868015355732778358068007145297955372607362942880618071685680010724557315596799156714127887029956267327908767639540117211680000
398 215327749081312536707315522763340673584693673401590463754926836136862343406673725723995611628095771461228783051505966409955598237765523367140672356641545367325147058883970172796003048226722200864274811330695841408980584265661117696378202852607050094625317606267165411824909076035966081083412276346474366411321104231431448760162861431030196980889369955001660746273814143278605660737670849977313125282639525730481451355593204188981956707609851627783785191100670569645640053953124006712514377101983577091795153714285726752802391650662587393328931721292501396825024000
399 5791959326018154731150608225395243104192893993126489289671222442530173561457551175189035998306080647837954426377329805342604247271625818583458515593277462047830300127789345472403768788448968132972664314283492968192977212682420290769956348477669437862751326994065076556825307197367930746379969835769656894699070899835074556377430067427406956934225306495141216366205718596722802487661396031668694220637695846772567983850536611312252033234419286445184003459573748498865008425028872956957905088594566219090598030848251277076633889304602853170887231691943097872533632000
400 155795574061452310248369765114629252571551802694984062534832414824537231937976753068309940741346026262521110947148224429509976300474680579069126446995151745366094685390589741281642401805255870935442980401062846963461813390680396880690297171485711906419921319970225409554485408299799586713874993225690194146625445950896650696520293808924220033568212847470012475597544379739678071851165842944313006606868306792203941784357944749496600151327570986535734490909747054180335920501857111278301569028260223864511321129762273707985019630725489178449554723695170896753787392000
401 4190721664985555485578516230945277261527822301404381853737807475643583725467181305871317282162766507395595710636414565388767868476177702933814533892450524148096396063743489047637279612257566331549596834329072752237986825120416270138804931181729505328699516075023592543052439000604253038217548571971780956595700724468576239805102532931365419271182533286839930886364515637232764921658098426844997392116647104178654801449102646224025266681138408174269085652607470725246502724939771482881827053352627959264904253205940791625932094966805948143316860550246240219337470792480
402 112726646494488344871479303264384436684019719796134200646338631128674516996622381463798745609798273186011054605097804318302856762374460463645986768105004931279914008571773494722459396665742496812042713275062125933788960435564507680520285879323831056495457399060105551978605548961466546483882315104583364050796506865021002629026200767246274647503065119141094373714510762294225073864650281037445837411380521890149609240404047250451189577070495437620957894422591711146662099573800609045375816054281166208073289950573624328194519364449040311559937849331050881856342144464960
403 3032273746624365233932504428604627881470129785555959696333375589904147731880484220239950131090070638428942299122402081041718503513716183427595181326041874162914428337213385661555038684973788575231139543503549979925203958446593752634140090909643513227505908409654290299974509986873204168172619482583921627138379375915770894637613198721310844519198356208066334539742315217529898419251757070987362233974009673103532732484064632009163350149031138444257851334654257190303497855512223628533993838675410686347872117442631200789819871459570543773034326590454266498082673456666560
404 81566955508840857488424025325718568970553506940085752022118992639748700590623353952357439385771943938934004636800357252271976056548155552765058974164204591612142777550985993588882251788176319699332129191434301207374451157589928181663612019093832275978376227849176399159019307770685659307846319146758107539588608937619314166224376402258805819302571716392378307333735674471049101230181631808380368619942772434993083718076830655710412449776675639219540083543142664687395869454258902972627183173777558104617459711933680028475096880296928722242184932630164424314886444350369280
405 2194138851654647502576039120585194115266967348900480283449585241913276784050864538354093662558392250668905343425154088349031176558401860407543934844041371068924831050934386998682901374457837371785581492623046346104044500762216557891525432300757215473785722347651439542001382574265077085433095083689681656270677020942358553225058233457040654515689106648982645932627029691787073813672040647396963528497807659496472878822838670423107526646249447082098296170514938709016391053429657947812551678892791989036861836853013225937932280109106608959074377734519107032580664992993442880
406 59022547595548611034472447272860233192678462658045510268721431428885321352461732854237735580268694062606736811595087613592611143727838110464061601201644335827027670827637828049937474897094158835022031539325009701433471294197490378419059201480344217204972202545677804817427356341570177023656488815506087892426735117564443577284462120692564414066896684364600776688423083737362372749687643263044962299380856953726187271164761614296515471067195061523727117753181617232481253343061918025098475630094931135240860737211662413281370886244069352146980273347130723946346891242756704640
407 1587726755665534537166618791785764683050584988565540368853748451349542184674300004699361019783826642708796159404806974756461576846739261486121721638474883935401204274632216362077387620517248735884254855377523841591833468569791457411651756417604697544988098910041985317185162251995059045355286210701722103628031776186909637186436984370059574901983479203293937869963968783247353179865335336581126103076102831770933324327562581370205149567352921967078549242698316386775140026096068659202428575652466538296208902113389439828469193071910888162864256374631277308461554401130425333760
408 42710782189176261189991948819039846206442148041742552913174943592962766101539440971768213779465296159645886973064272902838413172129382782786241394804208790784107234221542832548048069897157122486278920513115882298852767870990661856459088694479796429274642902175985074349491598234571695015371759207418110885825851120031809600166650070366233402624414035625047972187092343507927353864560057897529740775138603380641339641355031977010841350720510972464350834287060398478019871814864921212872301378003633544908563453408620591561682531540559386908236680601036529934797373482681306521600
409 1148955521493089434627393120238949304717611766776008987800380922325965425860178795414463248948492536911060216671523987173016118781156557880321208805913601994438925105673600959896923955862269699907409122931939713963455594995368708816813244279461387394997208179297744553023226796653596922533190458157131236774435384452152736512486777905296912178626651832010646594137209696467452240954048559456622975796720382498013465380282810304314048670061643322710507825255902920847872662054974510269643384778079945283771825778124175508368622168419073515835710043390777099806198031054839721158400
410 30908136303057490901831868818545439361122735926363254373280342502302724353666972925747890599673661625536577489299926967274951340507168054096757671518173624403731348950181523718107213304942257381192160282283725543669677583135497826955014309984913171387352062717234686320093400776826224813873548668184029394753924296754609804676172472436587265621099717346605528815589865389142454619037248628099802445758347240017592603470118853593110170769452282324803502003038148407636974056879169991772283458524831795352369182810060139526525953254761905671230052046934737726384868647332543017612800
411 831469480062848991199137732461933562866148302374403532838964412454942025955213388152674259333157640129576716886181316896353764159015268393389497904047060372606442144152599110802059544719627762016607603468564957310235675797101729391514408699472812450506708194064682027885249999116296923524292195942538617769062254236605826785733565466837503415952960546175952823800136363581876209932513933933366388304350722007290504222666267274208801542964440107027280062118154255887164133402494027544121187435250290031586013101302114896177443931010934682705852164074256383306308888591371851539187200
412 22367821025503122273919948443933777674221833713419432870043965736223058513766720246004639170946224786232006851927973114907560406884972938776114987829188310195424288126292026482505041400792001553017144649115517601471295017173473030226625006124190097523802639961299434302896147926264714336067689487825948016197833348685834581465616823419480527696056286599044199727812885038169334267165863901909408086926655678803766515879644800418953027241428763624179608961466286722056995632746873820567420334741868728512619892611271397231515776231534969621941916161823362945370209438816684336391987200
413 601734482339158255247842469181966557879980995794252848952389670826913619957949512121604931341202471791362950552412758705394040748609537837529241370312252049447304831228230907691757159448736629404427761139908433326081906691530732824148558771796933104382813196686900176167170247023823174421988915223503100906620792431589274111234632067269046434954636638569468788293972913835710036666521128047923573078775192566889760035813370740249075079887548943574574223782158643628369818462700296894030503881502792479550005446699147803206239191486013316881782517772607758624892535013451751693526809600
414 16187879200059640208495364344907374181419834689543814507152396117050956522982590371485356562315690751809227941177215654422585449861512653463773419216779736258998286528868725997083885806351860239333944338220030293683046098302427965700309597120850009687448747390502737055854461281353035982317201003603111928509301906526036758293031250303836174266352392783931552530657524980035285788319592401498682320360183637762555756599234752826430999921476161298346702616291512419153585328540476006705005037902748645449468607647124461574633073485539112912631228167376422497268988683154594318997850572800
415 435490641778781624585533219909367121273858496259155358796930317357421653989153564076679582866408583424090366714498216911090323712830747185884346310103538073423783663636083148446380201492033439634830184265918741695778593107572819719349397335314396751830977775070643904368587415302925376725081658056685707048533910146990893688387974342295954460347166753797292758873633743233417599101076188238106327610007813423943671500925666927927697414068659799900376205182746531774394508220360992560545332024089990055671970449700212667446621989654071649363877957076216291332356039048539928377412673228800
416 11715787804884388033073623899031945935265828252753787729921017494960366537830200388279340046801913085563291301133667261087695919199055645227377265264307747071957136688042342939180161520660271428549972868351539356659109242386010294891227245546964053920345697841662907190688531494866297067788354402064202779529711358177627578847448407555161445039139777096340141369140050960839060131251460428227963052266563251355753195899001473886571196040989119954574272182911416105678335893032567348422166856396113363380931327812997810268205948469776393799258222215050482245311879947380731458316008320614400
417 315186746574846901486478741710796273070619396740744881154075448664538098258356954563042931209859989939397534092528978930180291369066025272058581472113303060402427220389291724680929826186853723740013884049008308495091924871023474876274885180692630486043678160068707886386224817824956170200119478143436210733454573365747543216847153428321164080012167805623750809084260081443604943571446931133627059441932758774360533996695513099190471178153670010672313584102338988661852570590709445421348734398552425369516027183197707780310521622412156350822031802959552510745183202497758857693998289266517600
418 8479459287071192492158337579177354442335975425880062119958639534867857723296975909469132660473257282963769897309035065645624451339755121344977509475860871622822004246676242862665729061349823283910318505552086308729677506397946699074796485038689700982717669172550611869183345883830595063624808586877198376086799626415564141306240625191280744704776069957681824408203898622889156225925104209247686775724682175643528312515783070218959342100728216375353934390600681202552996968572923533304274314030516501560251857092508797960136540734538994755557926502924804231745143766055791306183480786798840000
419 228124597234445832425506625976538234526125047479575345032145676649599816928167297155830519416879297232971013140504053616026303809402051942352137323895661302752419330659986524199976227087165593545528098181021306566769276309452042408837277938134683678580017442626837409636678735705710313120635171997960625087106703020524075210262095508924724826317391705418977674865996965598419777534185961835308956379144411988051675031806035580676100208873888248205924319865420697366736036358127165911178613558228817997227103619235226761109589880817007823836459796112048365679321213182331914685115491046370920000
420 6137334536244305789641889723492857981570036368242713740461038623867444058608754809903584476454084836833989756571777130114055503554370409275092513248088250063666269918430555856383684246441820749631784249835097623808172832040765307909954842242585315016449455477374251341553523808401966471613601699978866441326451793874154023592960378296202957298982103447215034796338414023141905325560396278864383355572271813228321940433519681184768376125918973719729789401790157425208375052907577533269997786351715782997551333691411302419344610412417458151939592072907149151843269606178256054161760875491101120000
421 165116770735438678228872484442661997113157269408534044010712439960282019879062672500907626282829700074987443440781421120875269102563208461783276047871075651216637372303134671248447993293008041014315908310643317259440954382418413152828098360958402481166756898786471261597975453799800861684796205621960062468958303771707735550045070805857774816936147458728156688965406717806404471005057627846061647356387077534877962256272708443869372536850030129064010381346726066322266849904117047389483969435876180283725747879508011117738067004864597038792914162138065318411015067689433020736511929712611649480000
422 4442283452939012455032827931205401229570332032900280897109875792434557835474263783531778987685277881015477468450147164280607002776364214176278424536547492211869370148683781615432935144972790841272891773063536179799123134071270114879092415921813687636468400060904085537480880376390754071353037208967770216729421777540148594852016226480042653038245198578592515629169827075929576245721052594952764677914037038195296299722055312066413365828689573918496930514053218614740506084447488274449291654660528379633187148316601747014405185548205019256047258908333335568414489895752814885076505480639572978480000
423 119515716577490419617749338673095483463920647609684475071259530338769512513625102786130206300452190748907431515002376891768571101734861847795791732612220455521190585024988098045704603569606197950301909202081922172926692809652305589341548800594667226597671325591908948246083323765784450958690597198094310953815876616924294810350405827495794918591804324816890939081776396325975234816941481403386757301743520469581950254766686077778302701484335972916434803760603747486689777155539968689900634884725923661721595714367085836558553922954152367656722514872237528168633403155082566647789228431196795496640000
424 3215491963560642816734845575351264753451152639695409628133305559835453310547151629644907788517666581466697597510036050165221700539316357121501377092549732899239925031396670661542653728445028943297939747737966029840720317498394988764344164666640465512052840892943264243173822349132241379174796233262565421173328980348503973999521743706367741525210582779707287917142267104903125454431060106253752683034501254743759543816963856439659512918932197416738676881124787477869963010314374669788515970411477107492218230786672021429447013774073487848526075422514075959749181203504555854910138522822310895397120000
425 86511426977036122253901387770817994603457168075072289327390633818553059740866478258882028662713266235669258305700735554587331596932881950098949495318259397946501416243859438560315024624186476769752921735218582805230539327154337730110593316711161645587965134454513194393662521440209597132562499683234130018696697280992176704002505156063530427072046442814386365378580306453671164095862617785387486086518998817851851510086394374780704461491449084132332400134203306129183549025951660746871364171527153959035188809897700793380014703901626717018100626957208113247702883562470310743545847368561319922896120000
426 2327572106289983221574125632577514265727818497098886974232960490966938957229581380658155865066227435115943912434729410882947418895111325594923153480029610126162832066137108748409951743612963601842794499780781329533416133583834106293494625323847247955091020415822436192123406125522108344948645794603018583168890267789695298984558656846474549792542740579602026679640853005875957613575663870999223942806053958472095966902506765598146050930391572151339879971031947207026375292004612815295358010639342223492647886098585126955099418510020717713515855105658994455141800496322433413184359647725038017794033225600
427 62623367338261984245927797779496306881475089797711976613851686352254029831424539133143756112826096745684057639311704788978677053969156629852014201702107228473653803990760805480067258270658344873019161094160360605929721868120145090835232980438013445777720204272797294381491238932031157965427722451150578261113438690232059425281774231925924125619867786204717155459415392767693649652317324076703526302459201319543219293037376603755750804935699267438351747251239994346754480790009322416015092451112807233914154278272368882308858264917900317990486927032342525015744794948640847444594499429477002653300461091200
428 1684896686837027992212799199557345037510579535970979363960825434243458963951706260240074261216859012632650241855549996786024809585519546146821973939970247163864429795810389754526815155496361951088543341701276347311912860628117196240984443794944300480720356260843549871824121080711119191527904213221549334258790947121399409775747900883183633630017048381254675289618229498203709159525059218341060925649608625971908733455849712877050508456638899816901008850834274714695378484456889356018506691611032256478489117318126194505002794248023511532008186047199261504758081490501261032567607527913891155057506321203200
429 45332921330926679142191412566140160525535121008153046388397610804021784899209570531193745358237906456796404679173556440674557637584523614015660684011605987497726229647088853154700095132694735889982446943418830299464144303057810604054035753325048862557347321788696849458724804793277951790167318000687673324195833827818814502966948190391604793925581477050757068430765027144590419202236032865099551694432554535212734893456822447322808770487280957110984691083207906378142276506152578590739620398411754665444084471807121474896124830378697392525605586349595549863657263869974589527479658169942628067996276455321600
430 1219713107231503982693786266703809421961618732303961762853237027591384627980344630509826627951591722869697040295660245042851483528352504945910338531151545131544625703413257071695800918338516913225662916098706853851044098442198118859830729900126918507641244509381342906134703999819971206184845055398391217817137479912588638227401903973755880147382419677866950296863665280828592952366633038129251136935626093723315448068292317175015703112842341427165017001745971715798938629374049495414062065947112963545722819939253542989105273895077756539989568449686443921453129884789745684033219863168096986614866225798553600
431 32817478724060450712925159022132438714350865874904607201005508423660307898335730257567643669491499716624454611662231237829359572919084312648954527005822341578735565809575637243992160914315913963096920502374779067829841180575242806539587836184829913475570123692981621301551114249455733928565198617777041951403359407962519222519229469576343055503984531409401599753250428903705873581385126722327870705336250350730588016914457808546129514348168786964020404596620153393945040725609464239582740704342591721752722070413213890635392215194332518463416936766597212365632267237814420439726829643884065253474902058984652800
432 882990954793571738730358350007148148671613251557109879673225113179763091732225136727476595661334797357066206685503735712376414867419429546993140574843800688358834413140802758890204657565797757401764525310086387817577225038161193295391752929546780203713082491676017121778029813291292483670269353921514775656815494001965169749817986750446285994491742324584126012862678164521438781572550985083136243358662234756309756297807943474972599178261007342146357882875437684254624167008152181216771290118430569199898820363275367350890027130887102558620904780557908941230371796890174203576225554884926023122708176431256371200
433 23758050533464234597912078845340400794941381598429324527551774331986756414778294164273280160169777490693556544891305617801984968165236387356812708645680120254990852459034785866385212337242050405602921702761837297719486150309920681655767595789634690272051968737017092812436566584850156422559572487646710376110699700750763789542683028022718372332158225475207737916307463701461766287158935710733963650862957017803571833643370497186321938915089709345734057337333068796060888727823028075412706055123452892618387511289503222570302685883560963897954618978931176749810602417074715555736266399524622257267243923361922496000
434 639247203929903408929688030315264033516740067358471664671343956611712590992563526205092794280102714851917913993541847202397643865928617382644006894053501875428723399584507754930677109714387507824392284210708801103002683300531974000280964939147357130460292876300462132160200167416549804186176149672116074500053549482829558804165545130796549812391367602662877184397132680447050021560083264392062420413387676318213398371384749708785816987909259622313117961314622837384070659534623294784281484621516449604825521365838407627807952336884264640035634562420312123777487475321620922929800367947247258717417395541209223040000
435 17200075162604085728333241558191712289469518150418975087465819268437562774331880497480041790380493470803828769897445971199193945349834098987557183381486656543084313691758977403860134473295915966593252241493241271338514590377931558504512358949517843081715800943056345207661309379289781033924783750412664380223075977309011495226851439575487541902298923418570975103379864885190477682769510568430974058603939131924942277840390296004548760401280430143574464082414394695485708820119180847402638893506470132637046031593925772000805501964655795764078016760131833871248816373498988199871321292728146270884831093715585039488000
436 462802086948085658998617487819657890678825144497076719966770233281409407011277288765791609052473693237633707912495810969548280617608861491155458004919164970436389912836448271693109345467577630696579418288671835197051808693156453011345219884784414364854468915147426977043256828564802216846030183198412482178367239602955642004831208786015624168507723354250563119990877268082550826451284660278288324623409913599079310112407021608287015321370805196716003536390983224030122435690712415971126246826761710804365687415299173808986571885029081629852159675410304082294519305053045642203739544209509135777659096274882723566592000
437 12452705376264898840204016280034332064317731024151728182233235947866948576412744798230530138608037446470787376302433886342876533375823333912936017982200757322384115360773565757334161346275272515723147161667922194338674362894861783210867756127236374932528940728668318459467007617203543093947172013394582520716647696137255085868844219255436286488111626338941131330519673359964954350913040564326312802662159445651829039456850199323729034459788589842644662249424188135691674779616429933700183614362286898929458871277506327904466799090335659281442554435607293109840116863752722416614730623336295519298971696950617606310272000
438 335069997279920809803497954201959209039478110584687292828515928416792851602207043084492996120068287900134937914549604110372018748017017205038224024571593192799731974195016520150109631245211965247370956514404024379961140252349639140549835619010434876229713980627696309743736092798201639501107466194711244289219356870024673521086287327153372498232991137872149281771924312993681931251424066203281684481384960646854448618041260216166901251233594155803287933378334600745724213769898987466789171480069951562922052850870404010814903645865851367553308621993170844119543202383975519446163785351379898749405832910861303752632576000
439 9015935170374454102917802148204231583965347041646306592973301039979411886959532597654284123576904778625654095154873460953897089250063440698747329014290056323842843394784845202921507334293715945480006071440966318449772415120746321353576014839703115428993275003111906478823116322304370020144260917860940839227502293157853516318300008476414501329307995536173945461465374498258468180331371460271228725956530108905057237853744302242728933529493742021359992668751517252927959819217121946894246210147581360217098401007120298295226630270881839952914674093166594715288936621563523856864684955551822290696431837905200859601287168000
440 242599226487468448036763078412522609038838783595190911599045225018711331380106761011958325615948505084650328041850973158155518712272346077396752780416958215193992464449385720989015611456922324415099043207467263990589404045803096289734799962787870467864306952992026271716024631045595087395159045665612248235152852737842016724670051071101211962272060302582834857610806507113686362497680633181839342134336481677330717027992035911645355409922926432665472471214188862266477738000650609790057913490470069847464689446572004226077794251538775968486799935612544752128715775216205729888672835585621711885541789667621096251945852928000
441 6527868863938083455093235787740450193708027815952299703924589170539346416316995405149159797879118225522872312348509647269899348286490631207064866101982028231471944477658451162377808187386369940602368697902528632955074257946169113713777057115129784276827024804975573278898750039736738210861900404395010890497024738306897982856111124668839634853258007443071726313908425744812170197095425906140378065727031797709957310670671717477077984291194753195918417720680359199698499152575918126943802050249805891415257082119524531730188769836517902783738640760944182546465109727817422192430052299311011964553775557569171411597511715584000
442 175653494339489068157368249829200018714245695298937929591100779434888837235558643736655646656841110790809801489882871854507506195409191778189611490408076529286112710921322383488355263204700929244084052756138614115103354024024901709774712503361545179720144388491313847082904009762798002473255788044445112555265010387400478249695498191395911609701401904317970515259904941350144994031020483307432868628769791797345982352200370901748557991798087331333803716077262045265253780173760737704252024687252490638344181583462442021585716498644092683648170068015493495253305445842522308102274096482391521924507980060060713785231830826496000
443 4726563682221511628418923684475488299684562454873759309175790119809050820801417694238819375097793449757690891440382379115449113281726927435466379178874512981147856921197066236251163661400512602650089068202469550081739655984214112187925655621212345535100776189154897303895598032576731187344692389938576764670705947854476348460445528693142049457480654361598862930052853590257080927078719973831410296057768021288085790910902339221497494652884665368239579947693758694763288899346200360315759146071214706957132745483209533294968811220185364878828454749854178970870876514254253796269597865685112266169659626430788926245196299107840000
444 127185489510551975336337332212674019158858067455438141105317440184776989457455785567708473189010336390046113446205760667058271739501430262204632702891894918556877937601018110469047574151398702738185441413420188117833165628257153254670134031290849635868667031111474143941371203804433214752054664046815219488974487297610725954718554312573352276019096257355145371354866956913156597508459607219225891896228093760073587592757195390835327587064489952879418526475623806784957467248743054044330061194898496376416881187571745095982035097265898196123134172843551864564858179821188964586556734781494425235336945495260911127136870837739520000
445 3422417085844621613104497344700795271209196164519205459604404612259592061982556834926136612139392231709052513384858023449607557305404885562033457377524748856315997406972343554721351386622053899303434757737831284942608348655996524882991576656969091587845416321735792456912344038052047940228156610127799754135552151120227867629957323754799343449276815266052483125445978787826346984276419689565148482461840813726862031579876335805865278201441728507256481435111381046178037147143097595886312979349682170031126906520211072601110739424757438585457615268020342489118889529494370096526287798604615721619717661187659125991992722545157120000
446 92094057437465767450767183823482709606944660124802246930989903837135011507201260338247230252327383188255181147201041764545615190107562146256813134830387458547828136592902952025572952128558025353765240997790922911624042721435831381468944028856498278542297359128087280967387353739320891530987155555721051758016422312896274539420480212894733469175308517842803505409078569944049206689608061955438014449567721051056531307456709762273196952663489317280280040031158748998957856660775535283070722720636046517478576813282412169739105579034723520157119975868319586261666939621685879269518933617950184712321802777937504445942414774460119040000
447 2478184103850233878541312750695903597320333662279034019267413368958932947852722663206791370509415044631316110731184234160364331038994587492746686542008024907786299008217420606846755933996932214186727586510148488755767965381572285566852785072821337113652438861627570498354299886213994472829797605179513864463543320944650385920915942828119465970443551357217105250231982920945693599020618053656095061632685524933367342141272362553793071353223019898565759986575266441080816739370383215213063104648608223002091308309153135287167463488744576921600242573076889800905335242984643325975270311419580059780088222576570921207189378592134246400000
448 66686634357083767955662226746008853965453070770519147306294389199025642545395932463260505724845733799304268987744960554509318680107320656020213942841656180870347575784766907847730095982848398016704693589529136351217975271795875434980697336602746233053927403561175621986887535108995296060731298909793623080240373984147785972301565444383760258959105484023638371597409156642894239083712507082598952774445692863628836111683002695036630974305657847973239561221199720699412006033204696880710322804270527419066320190869447465716434793971696961453588375580928459463919682407319723702940454134867676700326418018622471560848294500802927247360000
449 1794515814665671861236630223779749312845028760703745488125455907788333471422280959327204559305730973009261226416155227284916356641174055313122651433806944453643866156394143543094637413347562325932042156903384772038064641098784194812742140841301938052696733746634452746386567455808194274653345083776664236165477419640104359828474109412185563270104586947158445490902594532873956848128314053381459617725470072258780455132281407272303907054385361072562982570348027525580436025540709998411273377929998381130819571200689256603206622827852273799461207031710637837312985834504018063732959570276961290846448568317618681107894236053668936067480000
450 48290202263550830565867284123925865835875217316182220146705088852800749337560566229395770464921403134555575072663870785102338294745884849627486670037824190766780266354682553299007550881705901599094470273447994742134559977004178981563809516396744763647829438925469755594776596447774170684822380869881242915446464425702644173116756786091822554938230090692630356889448422872109308100706831598363680722245724601346665137382821046221512198026582185902134546143676111669362486391163895006716941329664353025970067987412920656400247958576692372138074655597391763876318204616891266576721948176154742571310821249227610265936291259471658676120880000
451 1299493130899222894901726631407551001772526969810399274074779574875606814432585288938014077119998712317486417225072412473118141696573636869146434086018243710092011596580385587582782094762849077326839693492534932339747071716781490803857618135819494468901921305430735771346034187919672743603180265922576075333254160573833545163418005772340448285337468079362890175827088684049531586222783910181570622249798217330128213791654468716846666562270133177875318500975151817755685834831028413782189459210254556835384831076116133929222561359304789142303771253117833750586928583138807149200686181915618535621197994619524266169349511497564885383980764800
452 34969720958334061282250544993667271687640002782268628012282380905186806425576954369508709235434099237145168809443978441106447142481798410178605943753807976961128995602767607486280513893701467374547604314126237786428251370595281066458092889880347363027887758335460000127203332655963964919822320418342750574720240909102979647579754575418503042028727329047972397295379844911803483792648869162636736167652966212502618441686037614547418596966839687554263761636442599823861823934984341662277688809994646327556136763647916568421628345426637414038219063416108106663004948214415530958282676602557394612272892507427249897577619350524673631125972249600
453 941051835861804505890502074610481776091491679141980235885513788428258529994619008438119450390353083386851560774071195181624881609139238074314459398642934907828434798907722848174578400741338642080084049648192123373757256133485165192026520696712576497453618795806407233276501603319148318519718952899563879364293000251630382420905419799345298478613987041950271010742157843057605813227846588211954308831028420601354067173061398346537260595299698317949204132732314711279020920400574824953372741262303198880363890890366894857308614311149171161887072976750847073730290630722914280878581845845804300853790310833093655287006544148344258031126151465600
454 25324338638484368354124457141143281241411693718134352265317903367696147520753402007462632525155496284380010853009027967754659017440282438844842299462083146076904683834006779245998317268380768388336268279301864734283703779377644945727434874349740650562894533709325336925221163126731573206403127263394448041384026590598986444556928351544285265083682395734445012794196147533312752605918754966472167548977908274615569351095327967647085382000231352568922892943555645336370764175479646409966372940574886398168459983408343767280414817372937484773292890739124337790203442518839747657016817781933710568848183412094182526634867023550388794223117653292800
455 681499985379659824283121997990117541172929259227001868876083712922114737925071108535493591609163365307484293317160799931061937651929257922428402890479332206798550186466766750223134392073412726837321276701129420589209980941912656852054978525360509757140407273481130147663854041310271689560564591513038538141012448373227935757028335628619497903353655482401992767779429430523455633369376754113225107947289110956330913726115461228224568481622636267129782134161390067524065643804037180196261871811601306142390368054041957639883919973788158073090716188161696656372704052475604162107655698393789159140826199743053569075920662390851663590404026254668800
456 18339890907387569925560958749074039862476907654755129807403538279833471239869646866530319441575259867228772899739447361370550906954967322604551793952553513841735057829476951276158035496755172600566628963662325756566471218438916015287804632075142102982612725941254550072262219131068556990622562422985091059937307272555987523003732567010827424004047683479164275147252034508482933531053693378844813988010813884563633128394259558108995046078629916364220897577459418297001022788223125553607068297518442480531793800039412164327120443312978635961520433374326377869994021577594170459337276930572401393074976433913066045527296222541530684492674962390118400
457 493549583619985421939383398270254988906660384970166440040940750298478184005920106701581792754489144034634929813212979121512054265974756829431951808495293243856216152945185662477592075102224790338032310298470587781628469841659136659488417454672033039589798725341320254695192743108612481809577870298476253597485410430431709828260431086687986557457065050280839996404876367840855624059139522738947310908636531624118955297132057523724453215479343343907477722723438777275047918534343186113523821625637691022550736721491788273625329147371371610166042172647266761427778590344015038669986355414851008668596366289164630298258356526758401051511547295698281600
458 13282137218983563891633638893469804454807710295898092944094936535862124877709315334981985408716400527870076241909229877257047433676584631568952126568567707681026180389682459114229138159267381430297327811571584248043959226339175717987639399505170918113687959577964902855403868544404202282051274821978046233296404243453798120295768225030102222728000510496350572623147755031701872693789702429309908947897301847175697270908292637673149816609274843550181987508543996499896538309874821561505849173023954161086485242541324404507984272294678440483075040731117570721126442784632867775252283610519394215079354147848321705675545143889885384693941021619737120000
459 357444198577581233246584418830859823520922423080444462832278567528696701324806111785095728889746489012626307622148758060832801284704131624952203228099422477727531136359815433264975552158500123870867538066961920605086726196168016679243933660428785745656267264979444787748085447500972456573551598716592630073388641243305562683293763268585214587686731272802291252333753662147444741428708122832886943704864859164820673824852569949602866163176638153718111841260327242096861674842093723936742404337802258742288695860269355782702354458600185435954350054910484773964681865646323199221285594873850862491836841046714121730664639178804545255717032223931473056000
460 9619481117495646859712604329879421478622727836546967742591504086138177161493468667326405025719270323471279502684257820808154627359239404627014050508829392895408064843618966637724001178716015219376562294823949749281328163381972753628045171666382261494465596169698828094002802328429984124204327079639250824270044641183207009864148072558115549281498526809836178550337932167344741703531769486919722915207640672773321370826880086861931482918938755516602689627130089077597242370207706527501544758644378295671358910938631672406761863588442561445617716054527101685685411279402200231529534884015175226799016964225882663441444823859014040545932122812367815680000
461 258879779716962629363620646077199890997595665134599698047691301128764891884557165807151830985771837252821529059288345256490757591097154032472920505419174589174424795422072539113105687134911112765622941342801505211459165757197963622035251295814000641271307188430512995102263469084918775311000199304140588525877084004902292408351406342616323075169807753820199487524909007391838718400113059292929952029868014682843880967858954855182173879667779198100237508752581326317272424011590118474773078172876071697244185792269801037843896154160526539082110680515032211310370897764576516225958124960330309580910988946514728116212275219536736378365615351919405116800000
462 6967030167442238700338047082172927464644678289231398855747512019360743245152689991297885492752383449874741057356227396585219890084155517661884187369820280826841105697638747763545442117934113681971776744816416471176708187494758342976178177800335844207538535653400719580681496421832836161322388792820123926501448293522616717331032003807839146177159701813273515007338946173402658716271058132480709532608351386843386767768988686868945800703516131976311864142928217909540493243139682376582159319634193286673404843543062067451326765852798754914875454863509796558192023201838312495414077822137912309008218326882731080849112961306386243394202618723956729652480000
463 187499586856811727546425906187507407393981972163543125075684764794528919360097100195768615308487250811201526129996347241580667371485180796730141477997058773971167527761546990997835185348320391790950443797658235389456464841179257355213408770186530749233014694902702883136269456045447215758916758740306545912945837315563058657422431788511587516667343002465149294373090723165452391034365411575999408923347096756842671443479872220364089001664488278552135341257314820902129780057785210531679949895875718680526498473501638197789047738393760407818648626892245297985486665803696061353273229350699414276382292658032582327806352877634528555190714906691606361105920000
464 5046101586889960997555940842560240589854129322863414389899770159124449282568569205601374446856025821340053631073996705117200707468505134292088637841868062952914992449127921857737026321157697841877560008898532456559468608463422711794718152601503522224740087206367034010405275986154129241664089210912564273759653591848721874598038671291400259451091207966182287113216069814256496130116023661181699023759843013209659276756240015567557648667655933330562224483875697715367612392949206033707666909929490559949981096466141197529136877695472613658181913509556780621347679983774195493818734792173762716965522712677784155131822606852202793333971407359855458371573760000
465 135804668779911221972759327622522981522767975506261072972072035771967395737020885419074057378739329846371283240096870677732736507991509591626790937935211936664956601949255053476430882595030105160076169398361134373301560595157347081177941069740124003842172927466808125023357135544799990566625931635117550146980060219568624821610256382813882747328849474639526850364528123650284671545127553206507969273518700228345448477605714667777292259257247042394461068290636159622923056157365027023561907525042118831151980485678721282376093266044840414552152535553311527725765820802254564294344930508723962854830438547445176691287601700789330150554200179830931702256763760000
466 3654907885090805984381565199015868220524045641794842926173990744970949006097706346950826555637497592488909663158579363122036937169971566748498224367109749700376978079743286195933069343458590092679149789559458481119207561721516522586625841199469387071843856318517712957352168215358397471061690514172178383527118652903753246588284090053098705656734256841685083446062266614953451731231040423151252225198026142367526753809502781724420381853786061650979487054985653995101496090357919778032534992421519179863403188612007764336784450006704643808922225329684066257617825322324896183647498087823387109702282247338101822816910881512924915163440810743311863561141668320000
467 98365132672722157473784460911295720703738415372356085777379058878927108316549243803704952831963858247150293534278251048224281116646674360802575864017065254757200131599311265389358210929483247781371304269846860566581198889634650999411160723798601331398052560043797482311693957537957208467835606461035661043464866951001754120986756875160309977043845885175394004150657408303489815613326730271567713941338853323040620854464955079777847593617854668262698417117682558467153626895325276305726906422759762761064270327556073418947353372410397040740878944712946951177562470928876895320306975591803779388854068495905732951037568367991388930484170163461577737828471456800000
468 2647335151570284620376703800548484916265309472913662783349529363107354451434691827472823568620870291417628000338458653725882977068228605151461919398240939786074775621600033624179426027068042534114628527860913434828368306495817632296117357457760612134113593512834006523023139473070352647051853148903416923381876377527424279880697680294262855004506633138971778984893933684366164481877290807022619988926943005682485769746553279452657790143732520781679635143409161023162191241709603041650377129614534830030009955222469386932469525658351361649417582868412090186002612722370892632725826819677261487787886706845562730814139626418523035137786126851092013193705379098880000
469 71249144776713848976782084573866809318136448170377937735589747274370234839845843766960644130612030139061659209520118569454762608374349370475816556765533299973336227534966867544331993495188392246553416041199106092949699095261661026548692456207909678999348637463659841075730517933308353498502611571280651511359805182237834359080501905725294004737291910548351686054101625139289962576570486950892990652447047180000869453078171859477465813386620657563253718551807000556221521554102750106389479876178465986654519866708951128992670904964027328653653396290002159902028701831692595242182215878851961208875956953937496340819216778999582324012031860820536461613842448009440000
470 1917579409538551760586638055195208595667430660092422065544025992097236219166824311214807352171872727889811646699208885838710781742031275666499341774234579277715326653178899708109787038853944225487361674871658647535259920697807522258732986431684127632002034453559390056070415579737721369283870573308682295514682277212774859535857915189337797108846164050238737364748107647310444750471218568333932777647533415882857448874461979355662812519081248226255934929829204844056155852971480430079101281470683648139512537382960482300486342624369199395105911042354642816591663097279462880805429476182270666223532154363443581633721022700477306950238172057759410539136213740395840000
471 51609543721397967959759015981061665623905165740438448391752685424810471701393066488134570147187463759365604489360467576545448533218469664010400683584145715909723103866423358229348209049650218620466903840350419640434542396285493923475163378187137604778711712341650399722619222229269889125039335460025813454331965979584171172882400633864331076361399306419758410228177826120638480292301585642382440732874238377103106791853923948340957645477678877945337230002071623014755849128474837596049825580461686622457455634332299243085187091539230436561597031714886406382220349473365030589469190841057748512127207238118540709584088897475688354876295018432592448680616335912847360000
472 1389023612568382178386256751127224029128709518448512064649039806352994664694951026772069164627818309560948177443814441195535628648943933572337462423845239217070166848831070386380866559411958492237756315446169930179377573262543917280137417910224350166502701281256496300584407175088781050698720941329497528654960091503315137539737025955427913497462345646440936029983924625556049558225810315679693470753020092221536624228551385432803442825082940949313283795001831015006139774466371549568769006744437940269220314138280084472827347197292572530791168155856557363124780782171392715987251560028442167033524718552807406510928071471656564171201290260358208386699841357565583360000
473 37384551287982738219379528171594787104820477597789698851617199773310850452070186938245119852278440782013079523652852747038359126775697950746848363627102041617080854579171564734330236526602165257146074349888256149972857978060354547538841601675368134863576556051972643473715158943575405764892281468306876669281770760159745525180610579271454615543368845205727597168571750604400459004699485324888170881290073015069817560275968554968383250701275585489218820270575442341635932803649978096624378542967363662869404415703926576738311719766339379497820072462897284800825560242887670990506865924484808671619410246493682469452300646943040595418795357708307074728542681778301876480000
474 1006184536230372805601080054723709181383642197820182553163373565647660271803136112873853814087177989693146476649806963481388998136052787827921826056222091744008498641904072076958115115281958809558706492998164317550516552238363263846456356231050632391309738425520379332451361397171519566210908041711329970495740221669006931703909498250311371038373832227465247982351672841465816934320671078215995552094596262226363085423055184753678789754298390051198113012629612145126965104742506607874136347397419288992303191457296104970942621669789784103180434694167775144353184911839942683100712073962861425496216251436791691828939847922965146002114736381367502989490309691592841955840000
475 27081082151527174097640883221879363432481925279148673699730496691297046244696998930302814543831219809298458367640213618314887454208705783904737335592121531581009806454351966083806990373145834110131375950760674685258028352113122584450989332375063978652674406883439011402183477283489561040645496731975500539631028665896416270390916584640372021994457828853855516113608576667127696440073979735688654029011591188647205927961701995028390374761899171802119446701277947843110370155448406191641165793719026481081566745970372523186366525412824305666534234833013963027474121114439977574903087769424846445692263824338436638054152407691865423500952509707620557874002997035386217699840000
476 728882106076279798876597950227060889971414853986506049503088620792336287006820347295407600354427682221007607336620158428900826619971577926984599951218929411972166079929940344828384981320396881260901495000136933201950726400438045186310905496701927497759060765774680288136622384988698736900163459074217312127730061708470142855659286603626455224482328122049936114568155016502289106968248304951638205634990789792960052637180325155041878943983172942508373196455906741966140782961890024924584954114477037932956316013029894286250394716413495276213440623185222968552322427666179961876151219873806868383897192622977996678708491578343630822565857069087175471463190231531873709731020800
477 19617851733983050840948784814160871303503352780131947693099282688492543171627638192642554705247312735643226509689992556757351268595402829950697294797736847412109837256593402809181386017805101678706088841452300836107080304999773051448761056953037554373345633274429417340405836730691203280223494334185107010516368484244032025927054150753971536954834693515757819388764281118623555625381504906337610423917180752667519737781627787551799055148898577364744383871769538598560065382133335038784068158591017842496533811135957788658259335665886655677195490334178253175856021192614774853899182370564970588313892335191301494320409022106628387712705470528659538479033405942950591998447001600
478 528017699743515744109082105198566550895795652372313616501462787674755819832034293760397497950827151942050912058665065757966604700453909333269008400700554738959539551601161510283633594938896382481455920039767260654254157250615983825345462555712308757920000965176408786320517798008861022527103413008188756771351331666941397791577964122683584754758396976219270748044347770901117757991958189941569805066339443477003497106167747265015130886598268210403547240844864766611013180578677261640596809212970350972823070153624510820771466826642370461817772983685803578161506107399389072058569840821900036376325965929351406555858817961884951526172431610302036006478038758033218576270061977600
479 14211776700200181632599430928940177531428560962923609184421691844052080330044257364309974131943513273143881345080901175096380815560808962624410424294867251041684714167283277500701010196079264096798427242018993046213144870021357024731374357378170321724197567266920594402102956719487391913143382723906121161007952716793559879963949938369420038923504754974424821146494004083151081241601940521544922394654025908740680697064318301917738808430709283556570096926188562506807716917768622217610318437074465706254204083869652729354404741637322878038659291027155424473356461433343172620020851199385829533198576517076312451231205671794624646011954278309347761611762391027524241167721708748800
480 382517332766790067878551852605321179694973587388425260828663988671959403474404856099079558195817802481024861564033765144853130830595240959755300561385456396899079627844638115653298858943832896456993242930417500728761243281611464623091105573926096912108493902679606142388200332246548071933131835837434097143394901525853501271043102260417623031902883826684016204411666702157747055816267611977717837702259831648092614807620131389722773236935115585560186004294069468647810629993955383057624885087553776010216844853786154821741803587676435334580510317483444302894075459843628040157150028514260859093030751699882663842887287610684468787927456680417009746081809623682972966960773237964800
481 10295719456692187210282576976814336201711441112157537679991926251642750388410647158349001198630062292409868803278193769935399485197882192942407909464865913570637688313756719131510460765939888357937804709561528262353596397665613732344352870443191426497596733389995869699005279598332406924834799685515447802238079687515604060675005545976673631352967099646469621977583901867638305667086304606660842023275606859553268839579986002497569267726049137341462153510020105665028744227053214663216692163735004565703477629737547862838696887153717568536958296546477218825333490150271671768835800960182500917531246574780669385002226952375031781717341295705666999526721766435693687327902981728902400
482 277118236904078637076961672759827314600939755007393152995346333430979095308546255787498834655724382100448739169473658904276735355268113525882062899961561895210170652774579747986588150884057128355512955011030737775362453388216250220942607064686248534484405478663325255061062312752964612828925391878167875527525374282444364089305139783418884848923654047614550205667311396275437372770469290239242192072337621968882042812659142310744653280816928784855432633826128467849018354292081635337649023571455152800511555966661734075208438532033428434406131353043116913538276744173796989526292064424785736940035892404091496049139382666002275536535117208201565430907088249392131403159678426627545600
483 7458926512473869326216176300638794562110308838942355323725929480938914670764152091648744382935513131884932010431745431993435807185982075405364118675386954678857315815297029735366411126033791965261134893677289787702821354593422424934610236408530922149383737750991397982478089529315321702217518876960708214148387111881845870775233199552724221590460483582524844891278688181975349714071862537095462902019291493607077941346984303757080659382359438937235022569441581787838941765564579468563290362556595453919320910937584777419073144186209721697001306706578978843526567042679815757493067219586802214958462147722792800702051934695888934565029198448193107952275632445311943790280649521341632000
484 200766085772760751992305181852139601107021737827210059679890938887768925712137956262656908065056337478719640868409023534160245871849107109463013506418726486113498769011094287155689983394478476801996326177059648296603335889054192094915540444498762291040532834124307797974110816771587875638091770660951614735285465018624327146646534305422543108082532980906082258099437219243796739893894851720557045918751970413544826416999490559528183079228333621979512360058676690624952915119879348155782717692472623898434133649446641274134809182525158785092626150089012252655176357183622821776957255162052940891875029161494185954508491940725174087890795830990613991661106117734904211732033857789256192000
485 5403898287988694926874999332853056842602520509188690642940071936623195837402459381662103193887475834683357553872469002587626464595689610852480204983964727016978531395163433240924874146470291559267949750096475640766272111770455339372669553862844669858554485597155996704091854734069345999357505600012414907372548361759090153519328383483365200275929790288266707164552606839844561745806183638577851334774556972074555120943882643838146992016032608215101082420893153257225073400741740498823905739478320560910219684813811341635959361893805962688099337923613967989284171299486316471234742586133994138155254787006445062943695036236787603294805038621426802204788374759821333432519334981114598336000
486 145454365332925809275685656900890093560432745560219633247588441775379139779390297316446853324020285403285166981817482752771680396313829565717476065798587655043225610351469315653695624397961454335557048528988760119336118684196851456105814817211947380851601479990000069208866936251350179715714882817056097434252185340014406082687767521456412951595624915266573517048374743689974531571016225125133930006742522076074786937013257603728975514255616402291218746119251224237897843885436349018860619598170176958209779546395267688866022858272554735631391861914411793470879809095515131966957387444039789204353542678082356484776388037155695049314125198804320325755130764761899177469314899855005917824000
487 3915156448873924157659776811279677076865303539486986832450344149382464270127723705627992789797617935271052611574034823117642774839084752859881935862702089225744299934273343488913439356167933244886320552913272036556216516248700759854221220253123675164060518687374533017638442199945479602410310756026435637389742267209515085207678575292457233055334787177613635614859527232125956759641455106683220914825700833083145822464033722475239781574490457895192113897160255169718212265622639177197918700314179660428219906085179095912694844265716627550265758427456366580301242811607807561362966093696596693964620664396943538622480547445034001637114282173484409917876559931552250488723974958048561590784000
488 105383893245988226938415773424362148717707868449955057322996130389909373846902975415720471027355022709751151887867647611223096349809958289983571017257223410006748338597097735035615842362344877505717582242986733937822845202849614459109372966297118059766777611102555734289119791110576901774149329746451381361833246272525161002882932011197452711580046270140694889198808245774130295080569295066632289791114104750977932582159614518791739618415311800804061422024073715256521304730349678086456395598085742046828200920613516042224285208634535887808845913855820620771405516150479535850573315104596372340080779604717431534426139719630788698793629454578880550970809994721664863241231096234358994819072000
489 2836626147535281478939123273199327159841744115905897950475482326711614849918458877199816974801173159399392546397963183832596062060184419476561513601925127540524668020397013447290774039691248541462400962752590051009746098789876353891437259945504725149287479352317998829858625850854918112228208007841264322197380599734977361985418089835575295767497131162751641320484255939798325091363818574356769529628942360903239038484559683345026539927653636783561396625054947048827229079089699523046252901823462897377575774474018901323877102718235830666220451992355397436485925849818411799115606496112144152658539377995095962658255233359400587951324206418643374805075046158652194969634364775164769147967296000
490 76354159122279364277422760665939185242363108156873071555313349049942378054053187920705519894760856696625766619173414071225729110609976975891151139764674996519177411420530262342833713828737549483531040335739036800126446146816396312677706031578930720023660785117022070807560450431793268672425047194486690828817638876412824233790829622484046910610572827275663701557413444854746703820743350493835005152963183801089166027423332141885354446999591806322555911892281677459859046910400155747380280101339257932771350035189670215238054217413984140025105797583496049611636384137248810160146823444361034690724214072796816519808904319328026502787160939306275066584916869757114578131024066839247692962316416000
491 2055256442735116122515078030429522023721510044526073132434904082856424172521259517402624870256042733044004105860804510579758292203685369375011694150455266121260356054331139424297264055283759998494556430469620593922241995100677489268632109714696861141976146164390887011669736432842088145733173025860915067567767582908305015721806684055620485170013081150749769440249241382918687127898079233890110349011905409659567940729645800335918587989528787680793499617635015654984203800935944987924004709688617565727191578284020847544514533346763019986911916136644151906702900746044473847506257172790518091747460454865890106369170510713288307898542059542803281870770087218538852813054231660750991597432880768000
492 55322532109179535006215073282221612968272383047475656920335446678144273876465353681787489701636884523183975939761104468035517024619280496763270259082378768057563522204043518278215161052428660790336201306331488515830759142862324130982281668046937785072041160152155422740272643504995273094338929299213679760103631357051349310720703495253331686548903605000290939310314920407104920858312863288853971742620099543704832513518886869345579892121149400458866275746562980679208436424736922366679175645120070781153444999286186180691707345345535131312405339944519746134246705417323388036213956837397557128475985992786790693290949580237462378090822759613117222473854908172340212349234959143961383403372388352000
493 1489158008344293199588156550723429333364704227198332273553065049951129336675292624895196334170735319650489474823421091711225428039464327727432019365262846265264332219015296878314447403848725655448964393678879441104767039880955786593053359763852319136152507477422444112284659842946129117811872595224698385187422697710454760057592651607149776502161704440808866045272044051705695381254734587201830234456355062236773801115462053066040066146496259244524486582505078145691398515983048431400382935630911319614440355522870690657798826230645161843996654350481018705804397841815817294557664718605937200721470557807879295714956158426426774538248927142763512434644073938789830427946261573102838744569498885120000
494 40085029067887885001316805417810301677115369525567219854701364905476154644613920860008702852728431702439192696136526979028691953648818705476074433088424306059069547966845010378899804636893892050125867097498160398748652254392556401479250352341822919484508775712960860715249229427399547092208865847726837072079838000271231767543448145773314551833962568540522009438480503705369732630336962621011905329963199414004464991959980730734566234686804335403973512864456456706392318353746451975180749179808449472078982519704758934129356694966610869554871027694503085747733106080893410253415377249871596382393416307834534824163085136980324768005497242701395834188798179349714736878511115610572137272604834908160000
495 1079012070763302554524476413794960620114806769599303573063263413715180442390996252729310595203083193361925592656368397345201434997726500785106596112337541434033151830020829308012243834526007282235807469005391493228799962160559406989515222725775413061203150834756408899952824912249796245926229383368893118775355745306676284381304119457944819927496162663179978222741439691164071148961985890582139726128797188128622768845989738286741039003177369409123823758763393446902567177186418794500541356307332898782747879363717966132162533635870253548285710379217743497397100424054357439007545193819638195989750779830755058551404858117101191226842710657592428658346619658403947626747333821346116216265388571996160000
496 29045113055007348657625292741142051693878118692498045405066655232980690444288489102331361162230668934317016570694317626474028422182436511617064888763390403290909332882415260311333756605316382264755464883432613479759610306614282072248751853069906793032067582376360123191339640761795128833251417459348227722843361014015365811766020330683339453501983492772625587719355658958298183292907040713792509728024962846188404568176296752809399076007250505174526981567560457332500400574448983549046162188890347975510152073018733363578370340541622849401978253642271154414424125991191305409708113594439926197397755155581322433434182262221263645211743237021541696506893643888010019430775467694310259198345350952960000000
497 781848300661791642403695402856531413533721550103326931774165315541710651181148790808133470878499484908304481753072716739337943248563415169403840894525099847009117893799178455086582244949595321130433064160983168329735349173826125776323346431467722925001135311119767996815619597302855255337341722038685241710963645460922870291561400808482072536904226394480929583490992424295186054454770357950546488488623918679466743980773020110112331210511312675515728704179374946905579115639323755135713853977277036514136584615472002782842310216726555918111898469176416999983649603392173912390079607633262161851176044003356286372497586243439770518618558558004297630893589389866728459372486281373246181276449476000204160000
498 21046242412146955984681594134832676618504190267682221685207414579496538281409123817902844125262541243085289869171830083205247304965045937029214120398696995074648583661750033034068435993347941726867359437331583414888873611438609810811981180235747145086342500571436121776534038309282489985920892835184835169755413137635923709197935581934413088296205102252771899972459628812602340362123282590290180414502007795485979748568866039149904001051505355990080803429294835929993320811239845800560537821025495894330924494854702876814456772994575820996458611783926947755359647608705098875305852777020765964813213086918612662100552053685643229937781462288659312218548111221775957357893753415820022469717983579354755840000
499 566538301121093499157732932303555632802245860413953492658740557479345660406812049874619196944485437043095732104570452576033093806950540135759386519998666035467681259139476936068513326271071426113798903703689597368630988001508780977981714796200717644276080550450395829029710600881782868901919425334555034167344874808667699348890840470791337439492315081209440011398760304172863566215797142827973330247274446160068735545696730253239300008421907863512049577202930731002333963018745033175557919021994492820032810000161855616645671629448338371110615979530952278249699500987425105706703816813231892995317501254791387786223179042754985013073429597417134396147134989902800354109468695138684957185101137878798808320000
500 15250588705820799723092517738891482884669323600621874416849311007860088454393952905914661948180195212844410819261597853770405461108360893937714970268350365941865686494826064199600872255555305836561320520897966591538294230842381272653766440050541515877250943831289166690811428945906860891105598312685616541741036980751842530292095978993718223035797171236798864245602897686619480941394731727084105675550186537911498991542011510130751007904621825823876716408824589059271494316169565078415881547143754531361335999867576425759272980430917032043846899279335285738801688148438698738090283711680106184064573324293009374334298171402061844080165747848106303506203890877743544014011411936578745904094664039180632606720000




