0 1
1 4
2 28
3 256
4 2716
5 31504
6 387136
7 4951552
8 65218204
9 878536624
10 12046924528
11 167595457792
12 2359613230144
13 33557651538688
14 481365424895488
15 6956365106016256
16 101181938814289564
17 1480129751586116848
18 21761706991570726096
19 321401321741959062016
20 4766118425002290943216
21 70937237822612227230784
22 1059325264441498545599488
23 15867288561475917552050176
24 238332503119317701296868416
25 3588998891197749315801781504
26 54173462965779502603086351616
27 819495389749956912395778445312
28 12421807154893815866971238823424
29 188642805226607981502655352817664
30 2869841574963193288053914091483136
31 43730878432725721843465548973441024
32 667399937245443437669503079346407068
33 10200254382447298825574575548967751536
34 156108141633647980937635705043505590416
35 2392191017017513503814506014080704919552
36 36702090308427008201617541693784683666128
37 563743854083946130320921786223803141743296
38 8668473438959946247458998512652899779112192
39 133428606234614845702717902156738742788462592
40 2055788226622920481910598440275541951365694704
41 31703712721729675808648241823575939312036803776
42 489356000078149758887760428119355551720231556032
43 7559704654933952225875841014969465079317552497664
44 116878104662163537201145371924427934290098584249344
45 1808399322206497812289991694182780046072509971738624
46 28001016624927317182309228879813446124185321813630976
47 433868311009874166419020262887323513651924630751608832
48 6727194218165482305556228539503048744114491729243622464
49 104373422777678092583154734552695987728671632675630676224
50 1620371342224074568864448920960250865747749963393917174528
51 25170813938070107557206289864951083250437004321876197056512
52 391226321726401499791419757416470283369049966047579806051584
53 6084117125344542145452209017972621298501549798142378299296768
54 94666620747465567928782137880181446051366759114844924660277248
55 1473728884596844399954369460315795886660520695987505897956769792
56 22953651538387386491959194189708518319137847209686104106520278528
57 357677742724434052078743589731492991738587114606974835428302698496
58 5576103899849164814052369596327542926884374100237603632067926177792
59 86968471856160750751142961659523564383464114950562937898177899364352
60 1356995575887270960321877967388486187298472055491505449916079261446144
61 21182368737002354362887044525011398321214805998510698563455517064380416
62 330783852247576381016153266353152991140914613627530680311737186430451712
63 5167520704660997546155703577962556628309010674658750614322164181937946624
64 80757529021623517820311127533722506750104704701648822379152487822186055324
65 1262529862831300286422535117994811865532536930372321186567923208975363736688
66 19744827099123790006839406949968575931087747497407766475216521648716530477072
67 308896838389557474205958336234693890235512218387489442096171103641214192456704
68 4834122604542353770743143080179808202112116445450842390338028361016406590334608
69 75676621712115587261427649246974443974288197441467280482296179489275564773394368
70 1185063653929398520092385931062038399680171494671502176916199632497377605911839488
71 18563234278123614022631003904599139140659501635036058660549877397163049953794598912
72 290866669196667116642315308361324854373832970781439220578422054443274733879340018384
73 4558889708182275335864631742205646800697986179012808535237531329570528796327730850368
74 71473597830298941261446480056452443907372150744764155873875824023371222714529400788288
75 1120857453139017185483134290513352308911303552701147831891908692007768713445688418016256
76 17582077279056589580693053128270514565933272058918890039066995863850905278734298887380224
77 275868457937583691706834419381905211649204683306397073020192012076476930213738427061869568
78 4329553285604398410266038777137655530167597940086501605672301784456712015543160061992974336
79 67965816236932286188913348970017682985498364898858123320654017287084681340910184273779408896
80 1067189938727384764003950254864889806943366010987604353165702736134802637203637688679757006064
81 16760774190594634301550159178288871071004326023277789496744495399575962201142790079889347990976
82 263296520874870080698255709594753147789224746918294811288339723190072499251278016688006483418432
83 4137066223376213283354934126404246865522292439281335127505437076294499635473650465516842059966464
84 65018033819386066526463661319815445402886885002720592547149202429419217142465261296775845879528384
85 1022037849540121974815797632442147565645244290267379859154995406433733663012673411516280241901678848
86 16069034166313051338356368380074479209600968109284226067789420812844186556345298133968791963336015872
87 252697036679076731112787091899945805611666666354430578202066715314476148560593567055573700699666120704
88 3974624524840768556083526036003263581687298552397688506914016910714996518425393800555698331044747895808
89 62528170513167724086775831019994383602658627256995205757535748039310348964789966448343828458623797547008
90 983868660171573039929431953426304480527344022278918821372196806318949539470315003094531119405800122372096
91 15483834474740923510191079634250279896609020166155845081010805680098076168429170453509132704051162179764224
92 243723921605009328162953813628439263269943514247015023363618390280785497313242741443905413208404860317523968
93 3837022554479101323043793178220806834170752349170401671753166847293054721935822437540960125646934313483534336
94 60417878346864190939409077091769555404734855767034239479751688797676869596782397989712684855065354433945337856
95 951502493823559016270918087479949803914267530430091070787041960641481794622553124201490212763453134729383510016
96 14987396655801830749610677594977481714121487608520946566092922581603896055394632149235448551120953588611248901184
97 236109139075794911989086833779015621933958558067811123784066762630936539557603315191790128037652355637077087404288
98 3720217063341132002239855564510546188775599943011056753079558125580373011400552125835110298880141447018433780395776
99 58626133747287724871816525259554137048868880276792458189759178405283691699090555075689685050444065264215829707554816
100 924017861991836738127610234771685477881799055619152682779958723208183953416683064690679106142940131828631863033193216
101 14565798700409787688908204843164549535014535807351850660853779340915563072799923890809916710340712435695231364592702464
102 229642249074207279583933271215455702804671102452065260983780182295483147740648320833590404983267545269254793211245621248
103 3621025583485389501889280103573823108225847455203164471811681510593107730608634423276792032655906360250317857303576477696
104 57104785854495896377885459353136254725089687813415860103729796059392136778564697188321987290335736677069608864015664819456
105 900685905709270199863317093882287942133938091358308393484567703467845767759022818403693478939964280989286714104688043254784
106 14208002931920932051168082003039331571034107494705926682788981141515657720770255734774505204295857011962163192197449233069056
107 224156026319110185314232655794306410576602717927319760274424170199357492663986119725460529757212667622141026257611493650644992
108 3536913501026254345238454363184511727635732241083738016526894342743864533543425924131720293710249170522283808459439302776643584
109 55815401790522739517128057740823944659394890197397107943678204029216879359574900056575084741559147666896137093098563426177941504
110 880923621766476167973771147220796228847605271341867965240381393150862290567482549659993708498119672193940110455686034942907711488
111 13905162030157639075252381934030804947275304785355765063127381520343512135803326508710934195917940547839174627853867260293356716032
112 219516156831008493737819487857922275744224751428951466355628671707007770162000797226507789757225190987414316173967016707619444749824
113 3465840979429443568097152016567481176571103455251739061867616930382450515718562838930848574240129140914316545556964041546946845186048
114 54726990934235341285491284394650964601575326443553044186916412037377877264531122851338835213079381229545274886733369420566264999938048
115 864260008835989517511775112222461638984696550679213316068988483536097803241277363379711965527650800506221023617914292890363298512306176
116 13650115102452684005136765047476572208567709810713448240061259416929021881631480912192114075554440126632429196465504305232439518475270144
117 215613732129035065986916722892133519060501490772468493398164761812759433881927912736776219669150081990480598237178199786065222387949969408
118 3406151096449987973299929357135591769119021992107356701861071881363109230502241088070843428829955150754281937527874692270532783961416073216
119 53814336779992257005470232138330370819232780595365345581472537570208453840584772378265712561666777196920372855268987411131926983816562343936
120 850311177142910435341731015209947168654296710206564288483259425366558467408024388166567022519150803626839817947044948979540511674919008956416
121 13437016084006791482151033623737005545721274463609404524698997500429628896169598003480175968768224260461598283185917055178890956169044827357184
122 212359698347585556114991413326235298822656127172165005581745712662445510551405880231602516730518659002447955424874084562127913933857392491020288
123 3356486880732862269894535256130601801344314932206635973030461983299811673252897021767983365101644196898992629440085423667643286984600513853259776
124 53056756302236612216945792709732012941988192158523405818814995401894096651108823422309956896747980276388994186485700422795771517364167600055484416
125 838761786211692880619707110808484746614886961841241011272188655703507793070461504703167691855272854926548192761014603777674504488582562379301781504
126 13261055867730631049178999075803335646143573081102314343274084913922425618980461298395878648083010042502753688006469448570488095351511782857543254016
127 209680694507933681526206160984301647624632283290401033791967574267760120690386515867596238528019259992350270863298020058581542401850430370827691098112
128 3315728949504018936070636862681018078403589990405886486575764692938475422406091159263509473170574787723067639553840804921471757226261519839906236794524
129 52437165016247710008486134615034259498228228332229717620666238009045831312231097900090703764314446263206869387862639763983048221343137497201873175178864
130 829351021458228237357518246824799810506730338620206828609915667215309485215707803261578434084021133266025658212294766645560292924511259479422611971577616
131 13118251863889678195386557360641405240633762782390882993982247564296506291633977511196062848296289872444854991998155350514773240334021677622282913586514944
132 207515893106892728784821506842639415272005996044314458046189752962286741805060311050553689759633504831401238924885611492148840404583272292242865077918101008
133 3282948053622876414993184120807061825697068871696783902746500266841997716076139249615187381369067158157467470141878573306635181172380814192736581188882772416
134 51941363876269426014131255131188785877918767342697776846297232443874497726330885328678114424351139424231350158523278912874910762364138650950953822219752292096
135 821861873738609515132009997361410466466220066482136521142473563149520104910419459631027984417169477745947138324864269576177455758494735396138888033766884493312
136 13005286763849975251376877896323777237515467470534207632341821383654678396956902777435520798648832680974327804172623656885964471576722525154865153413738553357968
137 205814574080540604961517128013212797785958206936233483995866510094580779680239321203028314473737243626521045292947773132366324975764335788741734237721959250298176
138 3257368559016045310447635881719235379251830102462998757465018686155754376957553016288241640841070721764886857466075638129232715928050187527344403430091191874469952
139 51557489343577236752151728194924919162819434369432263287334721043757111162273385219218331880872644975056328617168853384168597830221358049549317073958609523484593152
140 816112854588386505931905829974226875176744700864981431971152720064333671141416708972211555851449257971838133987396636683596430029944773433693966144244078427922887424
141 12919383679913907533193439549948197683036379716398227942870583480636544038156199646901129047743230405012500380466033707924763585082381395615483292397981980092796281856
142 204534242291669276228663175174911724545610867253486842640588948191791873011189250738572432143505030440931311746377533622667856661645679016073317432473469326643734382592
143 3238340053165166742827018292126999015597805836735625120388376129710525543112006135215701304161465132639805584246382385258277392264228910718316021452998495042680260214784
144 51275584971270994031289465470969557768076132300593326332088553170211105072956219385969279258897494816857706839495092789203028988422876689285739856922054390213420483488464
145 811951529674776350717958684521050564529760284777483163616761301187618703468991890203305644843163532205146477397260846600636417814751380146410785925243563195940503305529664
146 12858208502720192788912153867713664782097815047661648768806209964886254070121745556149391251500007032495730613876501265984741051597226600158914549646896294037662589731814336
147 203639152628880924540826940128639195707432542880122166823506745921026483152558636582129809073755102972556355853769589203375322511590775177737223053716635912095671273110116352
148 3225315058677510856763070809987880355228583512773873996009819398887487687449565617709948445094952622849388597995155028307254571044232392501881097475752704853313660177183837504
149 51087264528467329282360688524351735549909824669144213347286068352582904149962003323672229150461670565697612976667536407750830348781357832655224963095674056883821736896234654464
150 809249424920182628770936735524455127430249535953503215470538634777742610016381798219533313592051247541706467992896832876779688719981603496614258333773193776427450650029163483136
151 12819792851025033979657828367598787075517865743613589012560682100408380530972564138172709334439649552241233414807531826719687481880012627767285481213893666258104577358989196754944
152 203099144153325422836136355911107697767725783541719686047748031748346111944261227601504510421710800731268080493380861114899970937579710831698978265714491243126781236335994760420608
153 3217831386884023578775241182607646386136571948270454594090572754474182831291048489565852220374424281689842909705652831013339389921365215262846880490279648293241507619864325281596416
154 50985444817526731915104445649497418078337371414004603167956001555593919928861115733019705459959988221569998368072340102684923028740610798091778039444596790369686813363138556719768576
155 807897979825218235889262863291761102970402420895343866956904192563092031227911041585796016563532993187204521087385534909446124396159687530920741662998438874435112380919151475359105024
156 12802472762699303211989366651920203393461563247310195845329826960475345396187851983544520846439807793258782192527231679482991769276966961142141635091366939205945460783864514477664188416
157 202888710953776833125981619092455277234184351923271009149673410030986759580564082971941657396260207576535279197365844897634062254403444343830863056256178631272425291057781648260239040512
158 3215498052281358546190152615659903813132379276404106128411444501512913313892074523720961478007191329497542797025729299037323351733372683832339559690114306731941952466962428985964111642624
159 50964132077630674495706773491448724075765063903137747110215761098836088639202427304675749190141606351301268573818978086483182853398630071344567506369621497554077655465454032765410584428544
160 807805307497260230459378955223868243835001664442828588595586930807681460383898777374526611353505000089407294055522088765052942233854464922331996806615602459291736061631111293801043474531568
161 12804839534524960217087518302341910036282359338473666612188587667554791141387433092634281031793757405853487563498327673119938152786028534946981488434271058597921284456191445728561343649519552
162 202986256025278613064638460901868416066640150682687144190283331895288859556975050124406059558171050560377071553055060461924290219849868126717382584814878146595481196007239126399870751792230464
163 3217983945226004047832941990040112435946233104625943637161171681924415683870372483237443384217855004325033704534823432849408936506809229382672007223474842162182292185612425409960141950527971328
164 51018249971006824461317153930249029349901215056741895428364976792754938218595934024363091042346512969046016409262853430053419638355509477026918148578890107250602241180929001721503919097693508928
165 808893581783043137113845776974646307908534367203210658703943465147138163819437946832929942766522163644795229836079941184609856956782264068379728830861531690615244946930126789086805218061036577536
166 12825700022497887826530544338888115449108958971418262021200913703987708589267752249001571788335332695737273676196890100653583911420488834038563187051950662756310237304908756018776047592746086134784
167 203373487917016543062266359317047914316714847580654224218035187355481233931974341640365608018815937181111569213110980342678285016805755731420301515544730469206269579055877433230251421469620541349888
168 3225008659882225300603867545533200895772982341561248071537469375337875067859190311190485011742583312851297059860451291412346387302502197378974775446011884695220626673791398562581321206002031189130176
169 51143500115633127490343412891042051318712815843333451585489631251990393841750090709019512693815740517657627059027280405665001125187397975393132284917393075398860852181529002265611328865057749473047296
170 811096916043959467364492059787797565664689863610279274933062496983405571197714744349207002279820777692884598008309901388358242746685489652075101810684279234625090680875097114024122625059679969172508416
171 12864044371183850695541517990360819738034935047458443600291948741390904842683009724842032680201877216536922052640172029529870604382803937050402313960051434797139888642261181713940846097957914352270249984
172 204034929673506691272524702973138610235771207563884962737938879798429976570165773200489286409131156091264960539011589965629635966618292278425760399631289316477471953943923397699796305770538275928408997888
173 3236335020058876103149193629973628711308217934191765368413777740742954813549457333640076211345774251324434875289067680537860867789718486011566856275110243506445715445710643421329896386273232694072658558976
174 51336248298113296329860812166791935183509625560282887467767053058838363512900220829936852273524346309005222166979461965398979679108663468461667035526649957246142951377407662037246748417046906834985851682816
175 814359630455751317536372908626577293563519436533169586287803286481310594160085210588585311797482314062143614167828865396837839022837022006482333610273444589499211825136655738269653119061258308166885600919552
176 12919019622959318700902194972822818839061128127575263511020424641723025081846340891716407081244924752926454404365839527874313293772998242879629946268920336466934337830979343674196547195153760195130942233207808
177 204957516787669469247810800139630600153049558221558110865219576027133919715431937684863735777216508341002443699855324132854687870023964747000885721200764771688271397327239332124751716415280540976352988837318656
178 3251762952935897475463657654007936445763874529346677235215596757547967098560089361543981284515613449610133577495562801178083356523449691215057862388840500579495455438104747894128056474754166693438214507359219712
179 51593431103293040407624972430015346558168646576374797945133904056627237095285239452196455871183672279360456473181344713075432671353722629296067692524832923733148452139915948564956659534805674696326160695254188032
180 818634828652971698820664578292569322035221784235810726961774862184127040728228371233133747694223687290510137180215754600233639138442520971154067254360936105196918884277738497762326859399024657472192828956034224128
181 12989908015624213087185725465661868895444818879892307540245213014788415182198934576612061784601214970489658319178284076570059776735346892901039675698240905456679320253315385817447437302560572204005880858123819466752
182 206130266229890345894823711891103299269743456757137217851582100198034399564646967864124093632692017097684317172689221808859610233061950591538135824896331945902913377869813085430040879252571542632636626641804091326464
183 3271124440605205158066052904962215832005905353691499209095095594238178415034453234275314503847025400297934667083738310210730366250800936671317474040269238855803644365057243730153959181543972805501769093575326462640128
184 51912478892605635784822833330314042990544987356548682711710431910002082839148480711733945722617641833481024323375096121667061916071930657211553464961390128861481036561371545637433010196447578799246074267709719372423168
185 823883222424864440697699556249719488110652354036039026748365345571819838129069069807188315268494019208340967124729400808715005185211012235210069817931158770764815437371480038263127526517979973588701377697217819212087296
186 13076109044588987569250040776833135251288071634447373472906198636217002229981149386735362171318299739163071810120794569016903219534221803652581931047406019530559068215106614099788181403432893015358802105614856507820703744
187 207544002625639769995935445202168623596259613502905652028693801165397050902783061527836260094282867984242831438698763961280900627779047084804280402558960851067323789718030483869093587830283017637719381392147651775950225408
188 3294279339389835539686801479429589806469309993664015055143034571991953252893987255092584029858294042206090825866309196550720766690270108809695276325438041906849675043101844251630843114501853764834974312856604924373600239616
189 52291251962713597270626465627107426613460367307304814001146766616779266670304242040425351180058029850231932564571662021333400437737866513588377800896621893085631497940670100125581035422264872368512171873218525176240665788416
190 830072156652412923073456350791148197816148572866844307317420904184611178054782425426107772612426996546875735803381095179655669882303765486062461566269737828239015041638729650060645354521329141649998272719156472669178407944192
191 13177124567993980050618528323623747118885107721413119230618566030009098626280332558937563424768952390487918552515805937311092044527550071581908830958431948121452973892541157943930040567104681979631184563381920598796334056603648
192 209191130686192942965816789445165268272707988769819040693654485339448425050665208537174279266379587353358768270833085250448597928485371176049300701131010851613389985516096604733072840227633561979580563132079296434307360586550336
193 3321111902394091329485273738316439963119131516756088626926950388954553772460801628139514798399479284231950960964900703972748807241350798717866791708472250046900121109571086176763009485237122220992661176596407960211155959813001472
194 52727987398706417986844103676427249977333973378852904477825030198880869415700038438933600641997278875113204518252530688405897501047966005272013051386173501783007784799025229363257049324836187658838767674819566391372505232003565312
195 837174796925372930982364847818134412823551339045837672987580756789267532583941343212328412549512184183118877612269802634952682981502674362789958215369759102192820681872377952864040645407585787886260492063420103713311193179662958592
196 13292546387033487733555163646428897280019903101159308512922761064706218549763542901037589363655044010557285689520832678993072286309704165536769195290352194991646428218517577113107464649376595927979538768370922896420386314223857291008
197 211065445309108229396344692393267680163977158135408788040187297712260606485804107736208072493165560716335809197855685475937723464858287081806720479305444748457223389444525036327658821625132815642194669249487423608717202108130623661056
198 3351527875480965255665134350238340130775567599375982247165157353760067399120343020384775674104367925122868261547916787093668378837783495484134689166023451519836238207104656252569071528636959178758261889245500735283629503939156135104512
199 53221254658354296949960593928102190739709025115441756590217121420701594663165729197169982864281295206866815546282274683538268806414966333906988968633277510945091669301859061397311765599831919360069510462046345151029993990945375368609792
200 845169450130402370210561579996967864147963189763710128817177227781931392347117808870288345422711542167658971234601194475076278798360303041590611440455357282311079942517887578710020058639261588807826694827563010288287285621657351819944704
201 13422045851857729743119375212285052191839376739497458599731973047041351995936329891534212624758436094066041275301362228499539712432615194106469472496530356486213840722311621112706470909951906429367991021482718714813550438720547084845423616
202 213161972541912493718339223579719861906476179789011129939262541725126856695711944606799843689130577741644480245045608447550740792857948632016240791407196120579731313187122524908541136042521204721959107235184361046617482059660809564082957312
203 3385452063612155374494308790571516386496371679434411667857264851946096333998580178189540809591658509231523165156043945698107847936846126852587054687747864665227641907534409430428247010868633042989025716384886251979547477479964145844970471424
204 53769918326431227022330165229132874931943368587304623655096863546196548816127573026246449581115632450229099077327257526708106352739467289998847951383708103009295038772127810260104090621678022412965666952351029849624069633910449230766626238464
205 854038994362321466206629659899347461678087144361032028164830901485659253784933165768720280395210355080596815394273902650809373943487680036921289399634071631176732956022018121093736564352411562698152839297141535659241053084199658681099960139776
206 13565365134714987464187743606869848499687816142685477031228772189656203902841315253305118461241830019720861780212315273401829434344892494294795334559266422670119306576930641814397457093333244042884307895012212754616886344582907358339761150787584
207 215476835977814326026319287151506245482525415933936564488226886832876178033306890149577391131875698337806497605605644858831714639079421112666031946336557976435820210535273229319244547504789240799368720948501721623442605587272210455694585935167488
208 3422826285213219710226092860314218125162202249514685821446688510197654850047530906942698433561994342689376453497214905540919169836728391220112026601902182580258972952870300813484237499783247814544947428238109536019575459985190847501995029757701376
209 54373106790570915434153236035480115691557102225281851611043908860348356524254328542321922168518774957644833655195668644022168538485413287080047032167754080932621879530839460321603792752395103139112205292665122836555508988931885126900570484170822656
210 863770399221797266688163522192953915034609296481766684965771750977651078851651119956209969457379531070623911549112003700008445669375413355040289432997931802473574228032956114396627973537466650975274229710256915135172849801269406543922122531934764032
211 13722309883053626744669816748710946867617715335341789836590635088310288028361533842805617592256386021587453014740922491132430175506532063429880844132343652685726539692423112077720306283741696637512401415844111519076478634425350033559193800394785128448
212 218007144224270073001649734676046952818976309563113725097561417380748192989197890144161179309264199557422065421464438441335986817253187379924363434769825479681699423593355345077755782418518380561745912446766174458932676290953438875841497169340240065536
213 3463607648403376573329136045870331408045359441501889388599747303819429208171020743610509218497742007413248241370240077145993287053115245858066381905805404878507669639488947889048210098371314155798558391630423463957724908915279235640088815164667123740672
214 55030185834298789725372743118317596856766674536975110460710187184415762561384576052467662299447639145409073232209401089549173544972066617971195691818624786066092715332457979053841981328734860227821204743098195235288965546382291030292321626093139224297472
215 874354321249411619472677556949370866089614055289155505776177942942567531372861224179397805434128922634285139753212661230748467175342896250869092258008820042928954241870756479504031609811411440050596916556445513961112813439484914669991695307155946590961664
216 13892743020979677781498005452736877372608260980626861806630549495618106018593835261399364772848355731741395867695819205657707394365880888403490642006921243538225828422606811623738293175396670764388894018438997218619731277946819743628107446786809235230089216
217 220750895926256370771428356842510163933598475393294879294875495960650369657159264449703093821023570131649366160410449609315597724611950486724495922426327045620294018947709026282535338426484196243543905989786596647523902774457923639500591137230287307428954112
218 3507767095637005815696599795999911836571036257934713794950856841648450867328918844886904661909870777303463175204543666826501313379208553731070217099294535732008052538365728063564350037493094356602380948592666686707291282828318177755225495588185356252533325824
219 55740736334935650977343582773092798991296418817978009595058922303037470625055983634655222259906768550879904327158503499650915761618560887630726369360391914159516949145976009405413248947812716562409647407298050557433842534255411708869834051723514865164895125504
220 885784762149312455522509594571410786392323760793667594762362298374863298543754173325292057625634191579148243813752025927668505239067689281348721336691252934956039219440027495142966794376178636635591039655220856944213572468135041032300044688286430390963098681344
221 14076579511364309225886245188791398619095746021368491985561910536332309295411595162573412654974964094951613962287944730742773874647081811901910441981164901965136859969721165806754299082524250907919561150499361680229538978048256335434857431292276911681890130067456
222 223706899490034291906993166451960221325063529480756801140625989634257209182817399416493933884568463945836808525929453141501345927844326515755622052608352441523316878384112520791277165501545010838831546085373083164371892923740791407890456818202040993619544747016192
223 3555288173347702290982282611391824523504610165707534635828647953999364253008091747898311837172676405130090453835458390923995318950299222610288469131361588913423615179464167036693193930345347900615637456399239749597473883225455796123091824053040550268268452914397184
224 56504535406044282476492846802822560101811402310093746005406575217822897824893149754276622304475635765104920913781316027765545231938909540325192008455621454259681023664264508636880043502200077810611688698869961961322049558780784704625920777730194611425365420530988544
225 898058779755773311164926682493695946368914265511269118361321793210709268334831120804767615649387662581345111293404241233984565399127314846425834167142741054343718623947108682191446284387363954540516775735854325619068963291744866283519808928584301937997266025395738624
226 14273781925715508118886151397860137593835711848013517063870837796635020863828028153391618400719588659064084137783233615604934288711640455807978412354721030930819192643525752596610254241687271297713529969482036243384004087360875165543527130115098591830298763835526096896
227 226874705180425357419778374587543114291549386422406083401339129521784556084698337967346222276223739119335958673499647483669399114729332857798361491216168445484797729226506468214117929206871292458606856434755005657302866773505718016144526974335308744057410942979273654272
228 3606165991170793375460024974258430097879733430816041680848121820658139834128033631206542423031747737354593871802230662767228445505110806836192970442891153386173622243908677883645384107638709950408766788841799037750792377704971343914606374016111011662632781782341409081344
229 57321540445052378620142774942846912318578145469211048905825071666466251483651601752887425399715915608096705739198136090092164612246328064488382429826992265902310130696325981125823081758682403972787723217062902433126028354804480250598648928760764154095638922366637882793984
230 911176243528791199152981125217158536665517132147390861068629923869749277678886965693114203594213219067684782490599065717294395585889076313816783573307331831111462066033135416945643070527721193134101968043788808372495250775308690230344806267259894921357515703445242083966976
231 14484356696704856980661230109863488214459696888515917348906543396216566969177089278455535874152099234328445333931795625803725471474942909953620509806434965062426392631422994288312647164244794097689941348539759736586807861231827980621563617157647675688971855027394098183798784
232 230254547685671634406593692018599435896066716230619374866167787639635032719622765135077928464345345580259674114908558827025465314367631652011585538945149942386613378002535353371146640540666184584457472522328436275107623272337710583967080347006689059930669344598234295357093888
233 3660406341704135286157038848245848050373062713788456525991271536545870339878442317985023067020830559045451992647130783119715264106498379231194715607929526156937348248837780793873481970728740999883043495261544063195702674595542908484457619065452279475883615284106449475713458176
234 58191875643497260398071034131404633026467833551771452226802311982934062603027191886848527385964041570786706117964623546409404865941809306801941102737528726426990106975480732768842153605033455821702566300023880010144299516757073591626708800852285669803367968263626442727931437056
235 925139627833322748312765361971589114629852121840097017300121794856142412875173697787409066229941105856277890586505901637522135804190450137303540701838082922970556424347243965023101822489973444856101017975515094662213277763065612449189340510131904469061294518129914562921113976832
236 14708350950519089438497142317445062990013008978864143652992852297737294048920092352625736542113699974881052753951339170443404381354055983911393638490477701810891569274999290121510695754752863957865344507797304601525879565348754107077729485363747319336526592037703076679961178472448
237 233847297582023673016833909067154931671710994592911945133130018120493204493244227353221931080005603143846555850257114271207886921243647600161241980781581677310788979686989062456556004424318526173354517800770583890386173489636721108717601143184846418281782754664765849275345133633536
238 3718024956898159444404104246373092354018606709207065296017267040445245197633053910195164793517144202913663465759935174976340892607349297418768940020120091418507423083433171461548636974518735644742438131008702917259937688389732774420278748139580430155062244060282633061700236302876672
239 59115820595233066826291499972705914797139617719070926846351778864521451168084525328468441847319451076063599515457961053887657714513872988231800468460238274092150583437854372115351974806297381842712135432668822528858716007582231499963347078650395899612812818486929412401243137792540672
240 939953837439512883940387374892659263808648924462916709018882570721988678966317459401269423557137519932991097828886305771113209884546054882966762242006281665176634737360738477265055325720837115398216083727029144438024937329941707815039399814082469243746381356294560444795055421711806464
241 14945849834168562151638966107591054451025377404515311954183972466137223702415782587559251349702676233950395417687003207881143200526091990282099288784091174072908230121018368348815776834708570801815558501660235160278898443433888339756697041773626560683235385890696624730527628701197910016
242 237654420403049829510506716145189058727624939550289103489106853474309494220661834946498921228786547100224316396177647027813415331095515040118852139544462298006324453283457609840801435316645887648041073676053016579001883353531605176192304450703102548185511803649874053286405988137387507712
243 3779046881311550843137211501841272163587006718042939829468010683889802250087588096466203703446611658774911742538141764212251472300049593261780339093370174181636603459967967721416428545429686729722656938041812768660051972131477837489958004519413113175638863277721102531799898239425222017024
244 60093800700934773115636386086156635698494721553956907473939141600205258620879081473074742133331003804988612945511454628503069918948472864519768001106795103096450485968055809693542514073111908568012518016413064621486202858670577462834964459721970537466306572168923589231151070036872385839104
245 955626060638708670041680618920753991637654771939366299098699852652951616410462670003231427757473630858148193759173702564946972566275018211586077605226388284850857631779331778063191271908246898870255029651696084265406274278505676965654773671566781694232542611589040722794178042864086345908224
246 15196974267439666814160367633614532473147534665941843833639899054563799211434096219897296943420718406274149882122139529958717125690262942529546455774354949844570196417837991170656068621205598228471860976105043424475190362692738939146662518956272804066142998972736271473304320184806124461490176
247 241677942239964988732207260303903706467106957325200870937240413023642566662231605562560391145793466891241865115071334589556649835995003703608587286883458088832695188855893792356186034525101151592164821833854723303926280005288717332801124216202571843362136369352710003472594692749602523008991232
248 3843505945834476835949239877060800450015731931049244622708581955897224096202268609419927487046393482480101126682470740930760746515635819496258047057792320507155042112424915348325336211895533711380959006323241558699106254360488989006061027689903935680530248391471922043196022718249557953682571264
249 61126379118425204372726104413981760231463458986392742395102321861258621869819055696321548611400935675131015680450280040610226785062986339442810358204708202032523182038362412976549440526102874787897142490373676364999881341228058996420511023284632600333220590318709595707096397006994750147692724224
250 972165646148855226406236729527021561775771040342870269723017854539612949804438652421717900048199467909507267551774579143461465867854247148483761873527385512363765699437968092375157953858295686935502081006506890881596825690873845861005046612883280479952196910000773664520088597473478556414417174528
251 15461879061028716477887709562145407858062127761973980109261925244344065976166271239889035065191439074692724220773571890455664916568133992396056260135815335237591773261751114598268180207189717633409175743015764485300249230689079556881422325641355666007390448552145682665821939732871696754355430490112
252 245920420979630849813571772176141920231812533910668021538385117080004868744545509302303430176150294737381010637228304765707189550900008873243080455448829718229180398573441761394226909531124548881291022370298830543392108912297767939594756895609879263259862286697952338268279702130920893491697761910784
253 3911444328226617708669496719998879663974986332045611558189783560881855390295070174544726854710659509080708846618416827538611925489416361230067367041119004832620109967782568688764680804510268537296134493197337894891288457157265634494387364918592509314245287986953616947601556920696351213408018437767168
254 62214250050148024644368095461489776317738830514153775076819985191753799757159699887813745395032774724827004349677999345233875734558270035795355177340692975764803105298527467880701085001972562240918850407732461577055405593998177439024877708423318631285468368142479554892285145275489564169824550202114048
255 989584000619328972730197172503555095034909712611466508373701823798400422218798297424014997057594263936922789132138587151215676299524063129012499066409202525858970539482123612042241152014394244599519601050993229309808672374743411722208301977853405073613259193206325320346273801949203219149643367697088512
256 15740751352088215062507214524507395396580724261038992734690146824436582872977947921664342134830473992942638693761705838137115988544197094253612224643514426644003615480960687668911243355871716870080135950377390406885523865642280767491130287109772608367845478162715854386221703601443542478344567114785162908
257 250384922434538177795799586384314366602981915939811629845897798657915043027927913061111929532887012353236022653782426919501956626096543635616832343346197059359407428105877581130406245886435441451486300749420651243766978399533077377027603859119050716691252142513028229186401027818063634104485834287805612656
258 3982912189066913794088538771560444125585284237116505230890901776705437189399377336834607810333617899887426748080263798731565293711081598207181271222007029589858443078276714593650549976895015227949819064309610850757718975928074504478560046107386917102241065754868243102655326192542490247603820799570845988112
259 63358233193390728878543720222158540228734581569559719473118962087108614815369616610260629420330249678128176763579660422227160282359411452606104640921732415960004962848841641671358327650880524073607012623851987007006162971067281864569323083451946815666587914285779435881699581318273485071578125464613532367872
260 1007894504067740052438367304609732950214219510579860096922773848509543366773533866126143133340635208239024771333619844751098813404623649278091305516865838044087961678779838672054040501031637740740696779460113720761987430647419400269818073793398077325743984070632682447094544269734624341863875035226270573837584
261 16033809316380860972182151076487039423236148622850825861764478403422730380513657218081257072845591702294229994537007615996471739382605934747254739678406408792770434865239985305316868733282309764388464259093768036939576966148547577794864633785344042477623466909049850945662443365875608558275412948270011099645376
262 255075000740509517400345287971422542717316167204341192838713098964448279284058666050491703627402425331898251395044231673628818226138455446152796981586517701258713124907242353152314914786453290427246032868420148556612018232708381124022443174229341987686118498786785829267395555020747856478286390052033707098994432
263 4057967373563589506982694200463819985871219347709799876332767418534908547512140695885160220253999434334368772982331523283420974528492180178698440360134069126249499617513297592485045125962782425037469931865903173986491609605286521389091185336714850940785260384923120871194138922015679577345456136759738295758424064
264 64559269207102076963886101401048713802696863952327338760537924259064657229855385056275875487288238415263238788264731770408917727492340842062952893769755445228085059350482426694196256751567739490927800290698938826857609318455782949787588108196775984571409766173467250227465590477362824423013189395552846681709608464
265 1027112441012018457688641353425339168104736402904054044387567602818478805561727096397408572420787334698596763030640986382764339890442826855694163926790301177578209718311290003809568059598286354918714060625713650025472161120982040234419728090999888602521016431389591116869791487051368743031766605695222659681208744768
266 16341301122808961485447629018715976969034241201959100417240331429564792968761999369388502333223741702477179540824798339487378902300346983707598269908785975247439868391960178894219646160791337727241814228382740821812570850684253228704055996057562489529571010145763328355697355772282573423546254881193390111351429232192
267 259994682498149845807672549796050528416958202626658516818546044433659087180791899235716358680764423885264105469075478305817600196358826009777879829874734373494133135714056856490275070874184419064997945174143332393958218080678237635885185390767637982992728537947680768784998089941100024564399275538841313181978784492544
268 4136675171203609595245627480604558835769332531562495279696526163237014077392513266978284993047590635200281795252905565774443878141285297056244897959166676499248489833587742400764301486194906439361687845872186949369749648534147500681171646138198558270559805527284652408446558782283860226080265945082423884267091350892288
269 65818416072512015329882631548531320654863281905948410646285485937401577350603270940586494807739996491748625916480477541394117229905546374989105191038392687374489432819120396733456639650635066399923754044672601774558800052811008113833084815891845851127155714953686428480864419411218279265491329666647102257735111383938048
270 1047254945417789020465775339456473172085756823262777175573520337479625174707596788942970361044256872546761142016448157896292344460819026170923488040449156169130942173557381681543254829456173880561563407959742414582281982679250747596425282926635616809301378037359285444083958418227734968623335430818832953686801425188661248
271 16663504101533408857549391972491017089821504018411687977229592415351141954994759014095322573562416472566309858061541412437303867829868846262392200852452745172691520536451971130097890181778959256127404714909282514433685733678050066463752490509329965547392057909758047241085108951759698201771536782964054964835844267444682752
272 265148454217251084632606813348729223464969304599680976675636135773291916307110412172366608646760930526448991654403532297404268105092497194926069576772244090805225175340488488347932563860117561453221944093590001618345024331082232513922015235412569273181813506774232027120559456673120059598806196005709238038501473561983301264
273 4219108126491230943868507615154054335795056704642310786628261510219502390531202194137182536077617344740504372177917517041992017376460080482450442699165767885228359517613107922400327269758730151849454882029320653407762800487528947806677257125469894753626749318681633409242197903064509644344996082718350223285864797528622936128
274 67136846244171663643833925475330578949914583649133341206528953946371226307954366526899626835265704445772384936291568360249247999027275984756814642549576121307611080826135670639655769055360503101923614853650605993710464867704769821159611579877239537525886654467301050859609886806643768854852567407988419911420726734790088902848
275 1068340957877607871541976321286393037407496845742462323423683335550961263752334563846954120290258167580178397966382044885462143877454046806265388096012409750175601026374753471779010433303202373620659265886991508195617421960593336701462576458234543888927541172760487818893952120281099133931835647137429909690213272300294340769792
276 17000724101428499118722027928506537321326717059462267636587105117976382080444244578817958139161096286422952358140668759647729219400475949375116169283372547589156945095312972162411177596523665071718612517567340716057075339954571795613505340070768537245758208180928733862353890285419712192967956771134463263138071005164638634235968
277 270541252692627402351087498402952861417252899194960087791433635500871481268853913507317120750347132814724820242151610227349507794794690127737644385679266545105453812126099705833044792840897031185303611693459501036156590812989021469390926508183520479444991441064987752033288773385980874126234378852310387139984600245300864991403776
278 4305345895084251756682380455333684116109452155279306332539989490326954548223751406076024976069375629562801334387119414496124888853391941938231580404835187186201096708473258622573359046740793010720589693763414699040257606586709963688846988339996898833842803605935374126510449179180259022662153868837781539997807004208214065208061952
279 68515844504221426127535034236597555565336846076535717664486688052466108337843284610113285065437722268114454787862974853574288243334849481691145461030755291653402808589792069999962323295117207737111783329841912038926038462131114096014077922780882511489938899253623589804689265924781249861017668924387430691586326010751578443282153472
280 1090391193686214628313201330548915997398364478246851498128207212056970003776552482497118698619848939412362328508773811788823165154832562730012318009780995485491986854592096731696984203102688347075740212106472890419841672777065376118282799053545024802400669001276441591928788703226218478012005165102850539812776996626306719314992886528
281 17353295016405450157609688611139842769834984830258217966779051956378330768758251894539616847089516073656720037813475063125964104038520214171166784973503407726778402033661733805711052364733769710484706162463915101852829276243314411969644160581101863097503854573518169663509235047270510618217184871009044918408753882887478211519983025152
282 276178457997780313146712140751577564874141289818453263759523084338715868935618437776348341889054715277754539368231344696078883209013430115577863678859608562374253852578616757342027637901656417123932500888048449241249155150471031801897810422531048531908499266400613980914467258655001019246504097597259238409945162146544996346684904971264
283 4395475140522717112269751671828290524615170354955592778626662947840252611451527308302896029640993744414262092597110432401047908202169134943362487212405181900962314509944352158455563069327185123245362504442650650126659149320679524311130191814242445829376407747359181157883760901689873289160334116541920815057771448092839523247489066057728
284 69956806446254873549961239247278064791699245720815385347814831313570526439828244486215258135374743209793159391072257367968926611963034223893604331118489450025153374068137563082959001918895468184741559930134466066248546172004350456567690182427331194787225861377839068424176224944966330814511524341135351865585595524390959946657076000851968
285 1113428120683470325535245178650054445156953117444703910675602401040047024470389056917623624415635118172267954530842906615345196869140271734187786146555110539457677370704036188598278074172279420474137484330150100175134603256274871887153263302517259399377942102991997127277623877732841520576606627440132033176660046078532498311690757625962496
286 17721578463313797760632933275705268491589489932714290678585694125336899613783961617933537867641496322339920792353739507080313046912555181852410583982321305875872131910474399197452590761931841334837003541068511292458783644069149045789683455314970141378237028658690442190973909732947850633681875230112724350378043499824239669399669716437254144
287 282065888831418378172591390421314397560160486167290592871212904044925563875825220124278131945378613242176669025152764179232640732590424944080541100658537216667858387415983673425280916153711801796968260638564307806983480779592173414382950989037007959857295497203504713128772701520591941873934609910900135506407254827568650237344952161401438208
288 4489589467489362153533096106214720086477294589060624926686404883492283463968257123040394759517451478566529884767045285395555426136743245576984175813556282199957874200648094665524050689606220278127279231395503647467144466492541786307243430685262588582634083041912200543103525113948162180595088751317246064419537077496659233696659934213154155216
289 71461237526547418225529907492042774127013877964190470932579460610482231272515180508652926010097699384180482172082638510776524680924583505223581443154021832214727933615516386005558467249937002566814713464053301843246820539692564423422001269143248147053609793072912297718138264968201816309617393976057273427747848321618891139306392630778739140416
290 1137475945911275735347830325836679417190872660574147275097882698788161686779420062313857430794958010025583312435491894325938821533287692607173114264729858797238998967740896582725043817940724151841011388340919337300401196576238762896410867789154186900450377079445905559108269872141980351222370581082446837065599877477063037117586146219812650649792
291 18105963596804839494626182848484575532588114462701842360029996644942169908865492220950923921630984196654108543594151795814975330310092676019150745094473325618444483432167856914597870674630824070027831768313900758382858230618014273070120342359379633457640476335672386369652725788114818275561848706135941203872570398386357182627738095325636833845248
292 288209799992839703122659040333092144100385623983012609836341054415932821852158646033718595019006683115356278391051714159380901157435134918188341419341000772538009895463655033162098533411246610720060003723702140138949301594381725329622926494525927348933112708521586497615386112081744338426005493806033278184160408954938434961954403423600404682777536
293 4587789388169077611217875927141696979980974567037234880554600280070212758304808265593660827571425171187158318042352360536409178552857861311432977606100413003842170372896125379343866198912321073272311535851176470561197966480624983604592459184970541188243132453080482186673876380676120476864135720543872900424595402217586492415695178491520368889583872
294 73030752630043453532924418655696140156837860449737652158619103630849456401746655608605204764183810061377462347259436409024444581015421605304633554715641363457529826031971035002278118264738289885141739745471076101388353325183229819676755101736291018015599202954895389179413175085870471492357119093934077321667313045315962023873747760303743407235136512
295 1162560610278293444865947524570674388108691976888984826710658576013714019237663337946124871199920677372133153171934371866452863218336268768320503228061452184793634746339977052660165897491333315131970009019948830080500893434075473291011917488698047691851186238782374857978544251605016234654323675490498973371122841923100569662834948734569378610057060352
296 18506867048803007389518301464676560605088218855538919057451272261144465992646910032888284250900642587078074973391414007958821286252487621816671400859283544595698829790185608757909123745519709770567303911635374325371483928880644383355844584468075932531547788167177278358627411711150401761454007609219748421793758660224511558523169841618917229764241968448
297 294616881796864432370104122827056011394246360667703221121156971529658656239415533935880371604308249974612349689760443128225448617485079432924338199805253367777836833683692800191618050754577743790150350579039373580891525779085325677115282402725624682209834274916557027067089508021158801952197613961273074566962635012372884053804127757240903113479268475136
298 4690182318806503102807180471183490597236140476050923330015394356281045980422137483860541154673908454036662684552021011572467578987726958485007173170247576456317022695812206692433417527423727960598140989588047097361756888439273074786226854296045116022883437491413526187491189453755244599761784224058010349398050269516893616228912378562129852120087799100672
299 74667076106652679867591220314744128949104395512796027999696604739062033606261143900050354477768410854371624686703344227964417021849907280450370052813007928230879901301828668547832063132480889148507506334311374821206707123584665464278828200779482370378876090904799474494236420959653780055415243221083247883181916419495799505354705040613643128125912839729152
300 1188709790551429650063722418805119547994621787502786195057608181121126247018080125856939398829559451922682707122646834627131918207914673466959787959804173387752698410186010510897840731158128402148316139688208917308755571061426412603627212455784007613221408935250549127985553657997958926374593251908993155045686141426957240830184651161247773060678672413446144
301 18924732982150944708581996331460106387341812123031439142068915076181267305811851003686094937154052062356279606390208710365539606431215788609120502663956059952086525243173909443417555277616257927200696726650864920576169999685299291946693769680112382515623616270355923106435209775767159228724138811068693663629426261619637148410231337530199918865693437824843776
302 301294261268465883679806645674139190526399954178199199699573782310427762942805431720390331442439275212483112133590959508350387676104976029926717206253474641645556986042930152205902566437569269477327155919263390894836736588990212000065626534159069042128501198338181584116527700797985072963740028343219159380988827251838097365349767011929067260265783877890834432
303 4796882604013022624153028507363809570462804292766768770477745092807793384605541795094089713009700434000824683458337472230665125966878609230861966283103813094109407235752755160709003920300252225302882421080151536232954154551048453301737575073526194955986334294271493136861767056145928826605605077323020971261802938190994496293669684051391898511584444940505841664
304 76372042240347270840260173940255518404688949965801052050484306772926033310635151421468276562835624840879745923239873065849093654437649467445544293253051403407508014656802344171006878237678744701015614243481192894194668968944480868571673994249350916571909100016919286947195062152164521019318649970517521300134873949464218170618368580640280417459308667707441896704
305 1215952908099594360698177605586106699926023229441462045462990630543915108718809531200758508065609210625664387990723494982363695921487798088380269634598210629893662276604564066402335084050757104245795489634516724088669726599953947361747465595567213765763949191770916906889499103310080538076474284044821555390918578666510133457286023757234489500483326815878973756416
306 19360033249630365340354053059076337982496328401089717050100189039158987641982650586043906916270946368668562987128835972188621616127582994902189490819826073527443119099331384627331399077590199712912501397853213256479647616347743998127237974429480374648902363108473503728860623100969769329720745376729106747111343616912881421738549434575140944744771429738118190930944
307 308249504982379019486191371733830211728492097796954376439612331113064190060432103572321486060984032610653016746204271434175989201339546489630866325541604770395756288948954670229388159737062723821422684664069977523652348570883297314411169736363264698323869290703772017719319762962918933940341111787780073693089453764411651361627542940143197387268792228660167513899008
308 4908011566760443033005303495686918233195113323852946821015656602626057644244717078549003364814060195860312833618837432971502345328697350089066117126647387162600443652064082256389538323151869244404960414563842617010277874180550003234140833571912478402718405771720730294904046388525999737046366757988570730564969384780849997558014294307193960325017890065234072425276416
309 78147596119481707663648985160147770385474826072715539867805406675633150753172963535743328783514045653991885741848312324402515060050645529616956255580353231069578795834229637505936860811771408742201636098342362263270104791280533971172796597525578337949162752815104742546160614429305081603198534148173264419275891960028646471528550320196075178768744546078457974026039296
310 1244321143906378489046755199255419275212863396161035451524044705544614832956411991108972629774674252563204761578307517731084766652879298845089564639922103529313444056701297342914451652524644326433156464649831486340247227457319259762851153478018153410911311061541398482374645390007714543907632533221498310439539832079534027596753565257385278535622062892802344650501619712
311 19813267650961104731966494288520202721367538291675332469050747379958315979791255874634091219865059448259492028034635186815255260269170890083789881630383658805740221254358292486489030643119295837878951972695314637628270191253753258952413888099141109718455842670079271602333837251049938803745479839754206332441789833447021566826983453900577226712889938653939914933245575168
312 315490623434488874926830911966750730797579158118854401111321694778304511312052880343669936381260206708077337198347951551319978398773913386626600853262443068029941087494368328240167241919593452543378308904412777380802831675110005138983812390102837298732716921996065980016204583445600078927057976581193174061737622889654365466284362584928398606434936027001853463555553048576
313 5023697582329528066537333279846353819381285075903096182866876370378763524883591266192462117172777278907327861341737645562334397204103263717432089791391651442857934975139018145502330145302797250304544562277299467562209654201640077978438724430843012250892142149961695422607087639148037076567068583392494229291206236317171559158621750107700905341385018333082697333517540810752
314 79995794881844843905359509830717827610782370259340417681656864244566181033098654845522892210269253727524098562500261991912609410775192254648941680092650879063973986622764572632740128417397717000601566720011589905364532923430680860530606644023447539876879896780936964623820667879402820348024301714469063570009047931951243331120131625316479739174103254804990724206613477220352
315 1273847459446527840046222534481773648830080172011111471338664673287411554979187420948626009829100416593234725176078836463915777403549755099600611413566676668440639378886533964477938989415898526702824940448176660568673555377950500133474014934338115570515729787702481897754590492919251865477621159828916389372378282898489705085771190905372438105493685001677308274887672852250624
316 20284964281584214082357363450139004061121104588841719891294775492000243289859032636563750016798609489948098794263612377730886608579699150532847208111254433901326225109903193604081713484052551290027289805284621952866056678657137440969814439124224563248146730661057031398780515046850259902324303123806872708701314320528744402997992237585726011628426946182238786987945863116537856
317 323026076850315085979039976970960877947688212567733797540342022887973020359985203292937146439945266053707754462067138662473994508339985509182829107156659608787286439852849230337321822131152508082971405802871018406400169006123362188171206629304031759818807576219315403024322965754036073004252691161192559839850206470074550153342463947982694747669171891470467031033826370368110592
318 5144076174766418718587615332898564715357117693638950794891293784330788377363681731267429302303237713617169385557962584497996790579975859740442549692223425707378207693401830868928318379352128345134951068533660513538646507091636379311993017256644968159629259716228797594690260621043016519076713382755102398472663317727434996136329111498060425504483086860487268186512437741452918784
319 81918809312337508845132292351218294895727701985010205306882633299267627358621146747799668097093627238553316216126517907733279838720716114327343952441953015078155514875347746883321504387414682458016878234667083795966329038141035368277497509357876334328957261985415896595629146757819248508714339294097295869520993598843342188649515420344577115479568864292126728869748592959909003264
320 1304566623088568462438300963687309023509428846945073897707945266245749965498674613144245689291644303895085147280230461807286732577180443353355025932286380582731520896925795339837668812379945156725140599213244096564511611677833611761707394408085299547896469856430626982551244947704280432215218996559099633394850912296024837943477550913693126369547081881540788225291448394523286979824
321 20775679968073699998594334974980161665055585538670723181624514342895192054955755055667450995134318181285602968117233054762268566314325937206495250415098450786642852456765761885500657595266607007099044127521330483645267311106434119962374930379039426168487967387579959268301780318497336748608614790132461993952915909369082694522952903905679638034529142723627065431075224479293223869376
322 330864782351902837116759513962423321076759141242609986577107707002843309738675032912074452035177826270995849631272992528428739738510949538377401936643798537646705685029841684646112250976190899429917654411175080425086414530292296468181716708934528099838067748222359788062363063027858620216203160878330675847216775799753182605985502066264463326189446537823611254138385531838484549293632
323 5269290134646286390320178013636879260808492109039901525184710175892403922950956103308488952671887401097766727050160414582618408048247129563854511248814296783416500751138342207787268280463065360833963862898665035450745902503495471908750194885793866863410278660154112372804018774224134547780860944902482189776941557828050288985915828777786267169164526962305261375161433934873951955800064
324 83918925774962998786031903015033270026751066552972769349944904740280264017258048049828797929618801050038059833923348786119641051451180222375281934708532334849241221647461782077665415960740044851123497330736172798375378871942585006478007187213191380544832939679596293777467456201394606788597961328877458474761916302898162022232370026564479996566969191383281730308969200743947285357660224
325 1336515241744388965691441873948099197662206292161813661933239705739942961059211384979758680768023903813850021072683727380140119478092298670467902060062328286397975864234156718057919523776396291216104563133350250438843540066301646452166433982707698967234996713518936957953274133487841259241801819203422435157703009832374915925408328168532050091484287771803428962287221583672043878155986688
326 21286000785922181701928627578488967741924246700089675069556096219095825011258141541005916012884867128938894697897448475632451564735689090736340828767773170312582318365032952091486266622387686319525773379891355807593123225992565669245887860423750593751708987853481055609695194237724724459966257018701288745488074204530954417037929696080224658956805731082802804811413253224380142858421988352
327 339016122418311545416273767903025877134217076640180677495357012781097200081630044599244240179415534182782357504276883450358432525349101172692634286790847436570617622146274549356549070401691522082135914348501111712530277796240819678151891823915113790213229228423230614280605219038292493470180506233529149344332296128549081651025943318040832396590304606920391618579948180466479164168987582464
328 5399489657157538214124947404362385353757973899767214622271708715064711721283344475244156550902964683282773404589079772720380906196805368925427504046648076088549522343134694266031213360284449938526801109759069441630218079617529618868266633131238838460908912464979566656621209396360508741412084046076840376455758151093963836379733969722317037318103149713713829853226695571765262946694129374528
329 85998548464116797923886161442191925067779882315569337639991615371972347676929107948156436686260639880424776517631608152514854565617888848025697767769801231238005797690470337130348176850472237554764601478799759080497733716570077181339171957186853278291307943987767768954174157213601779467991794740722504747249006986953513722429536586033217559352084913076272181562093560795086907254049404465408
330 1369731797537458552425557146942832820194121980883447642263025796766474134111905766161055129647116134278381677246385811141293558944848606614357647234094827454966342391159976105122543892782248512934857369517378130604259340827020996767494706373751342061240765417449590611319516183207076547928555188306372432903003625655687616948598082273384070095611380093732992681237726542136692022608790675619072
331 21816542656230398219230662948281016559437638736345344144997949720499843043697149415314569450774873273723271430786951923087668868774661047516281594812438615504107358098014904974101909793813069260658021838690033756138817617097153188243160373413925910600544490577584395489474033463424007734791262415811795458072958903760339433424450842618639656102042562227290077249738576339180681665309267774926848
332 347489954586997508165814302792487023086740250259243795762557614716569736556816104504963500331505627630604406365693633723873402369763258525919712634871529877426420357884139793842732674859694771805035087952809236716793808256876294701327537857967610897380406513354219739813507720020372163099494239004075628998020760224738845147264594590798819703690260172310740775597574402233412974608703110962164736
333 5534832499706673406875711729526771468317136452985814813558879413156656255655720791285970914397537083914810392531093157005068439933176037964074006244426868745567173687819861344630524112429441445605755642630125866949891676063911843112904450721737489988070949551776140372434677420735137216913986395117581871375522245839604611634178455211383403181218706772533764784121299259109143751402877927586230272
334 88160201963044476308390508680695814874720929674024902384013194973028620152521129066795611044942414248015635075800933118479644522336434208688033859808032909376807477236506790639094534994732124630050801570554423019924746510995593916171892304198321086016327431253963579699776501582527483358934646320204983997175093625301131436622290737606250580648687436115031823120086714955708299969117944397893394432
335 1404256689305856548990481399818971070300964289777637370275960085360012890870421389574441955659856958632929509582123711406995244181904689105129359361501334122962774469457908999114778703250358627622258233935627468055469231940414611992589080641427167517818279692713184222132837733846438993977898850563261653964910721339839924735909657712184092736881370568181304704601994970104103676226078463046866632704
336 22367952018517514923165353944942719500674312833764889286675363228472568184245718973586677869945728823531851484118289591392348167481853757129209293684991767797117143541281010945010016871804835428274634392391740658733182925576196041769891462513729874277072109588374839213240761033904812413227018812485430363358768515143826147698034955113657119413025130436606390243005935055298718108991324803590094289856
337 356296622353996254037852345708058509853562565796233005703107468570103875465758091019953568016181117892972947844869094429430836133215343760312728738140496706608185027163280518443406516253352151005244679622154264243913846607227327373637983058792987944773853517094486768144528461614679964966568276153184823264768874330256967229142963651922959912842317544792028439787468587967212225580868867924873061889792
338 5675484158407765799823094420403342575797619861411565154641931714415804978541172643474293559340415448840137814941000508034950649641977801388408815573127750311232755949775488797033770465418219054094599358802117569427085430639934520566812675932030542542615016418983016269631343078552456020523368200685463600734642244115553080795192013468003478901591915157952000348488517037678019148329291398908625399190784
339 90406534099868519025939003371421801890349508520797360044300195951214220071139318543537806773407816942397398029783850095140118433554591961793857255079654232707194992443237204702353372190798025369119002945852302404837214067223753028220698369682676482967427260320901360554597443070216282389108485850177501701505916676309191301626039576975154205532603455003888698425828548793362224873896907583718691388432384
340 1440132278795412899518027896230502838875277666108706667318748839449462956185258802486909056407789714947346314124612216999089679230025483573978524441052947669198600579829190985866611372333845645810582708092894885777344072885971877588277444514182245764028526428090470880619088835926459200570458941709810686405623719019950888545353058604176081457855604179005894415010854335140783644476438790241505312787492608
341 22940906577473885542415419361223646473431623471101958656078341900133157805742000344563924673843091886922583855981773482925119094215326592518484184230391411708007886344529631375135223139787484078632511968206239077038826523639186326410877960287000740153420474393951477690759468468609833926536986400117980482933373400568348404821681139103328829210078496004899152195127345274763751161787219005801544174077002752
342 365446967240158945261927522692887739329576146929838397053923710723820632851137192973636194352599251885137265101335170296076812106323780664842004573071416627117545843084194606829127149956425223251115821234332061990302623210479514648841267145842919842599870561902746580154047447986650833280612883334492426547299998396702236234760610844643488880474508859037937669716675829084342542115399057945083316193673150464
343 5821618062965107362855047015663969084685354563372076282890442147608975592382450304701551052402750514712236750510503038882590264391413839923614736334549703977132122967524394290362155475065942480120697349120587294550308664370810050651738397533327353901161596419321194683844983689514913421696267202693179664432256345263553754579844203516760082682579331019332078532865774383340794928883043052314230412977009328128
344 92740319093820711249526514910747329668192387511495731133411107396138115665790890097044536283286167583575336608003183935502367755486729135093365411412803393802589354505674830491491740855058043989352300565110019600395010659049467429037505070133670985677362775202712771908954214335779859289544338769556571258284021103128592678174815182710010537716124007632088899917447526671633157703427745956775399238964950745088
345 1477402941432848771037636177462874741063140324349274210965453049974347938780137240362711144080228510748444259740524190832818709348734726879710334148457773712365312370572976172315662959674007660862277306019815018852710088284660432391198779994883270065301559076127016891862198947239673018009722896350740834870127276018661364198366140494196175890970119892212019198802488781740127461106066604237434191724538259898368
346 23536116122013165178023617303551535210627685485325225688093586298549211484962257990358043521457304809114482416931536000223183484718702019958612323107699349745270441368880601853575392125509291305679658970330421985417474893284177783247015479301906880031782295627473491677779309962145162676856201979671978410215254844153115973691079914553348222311101021456974731119576836595390034535323606970056327063416982892511232
347 374952341998981412456544829276254705888177930411021228441001740508021009219910689793487449719382649290975057738936259529429680578475985486247125978764546439431484470862986011013453062454378651616570064488774764756735668686778382177036747023901282120711201553296782312815282825160415165966575752477902052087278312379429598046261884792311887828489870648520973223708851144785176471742839649722277987002059937754906624
348 5973415789585798495254778977612474014202417368352321417840971813725500665715177152410598633409878648040944860241802340057913094965957481790346377343703930064236969721107246844444276469324924773610849721838768068183780298699894306353712659841701422625873474578804718436318678064602192236143638613877258680631537950053345882209783099085014357583665414345806103687108002155371045325888039579779980815817557716809678848
349 95164460986302679780874898794851983212930521749377289815389751761615193510630267956355807604969592743894773976547804047889072787005344398222862216220904044650873602216006213053708740665911637953361240697271235643913531642250698029673683110314979394803519793442116542694509615870365520689675581469660117176339612885985899618777537523081993968751672873833393297311449101344294136324160005249489305307558252320632864768
350 1516115121599566941178750141434884726709128896734214192041588742167942796552646364368029411925576306544058924822347044021936315739255359110868047896791550044727535657427498954733582222486043636360087932628435817415707265790290376138253707929428963409596251657903176340214094446906048826981189593707071640094755521056249556202064420702618980607820490464197657798807397934748862512983960831676109307761743231007339839488
351 24154323415457233632845892364343636305463672497972255702688531207301562111294820479591936582737721796525663180151408504910915046401832012347045508320610483287501535609071276007761863186593710725038725309637689886185941631139888148130277877105801769727549150694401843022877263456403635897867440216163996048944832153707153735029520641108983359963638791136243021510886288320891806997412152061775816364869192001005134282752
352 384824624948949515808037157257873835462744119483528003241238631578575738233172417726190601293413956079511883322895401746990195428969610573298365937443697801435905845259115994492217880213098807909134192979297099473035913416125367051543168816650859141376688203161250446943173175078877417348853159742094707655011247079173940767341219667396580359332458220960092337399991517494720067403127521106235042370916365663554712331264
353 6131067291673543873361169570336549749181628218198598572985593870355344554047911997223922929777675334126513917736950467490659527741681403127974218180213408880311939883698446502629017237890950342731735239159831198602222781704157879499977200406827670797337323477864558629498587134772956635122725059695971914071550446900211439308868031742885052027967699980602586006936788388470431686989310958304270174153687292710720711856128
354 97681997353172036479427401492035263646826085825466004695942311433447909842098468030310678775836367956535397043807572548911760284065576328092220140483940838732940827637051678818180024496191482555718707163202039799624975525229536737578547946513395797266701628659156881969845055909978219051974516056522420831066480993874225811246437500547998708559920010138235216287333013113353347395352894480647711337740903056491400296951808
355 1556317392354266810807357200257743581235633456786315957493587906517335262633378601037561424239947981123078138004619792499481491410410178968881572529011217690724989138114289024307502432914575878669132173703680820891458307790806670654451797599888154495605072445645493881757998357520820141029265394902215503210592692140261512948490711808382159598921310058749857243268139588284601940931867337947813060826985917035891203649830912
356 24796305156114374017399646954048453800350810806500411648484491881974607243830178765594706313983196111789248519472451036282756764693348316686594562936569784008650497626276264477144323548743114926048992044709671546288125791240580984393793404675132566968285837608538295872858863692763235815579781810915194479233404172958924882132001488171297987254598994578252229062446630570766955585507288357861292249192284326144881150290014208
357 395076235419949915059583129006358074910905458840082195038461111671309119336631029387724364549603949100669395713018675135773742563274006281199050384538260916657324324118234400593928671961085897171825796750693623211116294609759556386299891790980293728445371612521349444646737982559309593120284752804132228019465355057365799538326151674493287975067552290431952327336205354371318621689392426359824107602237272606555155268136288256
358 6294771148157743978094323842173048279593019727409674548701022735062845290717106439175667639357621634932061010330996436854022224577606543495771435790121030585766291694801972695682333956334629531339894426378678298315212521618699493257136689323037552005846618230852157399599296682764525086669454968588224624893427215610799128259633820153239276741992743835722950073559716801046166143785348463446062949220699736799203928643270541312
359 100296103296248024267069375509776064461333942927132783645596565168438212468642771014824585374255451356868230500045896225984939607642590479376090292550192127350428267199233835770587905424938704860657311785057059490527123024435398026114320994528955676515409944424917355489793141604782793241654299891286394793338221799872556329257280812613139189500708917086996758106863969554980088023771249487498613632086561588460607797802077519872
360 1598060519577350591286096694933794177386921383913344086250171550251102454433786739433343763249411798361070622662343863765279037984065670021423103891464950865142419310099153045338344525846168751736108755482431158177434356366594194892069003374397189329582115603736184888482185113260404892620382455866192076935541415776466911671589601002674416816355520246409006584253791670983912867717123457689613196512391684643011354976167930384384
361 25462873007896253486845233248269096995375617190775880078660722200570609557772770327124856775061879909963293254090954239758796758068334210326908386356485279758974785005292106948643056447547284800348176861924651469899966225687657264290119856161849577945506050584311883342027280623197684490059293432288574375810996165244412095179323670297874100467078207105131886673313717397763923793612200057251551547351338461989989080545065931390976
362 405720150309278972114714674746311201870601081040136376812688565253147162186997643298313187702827155039735745637361302067864212462070416444417410353092145778095793183618427910942443928176762577271912589275586466227323502036892241363188797894556216379646547250657612694596440661241229855500699909990490725359058951271338285297754954800196080677671844619929717328095790673021708372171428367918810815346734131202214688411086196145733632
363 6464734829404971210034778866430718241368710558255821551283717269944071325885364174723564765425291290540126701527340281172002345430853493211042435646068903511147647544745117603792969631292204030745068349690972277719905005829600834015426339867219667945996724446755374861990308358829057248156630626755490177544668519510328777201732878627656057072707133965552090308253535596309328448726602110813191750093085094737914398825706583891902464
364 103010095713476378712599244626510887841214973294406706309614679258030070067636608837328174567143950819375729444273138293975593377756853742777518801524686043322454553442465260677922608560403095547291830972524332463616743153078184400660278844939631070761631259498720377961126983558528271532203844563767836221173674435805364386615923385004028731710982185348616175658449195406322650024231608687928070068241886618779913878656850704621502464
365 1641397530532571060961958578079673398085450868948575846378046609035399575585792376829862064372202085348538664921445065119434214251385335068194070259575667610857413608032937606288766387355199271864371459106619077900803804241454450977445306630099855735394776285868529485744701398308778495167737750804534802357582845436115727779370338102102792061915446098069050188320710387067946951489230950571316981697327785330527922556097874740464058368
366 26154874700969000224373004085464159174638643255267191237008578787136030752159211034543864610751397971554771850739628697713879377928698620802594063605123578896257222505185986512019679538533483171760542877464038949311026618516480970350097316324740575026233997721783391237886810287381990880128972617344520000591996197037023763837623455906891644826279901421515711679775527304079617305513722310587350115675203534523942378210257454013472571392
367 416769921748224580749013513951028202541043951156615169364348441588845149855347606574239946313313782704599770330231417312237663614609755051258301333245603973691029535417545569928527224879391902639344638708609308680227580208090688703411101997392467684576109507371481520490181327284927361179038506674578361181255310182533381637805910033692426408736402669993809828950627576385293802219248166106787205389573509216239187974181951911788432850944
368 6641174980744622961881946717302287790766324464640698627741375086744540430306900996262599832518686047314837789263682303816571770802710202905125985415055367832470704916538142575621345256333738640113630563587578739215282041871752470149627557756204518481651533045318695301960274219288513970112592794959476739864505958229525479714454944126117232945672984133802393002190913440397833541022270212370390161027749951359390591964940390939575294681088
369 105827437848511879668139455661638308870927681704958167270711538903332997199956331945071093035619223333550181247682916557580821878360119621602739932902007490154451327082779293681997786020941028774620761948134567534293552394331688400920429855392039004901075848307475705621424094539574693806417282992340848849203998150347423706728369316180589144415610694120768809995238501580342806442740926790226630827761249992057395316500983975709898562306048
370 1686383786861909391276001650284124578997759162728339323536399803880749945975013998549860172907705868471061306028535770072127624054974655152052114072752378266675485656392089845410282355051475202753838013646752307713409561670095576668798159260447567593259717604895055664903799041680476530106073535351515947338813639691515668809767799747838834642554135896325249879649872243460600242006405471867710377896887204472388888922880394794929523560972288
371 26873195202753622531709421026571426308819702558230899931538897201788334396388272231290076642603819660041338397480459104534716713568572661510380142164145765676201049046582191338164739699552779722163838289466732591670058310273189185911168769226109809726846539847959484731594636088248365466581439612899544052684213238865874724642761490618026552006694968570507843330839614279539311731072815891714267156923611718324880616922383336790190971669184512
372 428239695885181570280621829938505297997489550844749843342654492031363288295243200822924317158131438874613242104974626991489700861893595452664393954662864598540911830201667899535531636190222902055556907921015400222036259280745215801612929396812762090606699558914884302902851638094764737865237840047545497002069178585123370307966857459967825016013726870088901822608984272421793549434351783661232152451022172835748162555036088680039967726402371584
373 6824317723718262804535725627344441684683222636091028255859622787033830693919143336262655393236499314815916386518987444365463164360549400062069750023502120944030936143642174106529320694272885445419830243688859071849323253055651539197921815103488465713475674154749846047412604777745126638026625389809373528880330454914711009476083735461360232246351446346680492240152683896118966866865983168092406693253518065751709457444928790973654714255077408768
374 108751744121688906821726950320117589246716532130563344535507813601232675671217207018462851495255555934333170403650856848214092956731817163747957490767501550995469335892074410019066088639397759624596266747954667441111395771993455057851091026946561177919418964473891554223773730257628194951857429335762231737522016236533073034443800999569081728571856192492189785265268049889696314189651014560564914464223229436551634446248100122596188238503805452288
375 1733077062048573088895292401432366723454906912299940099138936025994740014615569802603179376547437116682543065110772687925785172663479018044302155396222745048055412439337358987976801203059906237580013866382739457733192390365663278384660244138717251339648185136949459035434987838864577612194970629961272073875055159343143367336475893025439264409895945283177696862335904672676151535947427860276605023907495003550740433465571668665165524070402418016256
376 27618757959885921813603904393789574682083713859450903513219495442095410365726458190090262728058779358278251758015562278129099948702760745011432541797185765477828930757641976939767801839673423068534793239957033438291514311420624858280089190714715364189756940248817380825610524483677724622035605358997883629436633114611366227288858996418575835306528074251975588957348225872236719918214786362985364636332386929267228174867083136868173476916426208641024
377 440144232795863940694854506530461239188270414722561329922995165061167125012926115640252499008654700811153109107511268729902278008751744675592031978767164280319733609961532268529974537436955876731671224381831410213523755437411935672854804936857078176785942182705737543086556045420430843011911032536271336628759576952188298994492467994961209583985409760574373869644520046019439046920841478855177379003171405494219773099957483408725631635395780449927168
378 7014398975234016464807743790968161411508752604613386367593637701344458061211363516411498789251597038946607766000532447153267980503980056593861003907067099533139131032198757428332863885262706204307817866450090427697434306680898857874031490701272372825413418189922217859248668301408409216976983774429592398919978979957293554208855639179210912633608588576455081263857781750966838244421382015374670151539006163477046258362659895490574579302044179292225536
379 111786785245472465279733707978280967365968535160786435548621270291319302144581248699856248623463150569150286780911679111023975420724278935508470431160388676980063484405991984646835326797985469013298519005058907392475233988777328679082617905113295311613793086090016843856316292838881784223331511660715173881020074209687356591733506371734570925549341068143259149969318964587682126173340846722816557528086070131002505978269089016474683082710211481930039296
380 1781537623400534008863309817813140069258489983028205465262812367922664569135851921217405177258794585315983553131607037777677908651015087902075200813333756852564032906109972531290798318793008979218158393012976641661530289628994171838683628870385222212389404795389412858818586426018154279517449118553411606286820844022819621218253388628323487299353502574079159075094146928165280864720733545267173349029094945306808200190924011343944382655833478040766644224
381 28392526212019984144657339951963575859667733238047057682962808928898742271821949365262601192762741385638894526992026103289447590169635601374472945611611228670272651489039352156359360750065262036408243543586026958404089962392526644590905640971944692239931573546631731740100379275686413321225111933664242197366107752317094625888605226617478770505154258091055375030394512977984846256865599119792194431761303200870994442057622715442448172000955133305989103616
382 452498927535459178359169593231677461123462736906286038648294742588424495329982141819701705732775839653439943988118271598128757999613358906589012154351906425890477435269743629892878432483215344909086860656347562846472941791119165085896507927820976833621630228228316445027334795655506518601481100873439764611720589459005969023763324306041931711441639620839537303214264832016866107577446976991729061170555645993932866109211965983487210228593998836166308134912
383 7211664784874344554264441556370944636777054179723193519271349051158979457372657360707295570020118259614823882158607841396857031536743063293174256766828724214582046154756540291972547996340182852775247054244618109628642951440996756242159349404190602607984881330319043533273357663744954901108012989072611365477278873196737226224278398934740089180109524425835003388160112097331632768304124662241868739236370471374213444597709126199921055532000149084459105255424
384 114936493628529424255959919697349429250679413678018020915226065421265739487882945120752319943436370876105420032643352125941461379355238466394652134386224552903922239527394787225395585296273405800163803246327937229831131639608616641595908626796960814812914918694042562184715926706339687115938791734984258300355476298743944909379097866942724959408663722872201899077876923437480082763770366146991973122707076094504972640348286842680771947061768823103736224762944
385 1831828318623412515019222505581372924018260308228468762466509350481353963988283452992441495778351782139734536452125384827989628348554100542188378541143659135246030140580133058800082838334907143929972016849626378998730606547890911334092552971443281386851613086471407871930641588877755184513442947889803167357982411593399687538307620496445142353289188420923892017425041599102739148273037992663697852121484517703573956751892595569803357577452295966964719033741568
386 29195504378615800540511579633522862738099743588874525100610847950722456136918155636338214651191997514869431128178346331839736893758432853494518743467719586968833292768770180993206451699491558424779006963522309902396122926030316213515044736518083718409227066219939516864867868092013614308612844089064599788281107939990652326876829965578767159433467338729461534251636494813849030471799628573602922914407296627872009807287712706245472247517875894381609288344516352
387 465319832351585216938326822702830697731652215204053566451544071580204238650273332568441975597326379390461511225196303194595258915235314771176463190019584037922506697059145247805927314816368529736269919634014560683793192605558186531193848130354581100740991558532356770040623389185690793728893865673468692851528104859536232850724139069015779169493463956851895970958814679391873568192102462277324573714424114526603235858770077671172886394915998480349090604335448064
388 7416371690668399245168555440228566980113474620379194617296756909117808538337625890997159932802054605036958211481733792300506407757466342288999451699741849130543446197257608077574598150788456388060677018253069937606801406329415275641281656238390747957182274368327460476468239034243253317976661766032496246992869035748471951861122963443606438909328644681513107794907460790790689637064499995558797879949835048339961070597314403601764834766111468518201758506317686528
389 118204969073544892630358585516144003755468677312417441197175374335672322335125547282022634420881021527916743425493092139974835360535037055609033828977612324906949077558945045066996791616727026117019373430945951962544316961949538265397637579003937865814479119991827272821393476374078732039642649318913968079217191360213067211342943710437970906274501068670247390131282924317603161184413598003357302282969903920339261805165461279443724618861265618324961453714319459328
390 1884014667066952934571249352015142378647635040568526541551504864428018652549877322730378258368631814888880762257172208013969893697684993322991266849120034951469018239338441811425526161903498278710963486750006697641383210008798737634034340407223529052129448305844213999871518950649580020615889663931685597346778510610132167302508164282901340947479156786011816705963411519852028785506268979093319075068753552477546718081435808395578590625297666650943774892759181070336
391 30028739520093593346022792575051158674999343220857402001288867815444136627879823634830709404970005950403939532243058517400529259655264833281129346576482223787665988481764591075086486204399567367095164115740891619218060425978630932111316227712325438569538876728755584712128927035361415992044801404955451543487249201761116134170523056195659577075359103495482529478832587796685295051564605724619142113439356000316258623144350058980783538667674452234336675193118079811584
392 478623680080705900393264384523800649861967123043235426271141059287165149447977694568346852773504386374929035081762453500278121469180826172934162382177638441660524512252609972118049426352917076400332987284014900745330175366477478914453873816690512519421811628441093870363988375058068079239182993730078819460406803152213125891378871001229821301316881404565011275708194779874912246251399794729441349651655246860904743044215600386157883155165017953407226897081481870495488
393 7628787093699705879970211148613941006148979647621503263969285155595326278374992100924872865448839198566441974619106501808266584141053236884705188940587623424990749045980371755342851423956718288881450246636773364556158148050693987816963272305115701724151069852232091430498571153641659425303599225820640922325702067435662919985711681066632907087342815513594603141854082669020932392785491208900504522527069374855606842191893231080056793051807178390725554594261429858405376
394 121596484774842810090880893119161681381203040376273397913405901936474511510198469223553644696899862907981417052299719514261612728092734717125513003730988816807532695473558537120395118343136939564374966576578092130568872781885528818774322154018252753462964812607388897000499544350869040597856724773446622768096910314016652406702989891782528755827170628664575732493707747771342366188970191328019280516214046713300341286506632581147497659454214833686645340888343306634320896
395 1938164955743998053249750129108811743479020050816493536225495422039300328199942310943640187907186483920800091573257108854257578228592240300848791780001652734979198914372903230056610675348265032382801424655575963689379863152763086628697578922281620550453291536873396985790292068221899889030928714450570727152278237798731521853058055251197002294139930891345827010079082102775347690323937478261368759368847861562661592422339562570804629803107319983386146745705600176122576896
396 30893322874967644125921910960288018883642088407561161937934006512737466676482763664132295012253522092602404152886448264233361642995376209270228822502576668100512392959051471892796533755836937554061739198385900137730688800165789573930855215422222622207826973925264356276618888715594710846099030877215806458380892809355390056741649464149917719584046715612024553537476066885871045390735595216758850690007089271489192079075472135998924902444145369713681090039767796226260783104
397 492427908754276594480628939230986135289022388460456842523080733382065575094669784232406818222268807418651890197838966637437900467425450388628990839562555601763818897399680209664770579147045881594714172604618164059892402311493607499700135073800861365696147151808369996367540195642457086157818872987868949824822636386369721141121450220766897406611958484255590624235919342021265046170153897670792472221455476559324202375680337853279179218292681777904303299919249508844905545728
398 7849189651976717537137456387475060015791110007573607147666819484115831798894386333765990766443248280997749341093707091560909891375318748776621832692112267907180763229791781987785806701828431206563615648668473787922510893045257510567510347385246628062486941525531259143528523273074759110139634861605556576033950177580438498591551008886050088288593018354759128483209757322221305842379954263147110841025154415359178122268723867185912278504840801854079921769067513260263340998656
399 125115493622762594246333066689945232085846516697714755112603006647648623519765413039268352674521205385102706080632661434654115551257471826487396434911781639051374551225913600045079457030133169424720129606408156692582765754589266299976431747814131614263794546794482106696092033069710481058539470851017587687439128050581865325729399808907578425090154789980226271895318834399339079979485476903739819482947155980900229423519198684821097486776735932682842980847488048877377541636096
400 1994350340234905081684078668328720305227514256347713088146626454607359677875334564141020610867834762512535951694388474409601533449802414725279062660073530451473335982010945432347855453064475783855848238598670934107920118918120144322656578464423836540393267682734776487724860511756836495351370312406895227190229052858631481537345721537772958183623218715711899671757138851711747253825373612345059273435858999166528663752087900491396588156725717880059497747946488859078916691256064
401 31790391474793118620277132927617939647770547002907170845571731239121088076761940741608398084902853119940409406141100521060121687990931034524959372556215531720817115701345807633867952677440001491564759527578207967225146344773258996813123998574969467525755372456661105672202435992883818883301745822729659269210452470134407091551957235613884014994394912214108261989654649723534890914114395321742180138909725381194725004306938494826643523264164589677898924457565764701693359571577856
402 506750687444363234213015470345291827878385771179774011829909075258011919889994195313847613461559942000314895958409957938718662698905599156413093964362280081359530539323073627230145328134071412014695866734138916104277234416662471605861022272075913628129298731384323297029488000141175909538689194058618773355690248337102992360319536125359434884035093421840693463118919412662413816734024895575268366991497380071578328024568508223834878966601075288773189035017006619050743062225748992
403 8077869694048416419768359583884309238606001127046854944291306373687165307484147192252121456108963155333670776353609160481903185859808434365556777508515403180156373482750591295257442744798282771105121570326776898506646991061556715226185171170324337528057086217803579483028203141812640973480652620922006744869084499326865044285573137190259587882351305971319386038816889284271466893953093787907224791727007244968132940156329173222770075736669033642054520489619749324284192672566902784
404 128766634822603472869086702263017937708216616074308878837936153231898517603704650772108830199344258541530794644600727345546275224475062380499209180876376784919577006861596023063454367378223472062537884643594779064852323900822301382083255007746791076153875922963944616412698272297983887804961250293738700880043456599961377000922762713372005434448071576527613867907889608969075272128957449742101632483858500406586020226819971093415384169752017830959246610573456518203123589766789786624
405 2052644950603882281282639879215007727680840212047516954824086260454813713400045300647319632371216462831602203083575433745331274568663185663540564832788019273300432638193036989070190679568427804193328923086858176941328501157280066836993425726756787863679560090543520149712589295993535375766305080513163835377038194306991086753831406812983454276224423483484799720518548207451573715566677600270904056276378925639896180164040153202367840520689900143354599609482979710011235252994227326976
406 32721129838972573803922939719436907126643026307019748656997636784253905656853787513013701973284068505902701230550884977202776194556487826596227672795155823166158332662167875236732856127335334066323778695814614724678497901266084201964922790809869530645699045222320034497243003664193313257907126802191998942139157860851856899892988703660107196609099285374293608300500582034426444953315751846479793622417783344204881170960893817418865872435492368301265933262848971240636538393129085763584
407 521610943381836584308392176525674380236092220095805923356532357090455066987002171058290903282584668886942104116145699909431150958690173741755655311386472395172213307405778442478736126819369969033198144592389390700097136944779317028748256272369166475544861311416508401342338225960869151388302988107768102931268044230023516699415056089193310536736671415400781249210465690424010303172113147395558971302381884646955908172909009268946653642627465268420178853858666823237347009953433335103488
408 8315129652900059393219566089397655642789589603937484837354150081347119700797032118925663142449653198522999684262964288462951654010724517800471016350002572536631720557095291521998087908705156183702960641107296585033552054660200075495786017780590949111152908675451525699156035772221309026363256637076003793748587881185690624133676973858256985072189082331177834008478062701909069739965528947550252264547275692687919881196801212382466984945237260480517724678415730758946303239205169235685376
409 132554740836782343986335737842175662120577215668098161965106095588594775948873916715030798736188807582659334296838524126091232980765174280139057119310614654440928643422865179825666286070759204778994493835865158723346127103283177811157271381850791290120398225527103457076121897970365090838182450370805367743564648122206267787013615626169747468085895133451024466568230861412931838221351190027436587583174848634212083191431519041517594495764665834988595932129071215993476906084619009609875456
410 2113126002466878589300532220651211604382217551669637816668230443899503716437827751298624605054596851017539072690235445169785023738894483571398978200961359923355418531500620835818879378018601868925052788805861979493195450875238761545031181070336665696829004537766639408561024134288627187719310147055147657541577812113021484655303973346924255576031239849210726388623627102592084350183002460583978702890894141978554390444159977097101269573190207295147421930394241584794843751311804638034706432
411 33686771751676277901722064982451546723588065389469482386148681850778317997577020829750227179378036946258194536165573898782528316449934766610639708079483359697295604329152689138505310844509534791248368153828258645684889203811081847936942465254467937688876038753863869326587490269052338895986870537908337764124742577778006524894676213599601779106857722254028075652025939627196339639908397279315030574634466889501294241994061661310574690355518325045064801803267525651623873412526245241753960448
412 537028390383516146638621075794051039298148932008622899264282438731385941414060173895464258454040952916866192999688359706363629807614511454747648838284953004969971880433223298509680229706221128056816894386664086516462402045996280675946419301070771040651038555366676162962129513973217031105807171032032398108591924731308122240683463200077449967359357411406869314133355870727495612301292751222043241131324372107081964186032615975185967831357975829182758331523668735667024429935816025864433729536
413 8561284520715808526445576248151968913856001701079503763709167715002636902640238505891084192831904404419993988582037253677981626991001569824135311272488414311359605782223817357429079712239969347506442269125201491278445574524149795845138649804319824630398044948756794703824147287115185129044293602684114308180988089999383847036322926455332268701598322741793534665092020552629253108978848889723610538048370503767393841528728335385484431002697968972432111706265050201300790903379195768622225948672
414 136484844659666179072475791620375615538286642086450039904951908980290836950968192293963812732016618886505235074047630386791684744513960920234553443043758985743435926306512827057185074740621314680673047135470651503875944018318817961645419856925950447812989691863744888106320907132042105489590094196441422611119052210602305079430371489817765304662650922686083325772665640772836686722590579340707673075862782762506669412977246858108999391929522349764558016132873655185823460235908911661777764483072
415 2175873913363529217206584626573219766686186112654670461313947247139448175080973826853847316663367053584501802859601839827562495062608800550994517706961265866394730006337065640540918124620682546962291938135140525738496432035888472694394722481566616291440689888914643755554746394748265478142524780193479147871451434235249953340117221962363663199895275153901408683298390289020991165641808062516646423452761249813883850325780829935637753313240058560613274902806799068398401296462944089657618374590464
416 34688602123333740659858593309849325697029059983782964200759140194396327356092549471799639746531221575636097665991893436062138182291805722992758567943576716695538209741991064821091894389607012186197474098784170929999220728080741491462114702416238501770683365534193358869795935385493886046994709733341774602529708312832461481387518000700926738782365700170312562044822353257000808449631659479641811942383654383079612822889478237910227258171429269349735953203066926659950459065748115159965904957353216
417 553023558627849185482074913559302482043249854857489655865784219118193720563038464886567902373016218550594084696084473471712995526497596041935383076453226966994967999658939878238722407154150118488302234913887304696602102305461333658488165628152315020018490515604637120582319031264052798159512308460950258585013757126079892763465706018435096570148577469400961002370080957198545377903024885326284430527925577160674997476630803224725995520709554911774743842960929749598305275075438643333344357373146112
418 8816662325145725941038344625018940573272974014137041174658194963679740913989103879439043707517484906923376394579807610846484408905070179217871721054307685285247146993654151885359681247971134633129719687955951882371395912121521787418778783693087413153641286232610735776651609961840609861305770962636202584834329557564122970311917043190468261552609389209747371293332563505695505150975724182638118557084436157483257544719526730937081619999447482809760584553246160439767861639358533098494429105930701824
419 140562187435341920912442582867801232932260192269700354439281564501024580174656498562943376241336225373973790210622492956703094625407479730861433495791821533315518257717158930837132378342748745189195639800170185562921215768782073006049353742755023786368048774708168650046849098799422792127673299859586423251435846849507764310604373531548019385572449754742416680939586257865700498786527393656907586309035601236156589835100067692440373799537241748373411168773187173583959325857001329645941279342212808704
420 2240972424598338227037949143418292120601815881878413879021771462315704503614976471143781262048050127034689868298892330719593373394130584495576928108793904066727199781277153016656831509483418277066220754145933395314485674752933395177240823459191135467709742119446214024711169705198490806151957959955852652371877488618220691476824285655051779982397539687467640985021507438367970424348320314200517601054573799919982701972390335491925433946134132352759502091997080404211023485887296026367204412632489360384
421 35727958939354331307954458020477812518482698040666180624242902758483745562050743614979188834765482498572363179720282605125617910049162072745695277907219786088421860460388894814754473812154735142216204832354319796254085972292852086047280342196534350327507844834525330354625460068172292899104623955169340911893310781594664950536640007272083192426031769361197784226850793865421236486425909158420925890080409982648034891923320532727081128416755361333296930779233321776815151986789671974296061366076291977216
422 569617825821881346412587596045562746987010247313555820343599561394845401529677799692256167870123432775115145525595521842481457307528753690470359582781833496114848613704438572081929179885276767579846099764123965100305485327373245473319531515523490408703139172190182102754892149955712242299997115083006981447643823362078663977991328031251743717004098794052377632452233204632798260217738764139018357259929901784784231204993289798552068445963519142118939538745604635060666850034278230048860147098208002752512
423 9081604627764780288628178831525826812082497525213461293433445620296458261310140877214877003133004167069375160121565281288657416925612682883077931462761446743400468933810459489184586175939270258825986887306132415801033291848804419754570978990663009821783052508063362232243610053166780684909009331197887197759833657207062737391239098182903156833653698820644877223212765498418940505977623254240782134682045863118352940323413450037557669014850647849718761678741198810997123869843721429675897635292747375181824
424 144792226429380716582143690142360174724587021877904097246732956861982945083702583445639337847044424199443455343974749849669464738950804280451954248916465148943158827794353069592438782312709614392332309776551193936332888554604978732502526600422663320761002161120944255475519946579630779559008013140836496657450657583747189762974649579641908635257716457798899361122262925556741375905633773178347617322365045664301307890508553417754337480582325737766313059233090754108691934343423544077392749737369277932073984
425 2308508728728844991592991645372391500781975799829291712666108552031313133377245852352647030628276324407169020692703797680240939099836805003129096220994662000848681552224490247834931110331324018114554273938367913883320429411735206094025004194060722461352766411318146404605928683423976425053002311096900405858439719159055634619193682784270168215899891751548897860053970855132201988495970942530381621136880133173660731251142611192661448485404711182313036166280769957640946495357995832129077107849887043465678848
426 36806235298933803905585094402513882956209790442127339730437123869854441384561990745060265093662013732883112139556857348550778849507952423014980719098686338589558129385798621821411690625460748583435933076267055726973998667678712254644120775145579538597972888102058878277840663446218504151256961488408193929256265955345629024739784766376063052554862253075046701426417909952733714048680891685374572761925508444431299120162703036137220345337687772392459498618056252577014475760827977847934000018580419607119777792
427 586833449805425690759060340232535677934939185978496564774838217592813806811824126413784347239999193861220402083221530009093498201401728524332807000704534143142604695568979393359551637490823500100240145658019767615542981292294842924558644654964867628332644087561017068331864399830330679114770189581909080729560784972941140235878002717007479132972256708415820963871598012762957343997014055729761873408308509356715346897458287312657541076940773867701141480987711313721621879959967702322059034901795249520887660544
428 9356467045461410464918773158214102526878225814589158399536054735279083643079784982563350143791891937359128447517548927363937611064846382756895887798709528739017095363697757156559191065094341154324445167481152480470290590598975443575437241047497138187759207328241306220825942682279552182280448340852845152214584474362514348272210970394863643893068819722498937467761069060390354159717316191877723581376003606644488378720497022137653712995392483713582879890738783570368630101813283753111633922110192796002822258688
429 149180643366443836214284524502032423778970836590888260173890478740613838464804706386700851620840058172629983614114017377130132674934546423338302355900416484839493083230508250225792846535274827665345321260222353896025616187165262726723375175252395341237236462281610581553478486321798568165871731961491186608879337696167343356204873168608226830444146393010239288090799250466524408562109497066412087219746436820292786447139829100116851589225995315670408176044691848322034411859812565450017025723666784214642411962368
430 2378573602891047724936659467002742473262942580748166331679007174157274366118261655230893124031640599131317232804765111406722352198887696183974545893105897410124577267782005907419137901941614788464198341191326958672497018941597440814491433155719137406136983541203318286532846299884733090278111437750767875001114457032525198917848539937125353650801763198539912474269596419468017209157365830443189442818040911525221005033859060840155547345012420493339586181540392204262599525564844526675610091724622532642258128207872
431 37924881547002080572254433815504091215602742227859216718404134866437057419854364759676303991873956362715092411697644707423661380844197996153979582965356663621153641774930868113592381238576210405890557547826101202010863619177389619134575598803767655018766967857704761800554195225091367338664205496759390048090365311081457985932244630989202273130237279002262115393677697865527521237058310479492355364439134105699585874321765924465412962218531613238223982094807993344013903999183299476713661395048272302464830168629248
432 604693602641484158689636980050080176924689601066576129552525555069655451831534594176823786778946505899166882068406024468779239498714338610432192414804399733465384597705905029529978222712272272261018363198115536865973721532081084421519689130311784317509300095115595806232598011924585062643098973014972476076213351454951622949694447195980217747366382673502809372236491489874071380988253691650311927608020420175315095784123307635290350323099674260522430613606184894665685149150837476769513236429231597363417440906305536
433 9641619795543092806913387010233124062690363815762800221215991213018814395222582225694329896017825683294253043539222572854741285184141293521380079500947868432868918254696054210307118574633292644957553844386685336914324411250402826704594960006197199041778555260828845043574077457145987102506185626846681859317165495898189976198065393442342993600124452661429118287539642494646526694305003336911026115511742796233709735597799683931906668894610042020575691034534204044638220259757954150196535979286790364366278590676303872
434 153733353146368990206706617702035063908766116404524674474966974241981413944704577116381348016533879919004253923385877852618039256795819704637392952188780018681089390729318190854157198968384459573499004155611732378860060200656426396947170231624163854300832355545571700228619846870590967220648192368631510468373498240295627584756983289591331742425697846930684022094118583006423868866293188718636352402195149734348511032979839937617920629720427252457133583395785769337142833071585621471482799860607131525350701195360632832
435 2451261548164909725747823834082840750056001517840799497385071844992712210426533144282119094389410321890328036138524035071984805577127966491141491188339312731627540711948112069587465743471449699518185098432892244428534368491055185092587108877829683705223405601804662276771357642475246531510554037377048129154479073893634425567719932544932859972691797564150395699695548986807063031191992625677999987652250886951367367277841750609795359557823541456884249551723242505832656428929478455974719587451223332460185966738699976704
436 39085407502566786085956293497174250197470488021929236336239076434205890339733889478796526542774118360093032299998322206880156932099506246534292681898575426494794048277381508192137861350626745579430822224047622769877385033127573395647689912722215281142814975890885734410685572668996306793319497231633991593288023009142137382817782535654724316650296497745532612068573324476062832308028574950937894788782383155091853093450859983360217082663038042033560694667778169501851503909524585907309964455392011210837271194890884448256
437 623222406245135440297519241118731846747915960547134213420582319920236352305362891610609109343841901726097871192856314264983094466667622209074259138016654847278152277169050080868608933359503572973395676983493838623337887261882349778067463234368190475929588429645458309993818965972377565238611908949624249090807911359945216894738740881616886728908041262357333805250680627127158513965960462599135056188376651195245140076714224576494380300351700043839770371950712336267506151908619733054649774310379978076623834675144381038592
438 9937448265396508995939586784912689790310269650151619764399633912629939302668850419261140696865679296538520913370036382742492157925593275818899745169815627765416196609019847838845317128533726610215949994134776237377916823466478349920619276106367101743611006422926923899149551285767896061352586522964022549170192143358407516671794680056760117734708540264695973556875748609082599042766744145607203312254756160929591777944535494384285178781705911103038584941857951934525971908467568857165004922505144139854509532395836495888384
439 158456512952171832914378672000116050641368166863154933159715124453680969232678206841401241500408524692914361948450969540059692412959675655174045821492261461028544538651208672828414978537676417216898588162301466012116490901223327175458598443399746750299297904650897042984282258971455389906804627367739547227480561076123344974601027311200297916291415108421834481364664708963443659399563743856921711039213340246922506695349651145448366060743035854075219824489082659892524309504476639908628131884329604061836891498857382054723584
440 2526670935195412758990775573534768725864852682545541570071557706027894573989043410765150591916698220132979988519138832100296867916715962760793621638092636125698643141397180178172239641537380056475161870598823386272374392057368883629502145193726760331413640916492673866853209572976833240165969711729300036432898886930297701066614710734233640212843095345769676796679003131779320280826714964403940801219131644619050335639218166438431607251757391042556639774705110938106353604957744586018442239769521860704229333792122316649463808
441 40289384786907719756076009286164926673636591963900593213585457647686841110798664516739605879408394484101083921250867770390937760018745176788983430450419570360849450936451974622487969802518559898891830582518530607893869686895859205218704800355468908485633892330490281516103568151756703450851864940193666515819773210568044308634382686003312891283146850619547991744243700630766498905751940824384825228354228939159751502163993756347270482484274609874660188958771638319079408478843212741510057979462606322010889762529820611951460352
442 642444969606290584062990374029505900066185381472392080361038617072366386035238182807662167221983635435266888697149073960916377010378635486452621380783334930223992413181617375017947537212127779530547761822720152149247717168416581462964899125632141186721017366907832617136367442961578214432789026632544501841576500651062782212414657206139065358486011115576495036100933255311183200171443909525812347703107019084278325771661489070161293141246552472703998128642006799798632592409117076451530419520460893753568545718008560539030257664
443 10244353607590540969253580042380076919735391044280595827169466371318618287474531425028369668334782115432648414035189668228048961014917256734377439420234808153594105608849512445280672257660373912748493043380149177204502796098668012875527094007477530465351507295880178980222979472181664114046723005216400139092212743180559681554321052370304301406994262379739229501659949895695532498638690109993374070435770634738256678298594185104361546942852567576474344810500168116270031767652234077511630881232649872411420566223292768273750294528
444 163356531764201781970228606128463694639429351263478037160844525499113488830228892474724546748735411961588320420734725510047465189934833858470580788771481368565836542843889613648471971592147893625067205366868722319489741137238134847647655053496517860586284642253234701326992232008806979379394365325033897854290078057257546059903096303057910039912235134807867439807654619185844999215760096270077093887946952423455785397700664611753559068188551598733753453673808355053737248440713055755308783021359591401118640802505165057544054898688
445 2604904156297402532313111443074039309767561797404786167950266017007232071895653958713331596794337933082343138616804073042490350207560204297464947408045456418126401408291138390060808237858351894924352872129418749712686309322840662626499805795035727309229132753142733795367700982388386259751883022469832144875538525214538181654281806926647336085298406846458006112021663615222582511586066691260195312151238903477556073962512836295746552217219454720751765032612390281610591639106497906271850220824601434908281058493828743267275147051008
446 41538449255280557253871781067866395967367795325416119137406142314423189147761533546399797412052558969240851545962587184668208578437739517992780354938828179047107781529863478196190610978233270131471466055294607034430828307977508061813081425837622429596480416780270266873940971236118362077491073098193632091427228495607114276438986783092115439809066120506037997040882830781077387549719772254777052010090027614293802200930311281439889065394436156229822614502081165638861430954276451861298902416072701073690805993290582956118447218491392
447 662387427664945908418334921807001327232813551625368827907809261130430895706817943703817207332894762719350066683830533815754002619511752944698934228441781753942450394439971042415465519752131257190076679174598039658508871879564105030296502609146478793223021542829808256400414204687975974752735555546315367885675128510099081688445065967416511980172730425182787781237752136464454424303075157414377411483801696512579492219519951170582036439032622175268056773183866937253462634891066763188757983430561977537323692948052635915808230283935744
448 10562753361361637192189891559343199813442579186155848310215139948932399683581353907731150060896788483530792518597683195179529942836385035990756813531067126433644271878506735039229573031939354049129226913911101408316440825387584769912065949526664722536783075935855322212399593177626523797012513277256270909606862472703220167900034971542909364861728996934783451744054954390261314619473686650315281961903080202543131275367024129761056213524001170262440694607313897072150883741076433387572344274172569795829456857245049412250609468425369088
449 168440080295507183257040861633220490151249941423088979680840730124742109375831576772733815184778254236313885262732424088385826255301341655006357944707317056366837303471068704230111209584808343866600504810100563075823175303343279597974018147046841182694163076312739491467930204936729937923299013339651476766156877437376159863583663808258612569652806600553742269781514327983348110090573529071642550704478000602967454622280099849398559931734217361784157695424464634398605967491235466764649225510621425435197646998226836345800289771555575808
450 2686067784285444977829337356358829807608481444779592618172371764368766876845042347787458045351160664264475471777583916435850386887172991314345374503216023318006252021460335069470191822257695455375353342188448160655840274153066082481754715925956068202509591761497585476086290105949964270566783731634603875709799132612573959432853176345617336298142759391775663254361524304431271105715719345287951454838392547071045365915519862108483104883425192032557074695514440927779770499614560377494110809775038729092869942036473098427479178656794372096
451 42834303535994400876349544949430295353482436474208600880545821954470224458731635583357924815348386047340952210353223896086928462349523097101348389959123604531165450134268770981192650720842306971795427573439822194938118599969454477673924187276797128945435102598670863868194274091812252999096542774512535578121840670511372686674593149355128425798395712279743597245833995238785827219953268945982336328398422547169986882742768194766941803603309318658867564866192890133125475852790028148956251744848798594826053313554831029238161008370830147584
452 683076981900844487349674576091791910693693702503982062866674451338557265095440115700219916734464180216479316629652949244861454092429469949266860397841400002649982572565403530658748925246841650470950118941533260549241923944341167687665424725445135124152099159625286183278915561993647788730974408257576043079301065577191484185026167727701230404860354718134105086000076343306958028138759351427724984844825011183495209512188522694401603196797086419926815156301626548880033857615941610477766999301482860633005205194069522672348389246678128601088
453 10893082101473298479710410459615622160750584256192870710277540211921650181694041794633196205735022482021708436002846003439912632784621310872807135668733103665962891069967525585446573322149677495633365774685549243248149425450234511671915328380407708984689249907373642471784192225685468532712403157652919691071497508983974786735110953116279639851106507944027046130288057324222191641900147280990296904837193457630415710242232387745233250707809340087931380424838074177106096235679368406878734744580862356195042793186044319372512850477327174885376
454 173714101364295391913198519941722110538139808035426993234400032233154311779462424635383534865109314497412873252267657126823998546571042574313531698096577889700458136802100522013009877725555005026068177791778568779528044876186733847967806530876519328921718175020809152606625595086623868337599961308678926736248707688483855983368234961812392836876236565871199593223417725797883167240797765986228509302484725856816863979950210087532046053417149159293023126752271151580003852336567936774096152494146957262004400518748570352754292327480499100942336
455 2770272738283127233183028614555990381990949931084562701888124027971552299629663033471363676641188449134827181277357580149412389191918720860754582829548791565720880890305328022174084488809925999160263561664083954053371692289488693668403499788087358917319410602471148800025907930952463054782388536409210344868864527880601684016239642339774744040558434518923884910213309949717715331096038291186411133815238375995440309313628621476024394414355892481572249468186734932929303046761344723867118228316504837230664031059323044064945281920630913845428224
456 44178719680938096324310703921732413099692187953211873226931553161153409564293018268387428326666996993350234860233480268790887631952127590180410127983926904625014551990328631561640381724861927549020706762762319932800870071485557963676350976575945418272297655219486078854353310349720225312052415444351188293739130158291687452897162570697926229636219218965039869095024706178052945810976354018993085864246809732479023285985080656275613571755539919962186629879193623022128223929323930315827358083976572653609712667567732268585260451773238283606460416
457 704541942702804477481262825890370360534079006396650220062635432634425666904059677837962303111903469467946254807438208331458513207982404322189636834094331557809027334450677545529000259940998384950648191054803186512294735954214715154150331537693143814171797212611879434165101536676114351246812271972797373088016684730515149471723846334456949701062188259856217261342845031987832083998429651177229805768169409565865819777794362437679849961904417429541779398712944455292732732891724111431193989415044146841715734543209474697775078483117016955997888512
458 11235792115494706418411728859773554863097516193031538565166669600817939849956676763008409063396833271815915983643894397990611796251891955305881392954972718233354665431312429579937211790971384681085029096188671129926557698447602195354859626606228112345941943108365273911803168150580966720141241008932468452433911174903884121251836315496715271071856890364027486988227183013673771758395215114150687293299436010776033622354469970886855238758580150155220517754442326322687786752262135490322330193778059678671817916162847445883823147546379218630271770624
459 179185820720221422922759187275620485350926111172231520201738608731372485404849567918983573847455116984285258006217938798058893863214123059567766226690417929304617762388903027351791833019799385495844860113762267394625249306755343494154620560805788696633854494302665409002786163249671056777481021794066086766108536022356168421329279823389498243626088446320108127310624062350495456546167104319686956582117945907786267461281398266842862329912770400713251412245604257207820738555347995132386524092077571915180953027036890013818735272148993968289903673344
460 2857634456779739348395733269845883437945616964051480827435031646201578597223804355397508173071367757163360554218710896525546269781928323170732852586608253612639482040043953734090297768565701991101842044872076841039052773119408509078063977167753527926956131187807528893035062737130558405209246565143161188928307657620277813620659471707783181577457618771833991082715533171436589125435297029288991886555812896871686494971008709906533969486508127687337846344559507499889275312616297141545620247500205560485392831526036365364935983248694490279910437715968
461 45573541931845221431482678210006781023936116732822012149767752837300437542370813649980914034207718259165401863360515843187765189174284354418693397326122308915718242969206364724542635784739965148766864617371277998548632085127510021135032944086801548723655759216212643684915633318741173946219451710474295954596548920028070362836341804573240410829850687489311647652359074425825506346580215902023006521866105427591639509544449798938299374889263303192755423762645702682282107376011986320694030768644092579229616824304143430543529569975105855872737685143552
462 726811773586396042978265123438739664850974360077409469727478819763814851508642784956198992379408249992728648979970967078303196583457659388800321971607892328849167384828984903458196832830984353303930541807116262979593878674950809087041693098484107594272136004245330104720145450526495614400678379626065294830224822743323578553663402165141438917282407431334433411874157714846979847669853421009447333731551231920719586098221187149823954494731355921600752664100998773363893140129705827693045609838613537864683152285328919059873930809426649193234831253438464
463 11591354110598039120714544408132951326301383596891974461571695547034440270739349686223371115982640814644267813769932471950686892626077181610566284828686214390378439476979578351934093874870718615376366094483765828302705716839918393558060724432587368320751811827127733231314144141949131029146362029606933295147649211901843645286413218441798853036533882908357127299033377033702814998766599709840477862518303318541950664224575065007764971234624356479908094585425732107828506944106359099261886425292408615911081085343635089684414115921358334251588935722467328
464 184862758342107210676351988812296232698446111630451009332096881919967827847777249244809273317898311116135151869846666840962799517365894188865661481005313482535515082150925787696706441917247329563376941418387244598471088184493538052733350872825457463319695274699041945513489052816366552967939205203064396525890828755342143706837974612133917597238279390025857625195003319822890447982884456543919992232600790251093150296660246826512990953818004493259393981387562764379149734703009582505125845021577910260543844315715788270318377176938465733133794124041238528
465 2948273078216105169619432348306222015012178734235555453308267897498699370465984559728830502798799012224150814315783358753512310900287852601598784539931282795777986594935877617261174045392326548784677847099665989665132075541785839464986560933856574575430633711183616971630415903327567590334517797262173635265039468881946813647906000441554063961619642555058301664817277963956239459062560027753555246415483051290785341868755796837882147206260785815623934477400896566679561234023732688792118106775291678676134088572922047261643214160498132139632489171097870336
466 47020689606808008291350328835984569473136412560801775738948905979087877977729503182712017150332430808912134959025810331135510168346787498224356102312753390036095124677208011654350181227627219928206196081838842530405052858629216071712445779669894993596495352511857350831751221752730025130954460518052053091317877269305564131490757942939935226535801365748399760817791818884173435589429620888912360096234305391893259990437354617537797625552777741429030038643525643284522339609751647641817694701732324352690337590356347581857395755837686726189293850344047222784
467 749917137332159316173720457050976652216313789909943370062376294783000957451127160958181966258635786796622884565059134340678990988091904461093096346384673297845417219330997054719138558423371006828933387201003099717778777947035715788816045775607503214007048007125198074232957913929584703054527691927314476485086546235298071100899815327183031822247709982114537515456719482605283196580372419844629515868561484074310100060727169116325167351095730291431339227579779504673073085939697341146770425444028813633177985599713687399507357308153893546177099273769917349888
468 11960257951029955750457671445258880825114300887204236195640599976383901449485409650542178795206060054676085848660846816407348914958144500113197031492037677818706065141123342017772797362109380154230647579712492048162283878021557934073165630997314970198245937566403062796733575824596280729012315975682540617697980760341199277576849991441650950208322251940948160603880211977777414011598531930981330675916231776431710565438926339270480952012055212078157783941448612612577593338489577863083952179343024778120274871597177542188739942813485645779977139433630149042176
469 190752740225584850474935521229617787563465677054142610796352680293756941000530754369202620271304929271028641859799204074421414847318954051693223610914231245791197287966045035620876402915496453325381801233838376113123123495253183244330673963304604271270036735583463622196648104738418614317962994824886562072747701963853402519157591311665873093480177994914142327816074563700926250324840889507921285334397645308814632775519333034252511561983867704946191512826203226993746448578209155127659713877492108696507263663000636326778964564221173161653074085091242970218496
470 3042313629395535174790181481820145842055331861037180558561394123598706529373926620006811408562300717845889267308409119512082168639574074572239319552621120385601674351492240505292756597605121329655402072890977324379695922231992571535251261276479430619280353522509339289656832226458847695349582295677270098669250200090708835647265541941102174448845749381379993583181730198559697786180498691526735435444514972131157579532935428195811064931439510561007009376801528508075448107740974026324892393186793024273175707534583138172809714303372720159730821988646381190905856
471 48522160111776839584385517528535145197755669878350117909976514782879224279960526550582130470007990935451659257882963468826871548319632232695733652405518977602997294915874470190331601862491765663463940515757402084338068626084508373786927944062057762702781569213381564148064952931247270546241832312417552709058047454163856135880380919374277603054085391395416481213847295107582836336674841613803442966635868528100933170604185155508979750182782307468081649353926700248451334069668555559534831125780956932512526837708461420432364408770178382591982810764184460506169344
472 773889944120164010949963842503158316667131711448912400498453837294523636695718169465539346699821869826092937005934073255460351745758873153779321484159769864478410505485993504674154218395408538713305063865752655881541113347405821708614753025918598594049491581409766817100181254820423743868431524974190507032951573550958299159353396875888629603329580945438307563529493517113462418337714787870608937118426036925294347251725735185817670443403311984101868566123808807680811784033625695126163265778486575356902443170217947556143055758658078750131306823149004260756881408
473 12343013427470245243130780873319960811720152845609607481365478532897754131011430614198351370839944755184223434218455361525863094577852326364111391046089406780754431851966118218864072695857016623800803662339083737394194176923903162721326855410062850292749016395720488097109174296680465901198720848229433301952515304681207457132292485375948606502947407722625249939234672138963982345699217646317031359822574909569071207746852632198133262938389717094150452255734723825364646428133255620003060651801897259892032722691486413531548368506480107919318958170635648674729558016
474 196863910680074031688317725649407497894312154744587020910291254313960170961916752235012244741176934662737128733526338525148431809260809352653541423030846979788874636743240290549441371137621644964053288632975931979311763307685785858877664836627886733615364491761212907278034930184783157548943409753256492066613528429392794237680327507452904596361952959986035153631402224002452871598649042418477274730622438138546530079791757368056043476418845504791576035127017325343710186755268591237357045448774696036679072574136578473279423010931287004462740599308208631930211270656
475 3139886222030490518903779133097473522878751914203083033487247371464282155157157919242226979497290917738694258504239277078080015669599975697880783248448319346409032899711974031277676776719992064571901067708675747182900680240976137644756478368926576727376855264204533285500716672248791367264927697225830008649677161524790930882761424447260994729059450040789760533175962932203744753363756413108866899654316427411185887388668515978510246508574039565233913089489323333558352792131202008570240102954514011319329352965092555268758698268388811989906207618391232525013159510016
476 50080032082014997080564583068489270855105864579856454055502137798951147141606508838154551797519058423833936370046916143999175484049334784152534446929045408819698315994049455656319014958282336388552431212323835552965022085716395802343940260694067145169793707402644937949608519462606528257981198631210607729569970206020799603635371321721428025224019691180293779319304038774558106114031228419769010334530695263099363328268470151761336724231848740662994037422183789456470539283504349606673179360172157026880176693557556325367977047051653315846782562709099406872365945585664
477 798763401740426984512865366487385220851055656998143713816850185358512924868694024500696960169137396276363426132501185203618211940762247356564509666481963182366071627648977613418559699189875630654187937625032644910144494896893495672248823818162212775214673650381920839155438213457027710598626422367169618266886982691683264156627319938209861204206177318408803832201650443015848971831133582411395006919998506027629830255849222231806639689023774200395491016871154240288327937793306356716997932926519198993369221989595628996462132247703510486814322675530215309624665228443648
478 12740151059549883624330949273212437695491883653641278113919335145338216726573109583742389793405040493726790954821968819084711735298007244457282149161562108174341226526547693419417846193619493314770604009591781212292352731348982797204504415532960173712237719964791765871256352145962211429262302318273846683578393958008312298681295243030332174595047963675748721383543736983301139792449215297951221737890792047336973156231191202457973987374623474223611011451827642505295754718805258272271620088576730575371828537310799897875124200470990062846625214616485799826611987332202496
479 203204745155448699984155391744971938704636885753932886820816281197388068711468529810919018458976612599877952870632220969848182247300395184194120010876924629638926586878400360983565672123832320258381243831792087998637790073408042076858647323348504933046352141929776306927920433014378465653953416717358265185920334685540778784187987105674966755324895612049946257892545597380342095698527220497361583904979170850180675123248843097470376912726535686581888797823710872709448362148194149895390101551406516938638700735211324994905495524693192187003313032836991914863528521033056256
480 3241126257750615441382910570743331709502645095527540665814957121438250801668055556935692562110968854919802169045372996633640592184177593506282026482183522349199772875299294961617434827932143216334863614453400657954212715302565507143723314551659250522797141094630317556398305555938133640588480989590514401069586728994344351038987632235035518384574745809659111681191273638557402497960089158306727875951042470353914281393700156827303961626163435712902085753837757390132076622179652161486202907383636806107487101570965901993751817038301827581402806531623320705916856083311325184
481 51696468658718654804175872492322155014971246515689394325182478152605990902791811605054015548945107325317946300029806503264268259886166542145768124710838688518329120793094960944188221917466076719485663863665424536814656175335237855178067603833071151974773789200090673409903581016312918249335355978753775841791026973889164929792670349958095178973708401728092756617198587290358341923407729513639028634650866963603343615217681925501125744525279797182268118712603105373952489294693524853086749902996126712754221118743118394605379529775300141991793352401176496445444147653632966656
482 824572067962537001877247473376335932855084098122752925581746808956262533289271405915295977417928448046643353841934863638591448782152896266092219892130228858246177014799912959294300878690159793083857201391684316919055776602695804619622130063857678774735501557686402372648860134430980884131882218228016272648663022848387538442642052553041977801074837462665773270064908307534451180214090122316584380659861485986716195496608882156030977175736493654725981178786099978904304059894779458166999982996141019466204161415802768712742671970753539261165476915968615402121235197282063368192
483 13152222932861882758978422131670907890849848918578140590350589111944530695229605828613461012009130772454574657034069436591294503942041734207984940399921778934322527895524091175222548187662143337715430832091801689004896303875104579018439732133709417848825613873255297921853664772875226313647209000638241364831765202613143435447884964100430698618237184998105406696894844910990950844256067570786209673963879556749635666642431718424772014882274862456277014184401796136195713224894523881105929230954104939844469813624252545521813492766697647548026892020162264342252082372990398889984
484 209784063619723244454858301500243621407154275822681098256483050142265427329766711439834373614368809360597073919475775342041431351600264191302591442499568842448134804796438188048862326723064654819704219035500857399664233303748411523621734443247850868456581844916239360114406753809434088886962706453953444700715006366132904650658637026289481106266951356180245561854714975155769091460263029279554368506192642408548025822943190289490357199251962244243019099005135725709244535745666274649258979749951878210937248312161864573205960176114533629620990191968350979298687125890624975355904
485 3346174641913353043794427010490688325753747548256153180499590426735251837711408848537030437350949439529886450612977752365060504735483176501388458160929965657979549702855419028391011638508850107601002441039788560493456420822453685222945212050716634806847621948154093609857236084392894409919695614612208562375394178482808047114819372601333921143841465010020935242107803608435451667170355816828183364247120817632299822852614929079428213958270052368491467789431314219950961239524800651542863061004313314797125301086726886207385092951910758866160976751871044006044991154730635682316288
486 53373720906260310455823981975200750333256840281396543823436451147777952969131732344225470489456524767404268280041213944835725362598062609588654788304551128108055509054228854343193283300420641344527723816442896481692563673429888266606291778071941623359376194575917201104572494391124615266643006557378733368345898586267600074026329093566937284937297913148534669502803952030212435738860543023894678493296707102506691396967163645027144213500095803353168295876920651707665158837914386111054566681098675932311360475289106746604264100663020189378008352034418665566086252394553288413151232
487 851351905151795827809663008360784463165215815753850804463886191314118113242407856829952922705840569598942666631269562886241424636407058354282612970170102130495252771479691845970355418589410347335358306704658380333931448081594633945317119105797763649581383975805029381973142794389143989106244459721421969542002548516220901156915855312983378986494535615427630567247204416756786776195406171752137067897560487507026610677102812732537776869296932710154489200298194283676690935236798227496426750170490129179662861019528801407562222929392269618319126196098854134265230062701605923506356224
488 13579803571861493547714324209875892526697815192939003378302698234154759501836041909644293984339965726610302094286444799462832403673912228587583857198890398784793320393686414620086578724323291014465235642811393285036767167021091946047144109364602206565668413824365979993265330076291147224397654178423976313304344544216061549813343584715751041110745355671057605270425967976919812175267161009654768732859655326758229877165151155128066372855743056423098794307202764467792458168752840749835963043728141265706280520371931838531537082207304769558762378894968464950857291852249629898764238848
489 216611044510096603642265007976065402159526492227613013480588614377157592833814390646605109534363936373013149603143737348061817446322424188322129202999026760127624515448800718202148852345848196782783615349881410560980418336215658810436773817530669726819188640633039132851676399048753945550919170207948576013674915256383060867301198112401950651826464056148541864609413915929392452430577806355388978128122116152723979176171846775120905516617684397399286274731086738705431630157184397612834899819722978930492286798730542068315512731990743517199845610385995745400443935094805965638490062848
490 3455178006574445377059676514327873544314918206083662701509789415343811075497507114766795917249324104669556941196938868094499910047917196455447505486510398689315558761711158304101547434165064806746713913346233794180590991843718612605332849873273401369644199333039985345177277823187502373208525216142496332449993668115351736733834821950566855757806085376448904340288135039467200581684165189540760947581148911984212678791710766372048047311907600309934351081413911102225985941080911851165368096321349270593897627611983822172254237918947080235654981214896570049798571631327122416637253451776
491 55114131375770539550415534339177316084925552821193294322688665776395740266609529416368716062054701201066744558968931669522344856369287776033043928385196589808125728621197701875078965725143547262209526413912948202963444271897151438261976572633498426880309791125967199593147440442672305750713342376273585085922598050981159625401627373904332271535262873462775695366742708007427527867962334526532603208275226598156716258028746702041208981909546261112979394374351616119248385766372243136956945331031892537218479668510687412083581507732741036901263600204387811044488208882736868089712732012544
492 879140337223281100593238126624426807578805118946725277636649197334737037653009315779983490130549556111327177757612697662604315649252314994174410047374070226838969245088878011869482792957182119029491367767341511453046462679233611629460212259924214044717604891998124897742371014951475137926434780943259570807281095415074839287986396704066439106362670753734988405020173222502883528085250810852095699629121810100620838561188416874446445488038071092591876601639985882854331675916515634404848679593554163496265578474834874088099913892909850299754686552289045304628289986449815093998847048286208
493 14023490850117699689094525469423337750574209829888513401091012325984814638248414377677539248871444039350141997902935521011943792004256084126459373136633314851255664988304581556283235495602815035340909783831092208075971893136047709814910515526558041626755431129142367725239018918120892191730548138289680913291157599766589552212565207845097926101944402244029918631240672591154226720962092288716965676706291472363921207002708536992760210151359347581738350257907854082415918337534630438910773312553821049825169694407228926950700194919239508928767551354184881531290275889543546712036758903586816
494 223695239280736016311336396809012540015772573862795072605446273073317579997481739452133568661964122422733766404629319503771876814595470707139088167899556231222117650122117354640866560086077331119708767801985995888516914272691170951366035739882266861817821192482087804384642239160293344579971150468281630788841909329642325945293989933692142623860961047342008359143010471126486659503449306650924259539559113781366321504873782612236266155274863862889419315396076458395737150877127732401625295687160631343899606984795377963231416481132168168308389633103085003054399652695311814585164910911553536
495 3568288942992270703730723910086117867334481392643428468010154579486880959825029648742089475272428692541081662068530369284758078815556365591666912066338828269863602812271813005152845831719245657392554758817495793006054666219390326188462335955988083592728070090761693029935144399654344014523623955713122325193782278654675284515579235816504958330633799583896504510361555435783167896807980588023299217987672785603432535612644460670349593650465959433764581844837489905965677430609612727834199616951465032736012127738931464933213059465177899684494183302507302622119218405591823051539466310769442816
496 56920137821038738159925924014100977462666139203159723792265778294209438637790404912012144029686651767400864284682678222875777840524710354479608505404782830656947019271877712266061739305507642854699721884279716267354596040394924111429485595840091616599367561457556876479145488751104666627350375546497951628564654923160270482255642066532021923874585108301371111384033550794482622872466689082539844160948938493477050947372736403806724806695804967199583384998025734671789092268405047370267226177419938527361140610400876640262215726931426495900643951435703360438765126670239972094324586336317046784
497 907976309029478752144665772643448564610562866983629210784403608197839956595663530795463322730380606300030857559220153382804591175914212419378576214549436929813938263193307094476667101713871412665527520459925816174919909686879904506521181800219490023491965393292134470099486899213466102249821681524634840892660425144516968893745491093376164611444738232043283093291517395062650443597135804985909502606041490203914356582560738299581967375245008445070718837278874667410582955450582512915074474578080730168281041006906223761653609983336795008999510044772511771501770716270061424213262152396633407488
498 14483906939445655069982235566120109301287486548116010643942610716275895399959844932722189108125376694058120730395560883738076992111278213193740835008580015428602105852199827885520619031560972733972798891438705649988975195769627259188341657409618665536029517598917528960446246811521089762404335314783530712616804286782396073553982256221436986124968507540509693270432425014848761287932953328548831023902141257791463413039272665008455188745258865632361034663973286877797358486091390121898557974328287626687596091415370847827116310721555392465174154386512517938637392207732420548311914622505180594176
499 231046587571763101162220277358859351671472653948898160260511402902900630020867955466575951706883070159985510221644304123250956453290895230325642895067192267836917375257908794053415833444882429050756053503132083322976797517349233558031158823300724302275182804341873272057762040770457688934285401241018882501623900945338982723798104700568910984371426976145014378826214753936137564782110764982099313992830647208209804073732702331200016610601915781310833326781139604747618898634770791129646960493065198392937758579689488535727296496904553099923440508502101322454599828855023793462880071755821603618816
500 3685666244057226667622628524904269391017833641509564736311564780815461903650394154207020988183362679252594769992979924506790169504068885020614950805835880689796431317045803370698418252361014860458474406070871963730909385697431787176570568503322374873743302551137875440403203313850677958625354359833901868333066275365125187005635039020826377384196373491661226020394239671124365723364304780655147897038689050505470377334831346336772695721723344760708419883379688702174639291023966875005935870888841873943204704862388624440002143009645527127181327712664634112068970968387681086260804023924067533193216
501 58794277072988993992484384591749874402270819408097215844270862532295754828846139706041854675211351631847013057502603841730755623694796151839392927819708398019352019126170591633832719569638612812831392869825124748233441266085763521477275788358771673766130488549312878068782665057489463933183050515206286239753074190693619889383497867576643852041201146579771863981233318030845972461736908331903202164032479841596477562780785456479758583070576939944326562447458042933730319557908155623827910139663707830424359812771428855108945851872936238910944755340649844718288421395514947680635845517442037712420864
502 937900348281530577641699010417634892600567648320097714927529321963672512937340027712598594408597961613306958071657268424470970446423173154395866847158147756055658614130545752704586918434475242417973060229348628106933727541100742800295622237470523044309552170222404923364485206114199933659773443094406852582738085755958338202210582477338105466619013326163595605188179619541099817923560232931158886503294403604781838106184622787452433443158754101499963008736682865376316885967550948701420567389763570649324581915094858460415892225054393852956603698571689638002129546612663028276469650788842148408066048
503 14961699299519930133851773175993351814957295873107151955454763712424005935801469035097384794793364368105144177780854664174855213985891424615879466690354125651760358855338275281618993099259441177310199542820272393861537446637344644781013324752212008594841330452004279784727608050564735539675163388392294244190272582954744312650380106000735670441274867996530745592599770678898445422636904933877318676060462316034746052566811889276879014387548074228785537157054799267931588449548892596417014694911310210623940569899210421248934042115938563788504138855983532201809202644209448123735126861221848386996535296
504 238675433025025938927836888428428419622488066845527408897544425244382712938418634536052796783656088402299113045736500957403420620417903870097606153210734833192039919713532881555726808041691846936205782941275381423678013182407128676708324252509374038740844501371867542584984453956705909982830109137132815103367513912522470172408434747840340445830513741077425204944073132813229251627722377611221951669532087699854686604245359450368390049937214778274867558799823819288244197675566807971266988469488806764468911615946337735808311771971520343285681260227403446422308052807061078815392303197221624139795398656
505 3807475157055266077302217389095972863523026047593101427822768219147913374753971568476304819716436150899677489676795318784446937102636999566621629454617641808958038891518738596213228109716529307042341269306693775224399093371448134091430589766706275570753925308799094879569540335084872993070428367508057614782006882319015728911221400857185991088882846574903078854716464290852181267997459610874871323749642965812681309891867749510299968875060832610477025165558168792490868703560608462123605229137537342255525322941919218314654371560389650588809565844961252871070833684034117706540541346349965345947164606464
506 60739189079272997762424747564250641314449081282800089180926177737109802323969008097565032404118400281363719608236313170432413246781922754481486717285833578541758549021788724078022362979774914773357839090517203135196302237817021023118529039124684200781559199774263629675813308652925449619336296641981206919738653856414939608531044526241811116895315501796531549295526040824004585675697789505930262531710148032228198733481708264930697999360553809616300684305862177899826173431415612060391329965209624262308563147324912080982224956437395520430742718279467330363151045310508402966285435339222574787603150667776
507 968954630108705547415297433164484900816041842449143764394318164386632214993464137162517409823253845418096493382350120241957301895036092543455591149965569754346914804412888884668012089978870988838331030178929419437031921020508243665346744185313134199655791146099143941739399839519040578061799882264869275963542733621914561658690341531318781787587352484842591437888388441569515217541157989873924000968294230673445431767583237313360982134266048453476447266036490954699988344365625300679998159230817969747864539830748425638398809978747781559966514264072452962077886703367201394148289493508188145155221101740032
508 15457541709641293036164731007236272453057939992684653982214260511548316652947788927353656870634193217281982398947262631654107897340807786958233377258955847801429322505458219126248162522663328448586941832960618513781479671872102557725992294438943485026635739842119657637746713140671828419392441233125845508415863082292537874324025295806599726995286134851077942637784378742676224542229946239500041350939560190014877494321549866106011571640919266153747174698830088996916741544137817219266041979433142508264586264315618638525899744522612853758870848258749995105418184077948816799610553678959210487855449756401664
509 246592539773404278194739623056121577135760962465537524826120376445779193291131672360896867572155109391176175797693961024436918904621009665388406815914523907895017331293057332119228065259365807920734907982172928219311320104275801276988785127079854580115602616506253211695330551671095960658677298817749299766751154100702677779734012131392195530122798162003416553962934255358586056352142621426383667207680533788795491828648393978963450508410275113163254279842706933048067628053204604753182058631901047264986763345945821946667011807698755090234126261836204328226005933121503679203693941001928326555371179694096384
510 3933887647193270662952809645682335758370543042735033596713865190535294376097083702478796100723264348479729801180612346918966241941992675612872089417104893868598969622888347773838010002191966825508761403109060432231233780861627744685027502769703204227362658906586360552627115980269493371231776594938599878836924014094593404382839042531112051685798007300188669996292747319554895995109295872994052682678855261139464176239118518100275381806350275215034285441231361845630667891796201818480846280821135737300345058086074505062699056040431398329674256584466164254904441277403532779068167489988891005004625070415413248
511 62757621115818590330081405611667418591558590029598035083975013004373892768568768101722731926733045342943568583041911368748470800812915023612906607924209754730278944205005412144663827172521036544884868054174909244065625461119653809285140662253281273647329485850452307855508433293898513910708991371998015018153907221965303670472052034113584655659433310023845548200260567592744882142572276836813525668074984213668449426154528593720510299869096369626623161304615454624920091011619787561622245449865635727338130295730446540264679957868872811259949141449723767957045075070357718503629683681992358717526069317438799872
512 1001183044365441335682755766568016316763451052511814800488939309202648390984805402573724787396213830989765198501154276837847659407896570145874767665568901107063718443081348421262045651015286759106594559502508537841131999481612158831413182778573234987630968590678376460953674765268603073390117572340404730652054892369861495894382256938786288291291918709748289645462561737923136834412571584046707075518068913947604182242136636169806341454552491017194779171490918444121367106691805112995613516210948066039410661899156413077842941277379295252325076128165205207413884758812262666968583077600728345761902635429325506204
513 15972135344405414871889478826599511659793815403633617938724093682950560551786583246135012543392340796243889003672854542470322975319802301073680952153763165713937187038233230085717434930955547296349294649720320492340030791048721610615815218676554750601333753427556085669953400354786908694291948482195274262201081398473860907752049126748808091718882900863133191268978261086589784388159023653433763302513744815667870476347927163630554632204915361936556049492812569140185372029410541673683560385280663266718471931570488532343564425193875336053529919204712403199156745343761260508919368649185206927225895104820860381808
514 254809109631603354554316563438950403365201307393054201508172973779084958021775231709086380417668778871305194541874737898883293876148094586471913282579155515780735352453279110934472508619701803564489825779921285388733635234027534081893458553524680931056099832883307889573263171177676228280793326534042620626334584413119464589067289682226738490850922704718291964126031041719434755262766912837752528501496761388226751700415583444509218007862991851678790699912524322066094394377212068309522966296117061509839605971092834944901831887758332218774842705592576832358026312658589486869879451535477168265832659699729558286608
515 4065082672333246641248375895995490010680545424797286324651892319180778666027688159479082097943803883883986676090215272105328786899122182958516774002232902014623693640433668332719723910367710062397452037486094455188095496119066926240187081296327192799881477728558016656511702129837027823720840352797453297685703604479048737887585414504516268935096494264558503479874692446585487853268464901692013165154238974959084613926993741020788162732703577279667936094378659870871976580253395575902497029994630803958978813806587697100798634547306098337075117542563679030105075452055614953407979891935896451766217344573942939933696
516 64852432177480758410277711893405593525546578285819366800020279621344058915259117341523350675683900191141146115440913355165008199909172446112975303221949165057445137752269527983219906854538967254751363910338371645242848761647005173494407301013814853277285329121815410205776078638657666100527684577856669099523268555400549329988962251732928004557206692938871827611534726944047229705948684837384942976324778892778059677865819149974482182362198607292873991799966844379213697769092705453686991732554226670191164895542025803830695155340754224334259534626980047042572549836479032850737729494010970830676587748774599935089424
517 1034631265800225215709641193891613033450783931221777435868496044172472766300800441851586689900276178541157775061674221914383308903364904771741097195461834120441288155724071201994469778342251252789168104719638173969143601072613717890324597315696549672404982111617693741680292239840507174422027841117097984984916490107657502705879587533522056208817306206838936739735038519171969791541545529409954126437515356742647826103369480826943263274326763461473702335621197503809477408064965996975582160723803190143843383420299867160721104671496122542442465345213456552390298997095781007183852226635039547695401791950094317706194368
518 16506209895100512252554530539933767827726037185519595323274235697073107387435221398660243659724237549367948047179528659286142483648603956728065190224903436036739282750637851791779360535916567419546998800153168547673207014027887019351119966702706659491555899667251648980948985038940853536761703484442596307786599816504408501994750558786785404957575966852440385800802987051827011586560736572721305036632550635236755994689421581758520429512396435086883336224117527122054758201581043233442647048384129965716019156916678808491824154300566672196667198663147500707639952182749876294175635993851693749010114724381759348564027136
519 263336800017647607121532358349351316887981743239850317687729239085356901976676333246308605691623340141219645264222333777671582396877170333188259877657939355872365321910972430775177661065478374180564046906354383875568764796112363590863658838689508101038672372953600377036816581148477765345769090301928260122016254795104907560503297286523940195541554079105925271142064992648522355288144656530419380251179749591076285583034673634223936340010044445774051716454186941687548066854336312209976693497688143886559505148431580200520933133056849466860201887610522762041734313935915585939540199230025279611881535991268122103677945856
520 4201246469402384091766284365481669580989944912938481483164500410489126336070778744943518480149389189668415062916080356816256599981871261169962716069673752986930760624599559321423219076909831907610782109098796732090408914466857105248462368610908757339557052255337472146601152377090586105202643040109326291488588842110086720859982128439618327716248859901463385800198678037159909293133791593846450088308368761183595971890941617067359258828780424783607680988413663474986006091859787277960886019287742736719850667825518261449645906034607822079612734335858064220956708160264392917135422849670450225668484322180775388168141917456
521 67026597555262277281065363815672296128519409850474456882494086930537347913021638343222526816224024508876664727855306875031345123935710719923582186309615804882764426534054815175619618983693741474445117568571108997413885789098773040240102639252913203490800429291013448512041119734441749949550419924678043694937869769988643473359429894596891931716023661230537453458187633416238596411490793656509392815651318971856832412186586678344887841116266018265896703094816288689573213315337349012393371113939187356790325557200055147226125743772773930344199221892621769033394431081379307948090236580270410678526222038660632487363181684544
522 1069346827205701038148297761248903606441222874020386724020715543003080635938806370957788660162463072123451527677664902420391252862206973457620419727616716259964314860279089403764969673652310889481350591820294464984098329232519301537914895174967926873392763071548321715723863506757350135226191342698418181733411230196079404599630750590041590459545543446074309248391792627307455019316853108075954209733309293818052252847641178342234988795185562805026868055135146409488794914261670360927528297563608060345652500390374778256985327249895583126925715587839900011252570496067184408290747956824776817744120434162328169043190402015808
523 17060524738742685773946054079622983933735857309940863788814920270186564514704920888138526586119556773602367481531222737566034362496900907615096735093189230203264087275052850066152771950690999630733439402266128089451195113551790419608543017836309453889313885867273678255232484852596891574774718754211606768760616383620530334367683338625784599435759395987459466541110507306540740565383393259537312034761634067701174686535168311336745787604418092916491269536568059116774744556965148489162512860523094129461121959107535637885555544605047545158466990045139773125028832164555703353040432474987653806619756500734322870206988041890816
524 272187742635591356254027930702468958022401379652942292305731426409417617572219531312992635218885384031504827086845368228361991293927909029102249995573698525553845708122083419165952352143791494634290140247803604515147002582437371434242502881221429586208552851409546509676836035200672692766638111475397349143841580800560442562058564375271363293226794497637418331445346969816911419743738802370931086800976881505178187920732518468408455209820697319084196053661782872321070060898258852824750635246468238057623300131913842276133793726869126279331474191226186380386149271185005704713690790130839116856686669514484200942438831776294656
525 4342572852966880758264875650855866957609738692259949428874327616273859509242041891148480944204844595583269961372410528083779470390037060171148899439151468388975081787783277671761882626176296759900303242680001267916904149826986050747883821968602272887550555256026780939156390018038485772602140247480879968649724622137973940630065127851577007044327014875833236584830350135142436045331030871686161462195785055752384260519698665984535386554887937898219625871168648683227881516721513052158847677972865332750481777086317923154013240018924872264714885455352011133779731910672427843742860631171929880345643908992440306066313199211254784
526 69283213607904401711130925626352799807747069106046665827078895932284129930086906289420989692106239832378210668593184362222723937927401750151504715911576851758531905209999802189958958517828659633520385255351378488693503963658193847040267324388572052504785514179162447932864821370854677534971820049600346142951291954868069410687156044095941919000943710788400843599053141871571406014556421792739705714333343610087744710614264072598833006717910582158392139205463273079945570023177160726534584195659290531565315795976956482181994811609216742207161231641028916591090698379490795248753203303781457384555752078056194098101108313449588736
527 1105379195674711801680401336693302945533790937037619039403729236231429530175330816048652996014340119962537999494724395821941960851527694038158182908266227717708586433917198843502957089855724727336354964437586810665466020973599351513143429091776393019612739751197404420029114023226480004401769364797460697428692411904832402750483594982540664315651011873503364205499242585282251148999396255395423740161059146732996940610303528418363300220289901218544309414676073734847574779382556018660809500359332889390117521991557860364346744686657309641180582406798524059283375032906121093236484860375268594366416650188373426254428717774319665152
528 17635870156742744027039978084269660231394182117615965806874101654295839093426687425651209342393145911728581898790817264823577880168644200503800186718110541184218412910265738634327863026999568808275626069158174181503458035276871589488985638310069044047458834970511037711869797458893379166350112009199846313784220270518571160529072040385267587511551599080586981154555480141476651966968555389960501903169558761678780776049697871863740565695735618753454760404232656777070039962777213067028552212202146447109178489393780641740303572865921837503954948989112469423997057578116987174367412963628957874106296011088321109243501045048945049104
529 281374562951321892976237210674299790478025795216938654036886862547087184530957083541356664590449919397886788088969631000921375808429604206807062894318965459078731106713161063950153554372218799409552660628779986843889841226369097112968625781833194786918430303251015923379852921642380008414158882222019028691677947342393307862871635748314106686361833749340499796314201125621070191743068684050334674180081314972998858469697855376104345018221631178463196595756694922248657874604063018578148653779046550450659654171285657999587879865668885820813806379148982006502387273845786975119062358092374334432802219812420480735755390451041899118144
530 4489263526479131700800114257159528977418352465313956587426659068256395463094281505612467186993400475160595792589993607199356917315888356929745355550314767152949922779237158115046503806659463790217307677963611693835389539081150484569151728007428227363210589213102201595106454546994434236501587383087730315192599991844051797757091198946244959400680445979830406263756583066248679232890667280701556229011165670059057246781317811474732320671432012476492803007082623247112917694787304152582928141526145396049964852400016029369345208750289356417356566960245144448813895780071081814990215676004423850763205931097295618485919328790798653285056
531 71625502735994691620686586937930176400974896565801511169704745267200769123858030196941674651076053652350923312024018600785924964743787337788339809366581876547198739844347097186163490603206256807027366709113361872024494737323397291043432689702373659677795981830587445240141745783804117638373193713097112497866789039144384016584914010279355478809975683797680401769392957069442568301651528520816478570828802066790476488003761570049208415614077799451613603241153810313678285732935468126089308628791767930230059477052774644700215945629480457505429685881544730912041916401716856639971733947741171803164203676558777257411682171095116415842304
532 1142779852092525944232367270562124590152477245812055683385557145866893761052467363994790377800453412202312410533938237191233294528618705603505483652786977642398070224585959150156259043177124362082224236215486956847817464502790529715251366292782956892530200938863514621138072594260689367671564433323389406855788128315169147312941711593758464141058569457785658980352690761513265223666265912068527760141456863132113460872339044564342468040162394336530642580896081300434971433218706747502536143340635182311616011807152553081172909561432907136244603671720648421988566437552806246220727263564827676616056556686123957135280769715448298122366528
533 18233068605286788701416016565637977265250458011819799374776613028549181763288227142186298633757006473472636140993680871636243609153983387126351882344085686712600632527704200533373863104750607293938687219910962466397392347429808497528819353596178495309869765808532440523340131630568474337276695481387824775119950917375186129648321340451517283086606769456858790812233094727172387431967131921134341985467729325142194765095518653748247673552654425799757676286141067854114387771619065352017973707162064954392388399601517035132725544362179976523876342000214283642332852216144731376558339630310324010419738327027872659021208678235599307881203456
534 290910400494744116458125839980292244960560506389763815399889905377925143877802529859702779250697718289315155271402033866360731990697734309865082233846878490630367614186028176559836783832540579219651394853404237421356449496138197063771724029387584452683791766295153396246701680441119092806725725360566495807046666773162734033155766664247090637834176387437262328927283044906044062621152226642084102403898649396652945482550867078819606545779959558629239099720358643512165630613941539168759667127716210156323277005218096629609901739462609400163318876629870726084690323639680336832554199797214750654102493821931822405492712926897906512225447936
535 4641528406730472150225392726873086981202547987269045647399483831353543111920563939333495628595632780773213506949013918705056101640455602156656084346900462636342606030526873563865608594543466309643393605766118774899663333692998311107443890158303335934940163909115468584844462768995389541679227026186181398656148736881037827769763370749050141835112269256845774983345511883901110282542491095412792746315962876606671035483691736272841325815346303640627306837039136193046749483655274200398118391142929202025809351214925709815622356597242533322172023279105791094747233693957227511046503571184563659696893384540632475791069825492532018739906772992
536 74056818567099910761211139922036299985587053890874989685057063511808704589451998394344220284554336741691871223861266250512260615315668378059254083692223842956769479117964147978834781405003813131935108240116060543895608763752155675691576921428181611280311190902465804849018321334581471514897529255006838368801425345966268635754018757554099877753578407797133408381039993662723064695639731217255120890472589275881969813451352426404019640428739277307080329074411707333057659308779841561324193319839384088930853426823331519295421941742701224480918894444230615303831018253451073750882476374309799642790818259922793051451989037510303302095893868288
537 1181602374001260831912072961801759039557085012559917728866032798969116229769928429350058326795821739497728385671080073624467194018886968765111906192454805531618289273089626351667085632927763508242470577945316958233565624979127009860672695794383419887044026150165420984384228714975893147910232431012618286403583610445334714800337009611415816351176664195708385866098462846699858109770762049703773882883255481426724549627858652083613628818649940523950045434150851974898277152830986890285640071547549643599570891535203317786814086738698292301180658186294556944151694356027977371022411123708182976833813560921866216489230098298058414117400487996416
538 18852976039604950829368428025170570974897724794377797689931472404550400960153981936248183145528828417035519037802297641770054770633171257010376786016927076822628956669216110425777779233371544279267022304736062091448911662131682267140065407898290152506367053352502904916139318480610915903456859447868051027975239759157679682539056445074217935324699287573719917684127738567321845734666731646685504860392546260638172097153202276163349472364437636743599292329151879237922773789831945208763738031748445461935641383611994023768830715648309723656312469134572210668042503939843582458391402535252961919176636226701212517193993242461248893464471612050432
539 300808930023107612162498641472876454093461741412671363584026220323724504165356548474001890527503937326298624793377429692309996925578298945022068473850720977763796155180255481414772907143785820723132420480685761001222227898368204426908617869137245462713746624957132781188653204142270705683999706640441523502755659114019832594770093831088889293864303510059554518576177318901195205168933429416289649220806054222522764645878516660992893176006024570862962391135222155559769155749977380387794552279842212538616752704871673452263024211522862022196684182866566847391067968404486919085540777845580931438178252087732250741840387266717621781492901503352832
540 4799585962065176141826969624281355724995150123723852616792068459021612854890441656860281184011511285193505464302839116381763035559104604075850197300932463437204068943728889260202142833750850201641280782900812897173415532287036173086743960664033427255915009068680042256702693902930831287779832730662614176555369908320324650529588660389671894437837675309623760501520934672802994326579374139294735656784013753508565030249687091758344093967444498090620270743193148366398346876408627153620185609759941329168182610596067839440364117263115125936521639315788707832982133695102422135758209012394474355874073275743138895025226768447414437825154899358787584
541 76580651360807659542188412173705074457811317744163894652902188210863001218988521018619600741078451280076630276123749476047940817003973043425001131445369748740372853705607019753377361977521479265853049151160816407330418678674136975297619560079714018321202564374574216473299850308649958988674097703901621597819471822796817695960107193298540031897591301655956084497888275858949204064232592044882724076740402656254052447258565967361414966387687847897899633150549820650147760217911042081659829079092069330851749664833276646098267356308911803088503414416490776528163288931933172907102447637721223531230355766109500316974022464013131522223423927928938496
542 1221902521978520237734590683129797703936109350994195642999298047639240887828192299442808776756021965262004745087305698224313076711316002274739658073221952132155748149422652911569066863541766268111269716131137470319236371793682918792810171841462414772926816881930474946715091341180584661818056732532943672542538643243497421405730489477311484494668288162773311547364747693526326824006664052501740545555861136199672860688842303838859767116079414804272182077120109559899246231170397236292518460230240920289459098131604831816429406521915133993366427061241065957853993333137994280845793437116270059648459008066188719179837595998343824247188377769584771072
543 19496483294398590519616557645530041500261361605753055410203339987093643100771172636350357680656136446441281876567438093972197966922823354779800323784864586730361169058822506169620363325808791806528306071123178740980377874441878445779325837407832905983852576776338018381229384849919131645033228001068379282350082612116499067696032231902443645642704016395631474360218735149867396649788631602748873460374771867074145858932821474559931872407594214975202556726772845945614684256852750807280313862861685330263237329155975798452210653313068222105816544094040183908046286033079618416861934093255982974652477085084543003109602649405405924232586888989268639744
544 311084383581769748076748431009455352681011999236828037945999186686437954239043925757766761624845591146857255041209177925767405059690179516770182583377935608914029265351009738250180523721495466315674830206871662147597753938252695307588831558463490796177921875643070936117374349994893074025553241479473073990079455534783723121855267137436869623677577609315521396537887748537774010571166415618903010978887106817421958738538771042799706834233899848960928883290929497611040631933924129304679195331759257736827520424991723441465819779221232510750732124426934207266242075404834050614782200313245435576934429445438794171050884589354040594839561495109460539024
545 4963663564935903617988342841683483140667189322652926485110861890650741820979059916699503895519779758427821900868904239290678025883558426043911542071098182671951344347891297992839422773587462407510610234843202274189132287556606684974633365680517655339334298708934992636246496335563954977491732698412686068294057096997584818830925600313919646970660630039228238441642858846214429275122177267704272114806813459555224650765504293779556997236802537559768790295335335166832773570209843202389705499646267064714699717604801573091065311919490403773086152187906983847729624217017197041664056809384351697778617553609463282367669162895331058357122401162315086333504
546 79200633642951724250238955570687989266856298098396283335715554691870018863403376991168258990783539259547099328889802454512957959820522661772148866046105859314716293334833103766987348635997818960983162025051320440285095541955651897667342252877821681149212802592738099353267874209212765205400051595444451264046255785776624071698420612295978831853576170743664358352598372385155011477665574212403907802594395784467900535302745019057060784874911016429751986376039354265323813127065015495672112566514276203929319081457279107194944093441005940545720801686929339345103756465555988792859654509763147188623011348013961509518952323617014781031355855584306252700096
547 1263738329678515483884035063006499997001869831593705949558925375058350189788831073682089732637814842172436407900317653587274825492706151322913207326385168742213035333455876779613164686949341032485064838681043863596815217722400490151217532226128080093331877540442211246206498358555516840754344313081392902526559063845534145927342421404518780277340281615683773993124195642262107483573350922216953385052558825295801372596223012041409694538349705064677489597601853722692435467152741129223572736291723720322042419603642701275771246035374224363564931300620391470917410212282349772146177549426361167269627131913106963466364496646315932818540159090166913396252672
548 20164517522796187704401769122010374388438189698247173416752220160739070628063857680540824847722961229660243188949398872014146509459346989240506787091031341251628984579563489012940317806469183944775804353446465941471264258448987737799182632557699127798608019629355633293697413242203184053033998137901079499743802516528337879544147978927710385018062219722169835123613458179501412838428722077730242727957657791277410799383467040337868512491970056159131457788937678585769089264076068908543672341230994719795535699915761087250395432622089943230526162075272325974016335650977917990553473077782188159144991608166452536184777655509557055965309580790438348181246144
549 321751573500284932523198613058273077374544695974714666970454164482167714292230755640346450653034312995152919196425983259171250913297353385903580801397462368780932249712645168114586549132126856139618593449186241061718876778552005666719126763759215915417580216578629030553924814924953861215833084918298525846888276964375429295669575497267753161909857430568690900918657768893269546776232427216408880805898025424920960863998158917330803105647321393592546413435830606702862924332239560905976781955294976306232201481919699399317321302940221878758825502450156430725627409111456230729624295595003350806674433097169298856041930441139624624143518601496127591621199104
550 5133997859406300803094958091694716736447882008547883898389465476779734516891315823445694497063150002421408204013487929447731232350040917988186403617356259233528988180693614581258825732458627258543802895472748797674777103150666602906604234799653742921280818689373372748448306064704626549820727141383406495996508112301248464058434271251285480827301807217967961721161088859881237745149905820962891819456328853801206949045882564193128454313358065164551769233835296333534345963652485286576334121961717935932551356367228854056607218220016948146992669116226139228608742472514027795869197396271533077099900198008568124099255675604832360909855006153049859876971711488
551 81920546078703796037334671444258625023622218519405981279180264238220050507974448213846776890078900947373345466120171587790534963373026007039862827617433450977218194538683422023275604157678462625222033022954628181605972845564689917671357580996946997034262055331201213525000440780215906113324814602627269139321028870817611133945789780398104123173871259894158878933450656176667776251133630072619311235060625475082643853610116184239503655823745834569338699288026224723854223880100442179641211203191520655353832871352762614998500177919633386227859319570434929762184430753366193831025379633842942303594114764424637999962355127845614028699118856097506269014310756352
552 1307170197690454365386329175547444483900247031180442751898623460072841340674206707568717327895950478361217453422904657974054544966880372171477379978256023220735879926341278046450000943667925176291422381274610789149870222514587878065889434582143200533837550867598228500532457184837353147078200170894522608371373949050623279582873214050966035551539217482064135973407828591104716256814655923609164774856254429186224621346994328785320012877280515107240847074701782174595336694611546933388666517802211747779398522223808569902754719829075827580973033534474832472468940157285228967930387917033005162946500663731703990033039316221374449227420068844581146121408464230464
553 20858043696312250901229716859703997579595159288146252430308008505395514906378209485731984474157374211831697954449906357000024193914889017743819034116141191665161207882791439234193022532515298581594905423894755915099910308345561842827825213030229891389544793862389972635337680611798947388727061588569812536700095589234905039630685611487585530817216186911834456793899911409896476538726281702559407484885429189287700779003579860235343466301682939780063049582506159749338556087386329047489876822946042099636767014192331581157857460133709177668883573896229357002475124979426157371036030047581930373405703017085384277114805964167303306713444076793369470061003570486528
554 332825916363373679390448219701522450217613578765115659901569438835838347855609625421256476842423987556756076803050058044996375780681305185766437397926725122447635675647777561589935730375249473482719453680748166702164038940065340309767320406852851308832675220528196220356173343439917357067964782463640706578438262720945323465496419394948153360920673956447641092294225970006884633483323908068813780910680855652288649033737181419300279756883842937900379117703217390693870202772485365609764985002140830105529440988867932222109170358871672305485385448862804317924727059046928187961242375824947150107148876255450375213749184343852849829375540422686568624544493627236608
555 5310835144233041524317949560469139461963917330055252705913613237708338270489061725878757945363678454588757235527925238000891786378474417116882167608493443764157001584762494559327427342394855851300968446549426871643966509285447394553191222314699258660190104803708752764090457607798240358257073280345023386727551482936332757890200679495992793065605640274288702903885636346404720790184523553366678957853023628478597893590136267296252471313318970713007055817614643271228944016902893654760831305099033674144152653072028653215933485945701571204789877177914406851696862911452695587121212531885148840059018209264245636009078944195315033578224279721874301125089725354668032
556 84744323594639012386998436167409368117958448783063267791489129119835888177076448826215345106925642732358890508726113937127878509959358328407742521791697553582966254530259450515412541175560227071804800614654399264361834750993762689447817397914188671004420973058638977008238807915435191302729353273283566773444447795649254058409498494084633478899957186128483766789148446617430114775914707605361114372531316057511895355762829977972509407542292534958780920745274663685089651172710952865469254123552937407255135994148356056919647217250203505353258285844817610990926203288690566973484747609942414379914892033933639672851193121955519421069948653751379656843489803679346688
557 1352260991375770400521251554371975650536031244953225754945661651867917238082054070246160109991190672637556438165954973564409833468055346255830376745238660082397445526550656934798195222243702077863421661650257960983428074922945766908191193635891233707941332667284234198877582300339390226670471694362528893129355177674538946483242577194356678122605796666596605609776332727031140277875306844714556874396154766155413206096036106266740385269675230327483732630292561495997636941835075633626866056615517053820147441183045358631382886294755418690703259123777537234266451100515504374588009518888359556805386648124179785822785741605248087140992119686921976687023243805544431616
558 21578066168392053033228106203476351346456781103570332921081274170212182803943596238727669863106021537016243873982659078365199472165098896782339506580361199797219924353824018783886713929354645760145586755446775366618565027448561603265837235657559833101240129443237159584803003029815071416949749372715276896410823905485970272163466445777607025148634651148052930144318642445799468913931339887237185522981330073727271303404891283653423258357441352935235539556348563608667656076124475036550840070165306641114554108241495271966971613729255137921479934389526484600779584831445266497025017281754185001935619947810702880370762756386948358342483529997628571724935828091153580032
559 344323457998058730067650529791516982099342527861547640461269253248984570215068510515281791735863760950217385900414012594656478163334914973682763838968321839420093424991127831760930621135339575832066211127387237756678282282898016384319250661381464261210193405187425981828883763532010120017021176701771161764419268072242667677848574820401659929760987133726196583088595187179280919131613089102483696013527663503450678429441654412558129759812713438664188421121264379686167923868173539322438514545883136653663933158292509144970807891777664975431978171361040266991934928029397601255059730689469260881899729600672312141109370305020428138566275948346060978004261911747675553792
560 5494431772187301300990256044499123553094630324754910967976627143498087466697988971524946885614577461715135688821753884783014367541123867813036689158355539263438687269772567543750846162306745624456317898868156370448070342118680747311110567443428433036155839316780955089548099422452401730123906823590173344775288288457614718763988221705680472551204551225164770712772605811457429371402054999049253719492324789995761355149339221363020044033708011368882868573910605628691239907622611737758204309318089926309566899294478111992765651280763323746213326831224458443564457038380339040362404894167342127492366961701370336853865408045211747227538050612247061564119189079966115885824
561 87676061760325507834133771442405370244093994435322031880240471244746563369722598080698748571284889888331726314777078766454756042357925576202616262994570720818033032544251166263306973350645605514647759095302952948139973077708391027337891925762692337499695930653066446274897732161713764059188210152164004165927882670823167095256393760581301404967908367252537752007592092078896228704963123542288217257213637971776429845070589421897225845023628383198737213371445480858418092237104549751891724310128638546231518748269292550184182594345565781338090680918300531885413942954765257468361126300539258045775592971145795874126774498540731575191366983474481270972231476464338663975936
562 1399076142852840240241797641126400804504885980647038010770350184015178794546572745500242722106833249358131510380837109948635712026877167034255947999063129976773798327691713143462707544569679857077383220260614413877736680699748968683903340280969158175892390348693352854888780863069264293695504918030300759369470159270982116140419068294233234667138885434158420992819367413790595032039881960783297663488447027834333600679033435992781481865837362815390973907918758127505199562275610439926440396447821468882707660486129310109443928026046773047770852711747916763835065920904393912138572186131170605921900542523869395174356803499215580086231713371329255809435931075065641347556352
563 22325630304238073533832031240333039632839820051516115144486596393101371234395264894606800021395506566246926641093517270433169996077262010725276248323710264593724812780492410114614443593270174941060117384356540129679741286630614146789098476796235731267393262910515514295259385684765862027427134760698615752891260591978597199087172536766760196110322720454387314882055950677609034376188130249512014782642997431050923310027627885694194294789179785894062985740711350833848512708636755646134085699675127872895231506442133070445045101191855624972487519080896568599775060081380590296925522038920756255365750764973645079597127152190285073740863150729167787056340871362772851300859904
564 356260899520062468102319128901787893835402239320845308860116663747869054976356903638122729456994336867130606009906883970863115371115795966270695130416980042332490431498836156445448362983837887741012052757899717235251675234383581594228385950118033457411458994509348044359114756085096674643938863350652655437556474822129321414928974415854239350322103282527979624284634520550690377120540818815025858082049536759872012190013351759830015892311780390035961875315767786423889031595265563992346750793062600730727683052774595489100205156261255327549368787614071227965665097195485033213782555194302533848960585147536446213034939952437530451695494937205565800124853545342366281635503104
565 5685054566304533858995413946309724441021448155652992887747098646833190625229632907999995511177750995386287486879196071480573765845012261726345745174054006658756920241360688514832617543927455135304960728409424834322951719955992110184054949690585616277599352969617175146120991453470386926029377602400719285458935377117832507433572861523568289800953291929708170734378606803588548821609992836806046987382882959860425709123775089635163159040802360365145967956222406422509231192161840886839526009238485002817234649667886131616373396846157224503013110471335033359694132768293738512053521815488347762372400330370830217542287299835552702890270521389275638862404270843086144567796994048
566 90720023440449666296154012147533479441438996428650901606943224350643986229772389925920188640916246537023032440172881540249891982325314714113563400171694913830583930453935315360138693732049874335628350609736633947134615565618923171541675094361730126974055609564729925694848847481805910394089406629829268747203924552127594822713964767997593538818769036742516496322007088872426996867766705707211824463994316479904435951385849146297954298434718769482122333156606982236659913677614005112910224604558674124989454762058371416989336069283142682022828567475260699130893564117421453337251412842670384600337447629328738811330289621514700794808022478555331875673029124580068214273622310912
567 1447683757305212576880219251479934843360331795253422532329548864214225039805729142376234594510611767693178685128091729739852765731733219406272851863970682118608568049148968780906973219097777963436995944846944838247049120560121126741335866953682849818275066567806597665111557047008132728027183463110935145645907481700198632586104659314691772271994553588579732828729808206749945951789648147826810870402805053354868898450866438136228799904224612986374015493322036726529578533356390366420626553215059551726838652542036631446702996165847490598462038262507609721954011439236507027491720949492604851813994207228960627915889632545772741664543294310560951835381437872784112990432398147584
568 23101824179731897645415195944813730279118241374770107538122416792464727287831453383697050054673365862202542192471810390354043819859824676742046319637518122512851286626923923116372327495143033561404621475145942767809552382852832405285866913112546998786389649461792511915908682867459701840979597761939044260336585727299959383424287921303801664040517255152814332357471657630677790637378575550961142975664136732383219408748652856225787269856355255394923248914923259135494415083793217833044888816281976313797414637034557703454936777837327963119797353781491812071584082925374934590803617823243096984520641801799668488684459376812899925546922933342989263551196618834714424884919279290368
569 368655624484443639822542636132950438656149711866987823233967707107914650454373452826278933772438160182575332313428815279008081076221042251550748527342696982257788406690097748296521898046231696647796770434111452277496774220034751914602905073231431830430663021676099242621415297562331970828914764096413482789559443984363299475821699802263542133884073315782688268449900112117098016835127641656384101960635032788923597634589165572156921934639834646650973452391541851753410674118980848638361974107440152038889764828416187786077876408820626859002538860849298472413651190958270063417023402761831031899768329452161323822687436390500681953208090370954804816923707140561881548417864468963328
570 5882981253781525655791053808870182966057836970002010416844961473950578086348907136304287269354367770249464373867712724086999460627666806056332274564448003039168647170489012934243503596256061835041986251594788598717424079176232057193203082279434402610757709981403085228112040666190352928530358225769787600692621370200103032481929217418568649158210303180313664139664632010641885914228792317254687822937802681341118162617856668661260718490915103407799969434457856280721039635113922416072257308469751809187407286246801228594807676711485496247801723753229196764566249797464299908533890242667858963352454224852164890171110997162670459946017874291780417927066254601431291894321196322562048
571 93880645728969913410031609021514390460654226620241061717816369520564506921618773164405346845267578961655142049368979196760566896705072050951932559604944527936031840387799026380913853906700852445821687436744228261018137244457312775933779898247598592727824519903298496418930151201590551771822852752407528366609360024045418689834018084404038596574083188674982439624399811370061370278313914960961263182763481394416631105365176203251243751246728936149710653862869103210533564221094688814167967645593385045920085806480327464469405010824604862492105343269770114949965035873392183967989196530688475506986130858316752225109766453768951858846900846123268932346855852623618102301569216707428352
572 1498154723797061498867708075277967924112857724322267433740584161005645251910793640785870154828038646568422816837529162084612423586643563262390852597425518897386617833190534400108480500849550727392001191574141993613991284030834867196122107336924803537674984842979652334083638900906404574212993695026933535060819606397471376127399530889839572166262265115710801005095137473479710368026452215449862856707591192367214208991360960419208071951734200299732074217459559453617964247382896096229611087501844558874284642737127151501776506947458813653306442526151702790770101222815180891331017687029654006256021081446588343563375763565934051332950179980467669252009778131751306360625559469516734464
573 23907780352388218642063299756848507726965702744746102862776778617254985164796631513259319030136552600130825825043310374881191809008068296098638604775034890189503172203076365880436536534920509352230141196570024787859105479137646012305253198956759828614513774299928132228432894246490376219203632022486200069419029417838811859572868959246409765513214379363561463726472706993574618097920484453789652393900891252307027348323587483047896416569019730259906233650234675131349668420041998086141625604193309383194948390227141884426770992220552193269901243154528701209209418427714423703591305990306971118077665827539775846214594205993350090664864849720567523513366418030426870207678767411706134528
574 381525727187415501679829700870819892787398389981423522991848464642911686639588795413809532014948743367723968549015496174427303628664825375538696270335545354366801164437351837520268371527098047462116458522297100676997083983060073867651262266395011906046302921880176258431507113680896348240823442210359797251837475399805314514015862298706865498658775030169664456237558404151060396113111931576675769434576939360636083856442302931711582200063922023778441855577854721937615899197236818404053271105810734603176048713817316885994106991965347698511288177747910668873327424641706497050140453459286944500316212902674992394261268641333498327453740672957507797117439108966557601982078457875806158848
575 6088500918271094563756747813636703891736951960300436837146936325453942091648834290413670961455583148971401889053953691421441513588089962237403783690472007499730263110058832818898148548041564612943341964757340628931003829089443426166344824392849143373837933085748381097909656030615313194510292022223346368138636167683291126066165884087057573700901917188160620407928861390963580106050156839849192154351925137843094060316268980074554155310949926112758309421799240753329522856463879537585990069294154403008039760308398766481869690923196883395693435708449770367743465912576153157344755366154229843305837313212033235919233158456169781738087219826185779183865594798941454201305585024657104306176
576 97162547177293576792926275449053765096664830365109877153871531988509765507184639876726422746716362858427642367451520885580099769425277978647285095851674000410927100138067427053949446545916366052136081147478583580481022684008613069739208368278976087016660568753812890978343541829939382505518213622339968338647352857293918088175964212918615802649669948082576096758244584615997018497763482628862149069206578217472596459115806603148965261168351753369381466508374871297378276929558038604094154302395360666334222503488442816331462122083460084399669448890890341815923775264619232910072041925686677724805045994843606406142942906022683587390541773309311548596520659095254763805387471064051682781904
577 1550562830787595366935358170309688669057099000261356749606937754675952994523896962480174195460302823392467411415948557491336931718722311831163542180503686753554450098224305024535670114442896897654957372380868499298689385885580803412382096661203649054777104791248452921514024482688741940545977197786283979280303207148215002701012361525151751531420538916011709350249662935629575650046791708037110677986180084067137110611416299563980788007581844563567006191073456458979156039736662876142844773144910043437193771446206966835537111093407426967504586341467201329772324703406367326278579037552211660361081704531825964647817447372043453891618187241794140916209394913659944363970259510592656482411328
578 24744677707405737057991508974583130454946575153979349123911442488588980647205303825286458895578511272143458407036831545664870400713506185868784642506716931401223839752350501854036609738717732798979773982656347903728094286258307004562242910181400955547995020858054655848140167332276841767049891183140836396347283279726392958131321772993124597214655215301951706539556265918357801850478051355933708226012327864039109905589596819156230490467118921991919280363704225129757877127308384174197384631917650250849838601169559761891659499481568205444050451796908237019040025455578703917858113908770410566471021914122184103036486713909380869956607068431117610369313421093893438274410057956201106220081856
579 394890042168335633084227025808828604694692015178485741048300554129934986562516778512638922688634977297112410592800630925442709990829698967358153966095634571977760967585508411228991089443236323702274498889395223181692552087175851978490700235021960677787030400096629211646221871829260644153598654904882999874481226256536093277088458157838081444506816182414082909405851827102325358222024582183902694859353984261468725542926520489659121023464119633656183399545462811171433866439225569640995480206356410770695961804426375576452079953090011170410763684013998085495266836107194796455400682273513857926051147499400007690168711844536089472924481857524025120951869190970209527655637399549953983532527616
580 6301914471357532841762622481722136089917389786100774559150507822541187521754074911273179395244396038220812338694683001344357882639170889341066500835351142124606503943987594515308662847534200756339338054499257692540770980290181669333225356854186496016942432888063641718703258794812427587871563795602809062610473783178507135929945011213984530982871094801118836391239304932249666351865544081914462395007216767897679789431725343239522240573155573940697459454726945268105927972174850527098217389130659687656121834712108303447439339934437538292380306955264478414181127552149698593519705128029260276659907631080080467783639026952990715127924787256987874032328289061333183496987309548547230995085054144
581 100570535328994514238101001588462558130309684740358039679637963436252548717580933528951523707208254241361298833861719391679129521846350942409403694900757357147117066291766788951396518242673282789852772438967960748423974961763650445179715017455920369793966665355477517899132151731573832004549913667770831671865373647273367176565678515297366497927849911022095387839700356621539874493640213334179830390505607777992037080018634982108674441731969719472072332623045901815360855731968384201006438097709828798488894669420027414579686964908287142814969930316555469663617152461292541075905306232835553695113142948311715261382282253133933659609222250839739495077514072843144054493182451923788000793358013696
582 1604984886544513939856029526735172701384509525990512804661656601836069812757767383908462051359148386609633793486508425044130420369490011827087008550804224756902464892143531957848230061910840430612419569578726174680543918848766504832051069053463473738314256383039553472251010917026784457736739730646071638440788130153138362486782715723262673947836593991063039586510489671019297092218834664580653040272850626991598944120761683624000246562272453941572758778684950101237508076848005393441016110027140965580277088593083137355374581075287612007728681287682843432852267540284252820411643240854560569094826486215955219499666407866739823908290809841609035053237490627768746113842857182147495436490846569472
583 25613743382013392535198650878313199522120581323264384116544841520680375432916269742312955599356122245451811248432678744042823250149437874769929155910837811105894969439914417290653554922009211664423239158301026068556604314294690763744419891387208166854147630587042087599566490313176506017688436622809502191300271585405260378606429478651522704349552731379526752672198606419803035906583987459818545056273441582062657742439423276407466560498420157872885840453270725995181039879091765947179294739244587176659197879935925099663626217198286697507008457054873096304253329255892017630310599585896343153912038827077534143572395858191530280173409198390208010787486043147641390674753002782966991537635816300544
584 408768174962993610513831068455393781750835274519200400893790485947936620364764127105618685052389392560334835550503022365508006665786930178263912480504186858923327672991463122800659107124636580737111379481879713988004283789525573233460255064047130554766658726733683305439659009972232151929693080584557323238609268834212069091092458703944231450711237192112736650591928569287137856860091258339194939122693476544404933067409953180518303686194107278593136741857098193281351485703716940968617395270873163286275607108026495068287371379187736068437884418074225386826317022694973088997828006099247822749655198242358708263011745162286649720791374837178009962298663628352980576235824794290711744096724194812864
585 6523535144030033090053600363976962961822837871234548273263091749363807034667775305991366080903441059746768971027142357258026706034141430382769134296273945018086404865301802974756253723623845479297737121788596303517282530352894137845761121633021687449363936062328201161459467074322983321716382376274616282791947311655868855383317779469983149025683174660569938956475284264350293996469934174504969843750763703100275025351883152376303923672081538939048096163997998898517723194357759437498299887767954673803434168453577569415219575427075766709992057459327495706060823743825031637984917155859613781751669016435705945645105878754762384388567777335032619134260227388916942781412156578610770401845138532721408
586 104109614574134841661619439559278832385161351090189123630550910958333905348298018945572646493294812520028811138518431446555941016714012946438312393759113372253577125544223970113188648427429500389227234695233932678326665251755197717010960418095313168021380029061630902605154936240594963090634538486488145437400043632198265801211120788088961375219148283993603485793124064147898372589985402052524199506900332296472615516450302645955055517056432700503162588919730036081953471900514651243068779071935707911119800134659006783459900077011140764136101834655294402528464675120797176623355770136721642165853283382414803492437255392724817970989730264182689569950872766297971105934675528987531281525462863470675712
587 1661500844665327265322635888821480578378835423173166821340404977114951755805226418825487449018250441065042033022336366682511435537144843746184664316310168599394471711263830404587821321983430288318061861827171311547194900626132558763780433895450328997265587129768284129457313476850704692065734514405588696414567487938108918620610462531326199874707291699124833241273286321995339154989019288134775278312764028027607104525338402919625692148099586723319628622060282882817969631496622081183008624812964300300811212936581732145909258273818973182568235845308950557473421841422756777877124522645015213374107623022349280873992749487873149193219866619377486774666923703393588533898275598908725966292172030717251584
588 26516254771449748029610672649520919775843325450526830160677713427720905706438361333486887486683211357960649170093529232794263619038016499613519938727836611098442416378084036903750719868149070068855873660457482084037912799750471802787988605542129953886400205805931131548181910780872429875089742882746160078148084364335827222863694275937840689053679061878895342700099665126042760124191079807368700531121887433236796994746620532390809097523027924320261038620997406725138300628693923248356778563319784838260113255727796384791249381335304033060627563124913743711241223874570234886209881585945138368500533066826483942788909586385191012844614100143537840933612940255885031126705940311278408586749856785865325568
589 423180534161550519538508212993308933456054240246386313512418979485530235643613854511578094326384220278201476694559066755669663284401252592460733491171820849334698629827258669771085161577392567078102079816124551269857628580029542805783739302504409528077381989661406367921176711496284020161852616242602794812698823895297103154209622695928157858981404260409923685679068462673936348493738688287973306116568569716072890629246449762957821633535402265211183476684488997361312972683831324339354083900208679047134787855975547312686400048199367085207755570034969748509477182889792118052921836154121149675454557818069153713917656987248637133918154839323520220756868017024316447760468759846808596384721882502623776768
590 6753688999006942698615232318061755321570253470541534385090581146213454198008922767618447565574395583107348341823905764882580255048307743614241261008956435621464277518507685017224416704870421303618850379674870690375601109771217676604122300087271988540250077131771518413083851602301031469707076367008974191550369615631495148216113921909639948419794418476098039696645703970071283688070491272142731457343123610312937053165904635865310320119258249474848512785975500715366957906530140205815727859545571237333562624888538755021881018358989614088175904310597727135140695039327994600765412467086072589914622971117203073004618346189779237815691511897676380388497729016129756738647463362850239552955276541021111689216
591 107784994336823201366813002644737818761626559334978876217277324808045757947418666699768111218904045521757749299067317487982321665392360028337106625615774228366807840229751963944537349258652151691286534727609272136535609115235641805722106394422530116393682617724906646105153999983638727450985474956751696063212464025843792461766826717766843993574189472429828380324231833491733046379865820779690950484299272013112392525430472145001065828344957424478206081268733452321868228634914605644233721591949411923949486130568258938804690053262647120397250207944375170174084075400998344546882091242150602825878107897155189629800638947273019779282446997682370497078056201623313492682856368503302711624805973552151258005504
592 1720193934924446027241391694877726821838847299179460978271792084908406767916806994757603107726086481341228349854727543737092467613233385871057599872906317562210393645782046925581066407875792962889106389234265581143367491167153363806171895728709589339255870758217257369670695390016481339035088228340005551338972251438928092977045429111305559925861248587954458453861790264162371732327703028313856176552651402647603609030886811137249685707474078325585908319371206484325532361203434977250733685499784316786062525319097545098327583200363405280478753870579691215863272538144291482974759508172563402478204495813990908286375959413997246939301175714583868967174418488336058711077180134106082320940270640675178698820928
593 27453541620058732528579738754132872491179440911492117390434322905587987457439469886182394113137914229970006423120750974260613744168291208585479780216801220675726309832000019464084948226590764002385579660506278812194087444549165754379581287958663077407122604174221224954244291386710690012829648673868849401181170392226059806245730654523542481518990436946238806675833769588748683223919935485544466044838736474569474598001823455465523671441724060090217635552851227658662497206925850960761503271993566311043403675804147479211806905444752691515452120208002055395274851649220196630057067449166127467670803868133207869100499541214834588202940512902827950151404774074402483570727974253850762531794560161250244829056256
594 438148364826808035577429653672808867210593827834845883031002937888483016809843668049125955156072260879361070900322748285266232499093377663007110670100754447637206329592511573236088507497315999314996773736727219056879193620504413807191640367639900097505443824055764994294499512177722634290909643055295357394523825472814973821059055900168102287217251690561392483571888598312623031293504445899255266556384649872535818593771034222945886522026000024155148839064160138858683706405198416826665167129095804514014869964903003472917357951824042200645357562670427586920768120948601662544483308358196060155378207071938936339695109874982717380940237966050372600630039130560332442778767953944718713387756563267834123386386176
595 6992715464800833666722613499447340381816359872429777816483847250860493103867370936426541924381085597538882127108286468822502566679218913033709915251584321707789595901228281019573928230719655272134475167395221839529767915891670681829588432549390729051776273868707984786353437289962152227381208428210048350459564770987774739244581228668392169068375894742704606647804399465993819807879373858432643333492988173955715727587322954053833072259404729857527869903013662775732568826054801053690452041637930015572324258396432063191799545861204607411413422758845175030244722916894767754517975604908726709627237227322473291586620455198678229943593744742592677030315582628739403145430580753900097161471675450215149806621351936
596 111602097610235656328061374126121582212319845770047879539477626769673412676329175183783280970819268385783995219759101523613625904405308992165291367859856248479686576832309037923490825792169399893058606644201927711428795515682934460114055931774958088814794769072111393396031131693959125157165775343416655846613752960205412748543639874541079139564994591211910448057470176401694726878172876346952257634800776676759409345347503834643663728756730664880179626941298763115393859547436474375387576434814346853700077204634877087516597015424725667843839067466456855499367044353911874089340934171657013332638470811551138574396829964125589368080858521608248878125626523051409526724838390482978417977137317708006837146346411264
597 1781150799673441533295639846378337805399339881100434023025627133872566708882426636412344470614765484719574888962794920772919532177518002950629282039864644164286576592457730886744436645478926873452577044870497668116126230200740424927570742221477477549202555090683858385214726978313921035057209713785656685550686787940810377450019376549429746323837975750242043163719698488578110443287885227355884347486696040297353868086829793514186107813019972059549498378882940635675409097660877087375564246256617887528076856655034047417664440661611806208318502693795669475031202001788063997572204392086144968798414632285170727014562589065625888760534166141228241236744016940920416247423542816082480512980672416405607669569456974848
598 28426988201136607642963392068477781039303261930308897930601103610331939834950197099399601073516068798258138338124424599167525577081160521470050652515170805352597744522121161543294769790635596560847474487917817308375035946733748249446966901485316954566864037475624136599917525010328213057622996213108995896721141877797836352935388610221194542632137024304341614999346779101121474537559375860357633338003876518473866776697622768863392881203694238089193141624355256375802825396242495489871214780161144893201824492616385020469929438875859173811930124424569115251270524490125930205835825748470185325663419224676088884499343504360047579155036550427858404569567430502356385773054249803178107598255809100368832429630137040896
599 453693783330908854301346664890237424534179726971860743963968482248879213407808267998692586160758328695266208904908562332121734441045270203765896310283342185987488172446828504482585638302609178625044213625236677078770747789278873789757063743633877776785886325588700423513271925498405951066156145347884981525803559332863191207673563846771184299474753861990644727417588166729840375023818756177738710504475845135179895994143359832561243001957778988708137828054915378748812962476470963629077525517597711103918313329878849492453996353751112379275913602903105194133423672123254206190041561905412778199051406732592324425174785983751200110831052429069742073253752963778481773925299756446666789619820134801794812418360185716736
600 7240967892453119665031723162757557442991820174958990018912898949047485155285790440988632337419194800104980015711605233657730794804121980725691434916063626726783977836869610676139826919832047307670451952370400551289673228108360156163662170747424798618447554224097533347764344889459331873859961903341622593333379562846877202394300693131663640310127393819171516724027539530744832523148386467583279094390236818134206646127462590896790922897231806871180518631956793242525985827166568399589183869971618923017183047874817609881827508124667945917504333889636550302344331806359445453508286408642389426186050238159839980082896047456039365053441967214592341228006365457626391156672371306061589355040260945401628240622365664956416
601 115566569853944581503460215813138744182424985278607308524578929603069710912301568074329579829644490472012933568514357997373506714863622872577164937522304163123688894096223672888787409568264099025904498450947310379997935121619207018496744792010663973844628500093194085475643547821692783589886218240520037170163288724477424206258786121004830967811671280450967671148372386022416948319368060354244071052822614646289388315856021221402744648103403906024571488563293381005725769143444302506673320592454213362975986448120835928673687804241380610071984948565673589003353854944802379500855679423326660411658461589960974074471285487870700901779500347062765447690590672469070988470854903711953265803775786869506459534152481526923264
602 1844461636031771974796450592779282521982473031106047653516584708211875798483202889910953718022193411767452922911920080048619698054849429496223118620678149436013600516980737736322322254028439073073336635723956293534388977652512517460477977373073894488085888208176059400832901263012616355878707559054956818731716195247993353005816521100404669129341421308908238258631398961317064002607483565447567930529802695019214741655762611572385639459752387712935861233297568585728853501189384338893138335999387082068513574065964297854955539589584035216051851060978726273455473068527305878013310124889116092834607687652569397724004303763271911282366415019737686469789945501306626024734968885331333574622566814768209730676513249959886848
603 29438035589323237315749922919184859874304742040651307430167906683085159227948527655817817209039747455069420773652763426967474210144401075709930525016123166648823174040781027360006428785636473420084694782080449074712649011317570509016978523546835101053765196128674108700743167416347791091692815027823890412777509241137730208313153326122686597939085125606520936478187576214896558870693003011567592577921499004801915094000729027918441568571353126442167637955597867930773217561014485360458127508727650483279569686127084020619745082737525316223495908197634610710803615014061652900302409057936694502050044672858064361693078376880959730726028308997008294680700505544130243666695719765131076406598525529194795924510342150464208896
604 469839813671099103042339255820397365341269265389479735730368916573546580489928792036654138137648217045312915335317395096234542983810990361187374298987402041459976012452584579174266179885637340109371533121659667434267797261339748172214946726767395195546371805984230693780012146365465483483327178877288008772951870662711024806893284071060044088648804716102276917056736850054271788971093429895495182660116608104726596506208019648419336826454964601499411166924306932043068121857286130500814932626567269002203102443008096306904401084183077669399605814425110020961676957924907886357646572951639642609067644839600474218542621648014754392737494285767870090810931484901766188057758048525985183125069148727801278233753520227597254656
605 7498814135907372815527510842154551035405569991779282118553333014534323434484513813574088516478240601987184831190168670058584645296788387554773277602952788681572453760897878946697855769318211817416099992132919225873678423834948306133788274594560339204182013779295428029786956929231743041852128743921640559395712177957645831757195328639282345185384839632620203979123929817173395005786890335627150845132766395967573701425032950241588065597864063968482770090281580539804426169815606498357208201425406473653114626025805125209384346415370492188950644410728122401592434945665985272470611998725667744899340930266413626714730922919205172332896732164775138481769890255978616952717783065237705940711241581125683088142240025607234781184
606 119684288269046999036846869057426959719087001719156657895259412581952495733875301047320363182355996900374726640528569151927155259041983886754833577010455610437108174320781748714302191446594818127247355769500000682043613918773029552153113934497199600673882246929184168557590482518186051721555339982808465760722098427397778981944863612277057467893734465021434713430446970418709268424419383676731879155637031732094486710860930567025967310664703666814685549814509455682641898466239906513005353895800576158783346882575969436627982681859292601670692220824878067618401991280254527338969500273328926260325550395933659442078590968802757188331369302739216908701394372114132899379496733669260505380808023494420753007966866210801109958656
607 1910220344115598378681025163361841311996655014122228336374498618840719340220961932237321667988833699014156442250088669961497898956326863831667151365782891453703435833500232645421001244532562747268009128255452549938180132562069203032146665054903593242222204912948029018789014962818583151649078213951396933467537119841009479022678318332973513933542367509850416508466341620604873076388188272881025159757792318903340066574679632167819337448188319019911678708789172833623070084380873930755313782167375877131052540163263487783912821669272147480786649993899348618951691798059083574805094459925641229256526656302881413494861572379912964637978384022463874564722284656028689322274703531706774486207171265529873734395254665398446500872192
608 30488184029495802236542508732406391156953903191556196709896488241063057139498435432880248032611508550912823986899124427275295102282593432338990777394579295179697298799096282038564231856980177661690104583942352066911094395923310313492746414197235600354774388528690135382421640619176440868954157103114261395659007493832972781951136474949792977731824146629333502119115337796316624965826908164097908504826854434565688366815472491485345541593996632496625711857214598624833259965915307323516985956747482366253862199042711520539794276294861486198003330507714513026387426351636224539503506149169071256137549183540700358001751940453319214403016457914917563058606050503042043811422736764451169091561115225367933366995979381496447647177984
609 486610425327821710718687667615363955647711964020333515728557499291569202397620547664652935954854777346037168562687181760422305872564662001663285392876898993974491785936905221950897279943588401267859504397279038707772596232336180617113120174289412655565428826174573717026927095942023904941771818779565994375857953670472584249814051057647648558170557756534239170801909856585839447506499327696558935596388322438995031278548042803207817325146998594765679000505867278999142799184203274945575198579666868657015721095855620904997256440411445513596796175328249936573350164386824151961578553181798003378786529201796124925910761828155173665922966882657664630851838411651268858320895959151990918924140404474515589588185119507490254070395904
610 7766637157032663917543152375786939831531933235900361890293506506383473633154085682594687949633212759939535163160249808688769329234502315613366660418235874897369404328392890762914321270645814337105685635295016867876451364604990986673087784116670049360721218032673120499531656017319740505795811055738007836568489549996413958034175474618779432119211799775841202299969973555803647657227023170144185357345427205666730673130758151926417363178753504677715251663040266159214395711941892643811475328199078465959740943495871485537324884577883581573344029855676708182464351363795593322910816853342944147042339542378977934373642816020612922076001275015795575776177343595878705444773489851348303687171131894748304275170295224616754981749132288
611 123961371467257869848387933495521847411271389185107693912350766385541339841832717282409645813013248755651320831136248863287461650397125327918097507284238154772455310052164415674546871263486605698458276890890294731001084343134222669687957129148765426947145109899737292416289139280758667635130281562341050430207181019192858970062027357816050576705574128438977748352105154509759447225417868143161132587172443007967683400665885885031029239796386374097137076245700443691841046703489040533890214988188027968842636261055102332448699365224942669214103865650020104281184598140408060555408633992623094151522164680756197676967909601366998541738312420728559334928898055048989528596796730335316882285758927172840403390516406222478594070400991232
612 1978524681563087965202359022720734095141652520013492352271212205685928656866536667444163742125770281507636004166026098225508100266058484728165588905306717892141964451654721619236464405315493668149623187863930794572805543909035535771902557656034932110472459101995101446840102843441041438085299977519941161191431778626087877124674743111729129248043333980389131214364627586585176820377135227214584947124355363086509540979865061322798226499854670367940979174203309364726508387347739534561281617709187423134329562728102590871826104037334655076825163360625780780138733247647342874159113060277594860963570574924806581995708222805210472873338458336753412058667869629578627202934247514527222223755109635115738575360414210503605907559555636224
613 31578995406295317680597465865310980291587293742597863091462819416535909477829662855085623631358742143337574972428945843492353269972465447133732102153214505728951838343388422742596539055913105195475729281018741499544264434302306490625395187380730472597269673836067010253067241270852612987803816924296885862899021095681930891601704841446052775319653170387539789121031609852221504657144160723691154577001218176426388667962213958007002023621049656616909671683905483292576623951060244730846151836711310719562908483126914272340260449905276247200201845210131364784280171040860077513054417192252835392186977895647554118609480156672904634800581660228249443241428165276549833041555770659454144758385729222970642470218671173485671484850856398848
614 504030572731162451165482289495176783533551871893090560984505104676436861398290749416832064378365267148954241359332867666427083399620620405230846852012258655365289433414084742445674993626961579629441670651531343979096825026337261352125248953682781576489483038496678972576869546897032171970423920710503300186411109732196646426852472657993186415589876918492579765031347794754922306024159331310079590263856989953263763877277156582125595031258678768458976206863700558128978962284406704171999833731343860641656850351576964729149828135517534334669906279695966081653835532746654066232960301306140391760969542658397492302167994546459361613581701837806136856669160508468192047723052216605883796417183128349400987437621261016010809861605584846848
615 8044835656352249991893426124821621072191711903082810757423551015577010881099125602825759239797812502924625226052043248274533874253638881338125330325215005907905933015073944616021696499915695889605884852306394463398319107633903407327558186516198420417123436212603029418312472150021511236664767953517457050419555822479979803150206666640488341007582395751788615818047713735280608391113623882377203003081839828088028669207512676550885949736258028247425410443965658532798182986987516265272000562394764145689872612416866143985329353831981263046044667061720461579262300179156617070326214099604037542235011705218940466999710730653816236761559240676437082309663366886398655955966848140316445156145374456891273817142797795287472964304715216715776
616 128404189550837160035657536622235575008013180631701509378685756073826281334297456946714583702291765679980578257665942047457321539294111140798611501428452024802542897060448641368517371407647877521387036067886782723078806758259693237869000231535597406981993520595150362445217161839824422360315443419675690685669787385196405230719315145218182335885752468672428153149730279588761952788612792288997542474667545083908260209143208388370521356917947356846534702470787899565561514481701744503453807411054945264202397442700046525065954382214840750108619299929655349856740171958498196989452754931872647314186555616684432338743643399242931723470290203000936900249203968614269678684461204806620111433968823315645290592967262641533144438296082695660544
617 2049476424625844410492648252250783208870010240366929050179008037038580543149525354300648016963540662997905518837514710676223421272300788213871960322551342407790044218450905021066106254453269957942543674693835958789380806106838449763814818519197614418692082802578649495446718757342153456939338887323119302986564757275894079257998724547724227886979702597196391921291038371265836311100226874119532216528826850467844599620456951053826427992057875913794599628229292716442245415655523502912808129765091872836776950329229596208096761661509593524901061656444466057947564942601014305485909650077390232934079158609886183596166523547422653471433479910743899361855140277496850609149821351898071143853241398097004421653247079530823276721404925938782208
618 32712095818596004834277737347228037520630332629664913314778634391937550264063442513061587324372953203663745440869072608600849638204033103106352777399282486586340431943792993643945947708109489423335206213703520519965672263689736904374499905740302837306571070599929825698734712376128806649581650244701190838046921489514684876563730100191962738497648624738283017533908559909983951439395190382834321579541688164353731764353261915217067896302430828639442450171030121315156320590673324446915190600145642816419270075547297781053050483182685716489461505989958511516361147741257357970438857639862444040567359028280931232577742691595689988090367291719272508901822138900026286746643370787939351971064529254712879999065597741104691263812409869268258816
619 522126236404542608797998565354836563064712222724186181394312731721005278478116217594615928678303803418205749532678686210760957874678978524493873458094811052272813116158120798242067426407158467644709435450664590929374246839791715613126549116726395812719945148695237742175387848985165336362401958262528851621467844691517181735280925423612577283634633241908474087998813614412175517277705138007316549527119947539388997532034433108018607847411472942894055506213464827632749808874693979149754009856213382270963118967012781131619511049253493405527455744238079763556028565786977576325335017860225266262779965239887878091927075177680577377349682920973151332059034357499485306929445435646055074102699305543361664686665117445411135463350216918089793536
620 8333824730578843649403323812896464053472131874672264028039306157666408082627798915724036464475094109905520565331560277616051473675469263300832331394289675771919852832060504891300766632130121069533221810331397113348995141154213280371783092196787745954314325580198931499352130284542816655154355788550811149664636301901218341145443259213154699303982613591379479813355434213415524443855304261204395562213258249369859319765685309881722797120336726050301682683548457474830211093968155678724347822367899114190790725625461392892396612021081368032691797942841598276812081397134554338872567333843198010492287992539658350068683444361340179747172179165305970578588427305229163267935452445334346961343187459896011693875129244115616094136188471151453372416
621 133019374620953350922052589302540857537201378433535915862124346764850761497217461202969390718440342127704249622489354819924932891937634512531052000221508539664588598577449165767685759629394325690211297548951710767152263717375003683295753182652615493588027325706294436527911359063705627009886507720450672105897461322688357196215592666864598689755210419830885974955926129579555402142916786086423497046891194284528147724665870066914825351025167420839706937356028558945310834398053354167449902018697785307979975167738392761902538127164802601265774270942372225434227094213372827836150038795008368417788236585086333402549322853981631071761674261071780887112339359059030356075507942845601874852517397905298218402650903644261658887298282984027808989184
622 2123181536107834636147305828512471668610465135940029540852918658450227612942703837493455213893681990868227777159676780682449448185828180569887503356173707143860963977709884099372169873316486737711286980507391007759156264090561310004794427279826214185005651879736643405541677920408609289900771528118015849825590458495878895936165286151478203614239279386763383881396794884169788793593570929167574475522518630554860522618462209138656297948842186968120380217461345590080198965130843160929403466747871423321653747168477404824257597079080487992598819373023066320591297643685597740340133538047867315275285964185155739537696369603271747403160642584516745441958760819072284411170165096999876665674107596389859239084680566189628247133079712904294400524288
623 33889178263415064402934259144333690816207335250407335810400525928868710622208101272452224201413720044207086610313430554305632029923005685651076500013311728012996205722801456143198681993715406475688449184054083989725299589356656812475330949820485271919277537582142873975936866452664006705086325058803921695869591952476907340430517498378295637224454949077295537494730531248131876214214771953373217399849640908776518512583886002913222997177787159689827639199540221222620348890235730887882683976221559593426045701232278604931501888143297164219758626878680765153657070298274146869973009630724457049617798794690992431626969256253112244596175612842198371185644788105416958840193397783716999840539169612455100140610565129048301729676940536338458687307776
624 540924465857549271522895381184541090448036477302048610341219654994638295170639538001921513636576000138767668896223054340008812727158396790034585186447380838964542597233831960570155698254505681673624001089684729256382776854600537745197938857664732434516236445173658019936498563569410058757793806593667045982570797303990848777823639369959528745289961402670748636025415561099418297079170336162555535921321294811305305315828567480689850962619906410611107096570666318086409175503937780452302463660430914027311607166085307159164315470864877068306471840886273027424554255295335605696179433158450153286874660983333955955613206813109711199275120823776780983653367932405887517521332776942660138180661219051528865855669615451310399151163728615693414213564416
625 8634036558105605031594165287549537798763120915208007361175619140757064490375625794104629016629503242921166710506096172461821423999810651053275861367903540546098597669019821794982203124064227068161347830380914212842814295723091077041919580845964768897879832868166109291702658271014243364918650590570029279511911092202605907172900432968019845656091532684558062720790292863951148107859613696321868631310096947521664008659083838785368897716573206599772515706781047574576799387894341736100520613935525269686426182922765869727532027288826953196533980095857796678091466071611893541958395486740177811876345889275752993673886901878781293126309863246185377482469752386502529290890521941490849665922630665526596375782937914264930183652946418893984379301781504
626 137813831732851816969049806307740155527412400769095010126260966392202744466844277375590233221689895747142200746272064557535191407465777585280532757542815733579943066948649668253185799143982060533104048776583901591262129509451828002840307180160641681953013153219429928146731218807553019929430428446817410748149046540916381435655223405930186376986337426561353318343270900483379632433999788088766572049087451289763778685473730768019453054404198746445912923072762670685521141447825344197838301032717993324490415686864896879341429127472691215328389920962552818866188364142950602674976009014615535860968353397280140411891825694225654583888442410164211261233417661614132524612001601625020541632911414128593894451286084260859150438639352193900717898887766016
627 2199750340445421953637557138528615309256946702679167477075486795893282296530612883324106768052615504064465499837736531379071566048499080940975235225520534942523034755235328901790219265952015054647262029023355678039667341552875000927617530322947226773763178533546555314744986134226341439768684881315907198856967283936256750049739518238466994631655172755859670165960410072661650324077754746869175619830305329346709811409751056237613369476336576960598975720853891207998282127131642643174988650714014898114066336136568112802799481008693888723835746429925274155888608299051096923593177702237079939268693329239404826782427174893108135989745191354862879317257637805782529263414168218200609039809913544286275235884018121462930987080140330430326422897615962112
628 35112005433956054995756548490910099570457789459138431696239410673726809932123754524675826447972482951299030130020936158085036959625946979933657291931304373477593128608873949856408838877725472566812420532519408551820232335934719990279250622440524229862483901696319822810726300452616664265644371358324403564493417364272479241512993602076504244617605859039088304400937517131093304138065086212414789300925337898427061139191940222189253063295667559256438997030766714220463124716885925852305599433375674956307588825671593499871814126351748891661924132682330024584918600489002494347552762170065006926976207097127261797315446616079139667422379015327040349497445676102815666149347190582832869567849141595836070274066750469115067249349888663476390277019505025024
629 560453424302921689324060620839186301094373407627188835982132907525210232629365009065722515431740196990380226984362667571980561654058668251391884896919121065395779769056749126303122434082292807618103325070496214343273067224052250736256562522730697498206507647196493631238006052866759642056959975859355250997321792317227894965363455095816182224928922828136772210105505086827638492997026021181347554096172301688951134237616246074123718446267733257172493804319044526893761095213966105689249421034151374476164237651525027052046409486307245831222335745076703525341028856791824328781142621998446634547188937721502992041691170976172653155202048670628575683081846299511793586606679634040157691331256218896103225701702565856279080218576230587878980276896142884864
630 8945921113651987720135575147907063394102672034072790181752260803143580067265841763200050872513843378870320381542143941495631833427168156985630352122086994840012634980588692604833522989373073314390032012038766388827277802509080556885630103898420992546552886118398306596525611601214602448875731657592947942922283171072710272296153765208804545295000921331335428567085378066007571757475926539436952099194516477901934154349756997380138794672862198404013547390969020223231946268027893464606941140387835860118470020459552132520820274334716978710673645959052355863769931373153507494128781770834177471332392027208480203939614382885014639527906334836806011704406320715021284605777518560954446213000110133185931323888811942486684770580915600304935557610138668630016
631 142794750316995575500044091313818815211177737912541318403218290272225595271630842902630808761630400086587500148789161978534188792533912027981882256743468544394920207927806239081040940361171935812890408606205249958373217802852507606581710523167612810683053197956161527046956515530932554871795177813009141121724936722316502171906558095885395850975477660817466467627046178601832087153423965489476919397604295144667321666500868375618572144024028108592746906666435303802480440036401049855729424337047044741225666006291422445023294750318648266360428278597177931621834793771613481757064073080341405655741818267815882824814809894856490394842641918425517705912961127917044188361440205850811357383164898692324157026019222022705270564358430783469525429792890939244544
632 2279297706234888367411391959389034206099296812740266948360403630001788149681836953301582043677553690624531880567100229720673846237915125717607111462947448088554953745530666080753560963082072596710401989393026084130351043551890848419799829650097401497666770056030831052343562517799265885983706148824950432579298825795767858661330874042428009246554504453179507517918030701838778582169911328566979911878965992572462836999741222982199459823782548667937780759727086294383397586184615016250913694262898617233025921462424296304280629716056604932259538158992171160329053186426659404089786186508666168791879285901784358071628993875533832109949323916519962999895114643714387048853626652205133620937868673201448880467111864639852341785648580646032659044339456848478208
633 36382412636683250090501618605210294390986296123133265266098149422973418835542603623649611326977198752064278330782231765622031576337059126151324792491625407442476685897244074430087321879638289129369559080490944935714858850663201222937851412423981339216547980318358138597323794650180005176797753488375390151698141934197996218345879216245766144427500954508316664167096303728286454201629596258794845759856353566220762146570396438672802321641789361042119048717516414464959998193435979452880917141644690617551721996815658347523613238436836926569711845961646836856376401202991657521594772414148220994990443176073575268198173323438334581299403933752171311616772552552609674215959133872918326961620482413599098242725663483995000796971394077741220203182541060389666816
634 580742435275975744626171408903515379271412486263241339071787712062787977515703592769832542162101817350239657003869957577377376800622427910097310090327103267576712022175255960432756383117963456328412667622100861237757099239624245959804986328788615575784035920769398090002522982705348012178462806041017217991819173573235208754836413364718334101386140234096406522531101462861899206549897790982493266853677006217671909499876133463705243722539969217186270327007758591965379647063970472966706679223847965909716168163978301332839339590864570912248034853120228307932007101731482954356598595691895806431340248686361723755490758533547133595847489802891483624837029103929687661419616008206784267069956801138501657086538764934776484474459052335983441503010541775494250496
635 9269946913315737723704039140776311080190586560529880939943076442458893894038513633111022862358128247933987551002949618469426585500256683944979438951056138985155125798062582337383763091714374956003597729010927893155761970473271469591137664058228918789359220762065752667232935244328759350121591095155251563123398053571341029434997815758148459556972615362503366921605594466892565666108497444354455322143663100552382805550198052247140911908722028974773326318404206349471107992021790712669924022234430747206022841670683603415798431231213809724789616578503943258866692381432742081686194538684676358834619415415521125702996515891609179674431316260873590192781323006918267154088709622107445047057359140600183714660533306413675890266702530593757057444175327928083546112
636 147969616086179797321241127607140905952667342462594121471719137772677519080604099251221204787189251354501455995755410548829498354395745093822544798847756252745266074238230591766687317096333345693058504642846755463083990334701233160033785173705066666013290464358258567667404796417647245652894605568192077164005905899481223466223751096422327886118832522587175404837285333752765680559223975650981762563886159517048384459091323625636363765047638400919270198696049566048365172328477999474663426155072575944984419376063969889458899233701038135965257323588231105581122893182158968514554699334967503984996652140437654493802375062928675082304888074062907489259747047536994747099611052863188962481897733651378920240881124092962237873379447368565003641107843984235878023168
637 2361943236527158260987693133651957877054239191510288387869600434834119449148554147298326745449388396125477669080994550973787016183604873850203595808327132097170874361935461452262670482154862846965795659869999885716678147983145328387867140986401304480075621069454989178773466557848330184134105362817527981851378300264452615681041569121783982420856732191838869143973794429200389541800890839869919206591882885764893176538079981872915953640014457966881948364916176464027398168548656336343600814195927623993244984806382242736562644090229879165887201803791766789933339324227748807712444114672031637254645391594335715421813320903445334651531411666170525544699095949023665066191535325497794639450722004074548576623136361838891246299522783109072945671672800759364387864576
638 37702310832537414719349316937811548277687495220872344144880210872795214884867733717577479031175092628709178954895020010641904886791762967215674088455466059667920598734873862221741114948919109979366585130209750464192223715864259880664613358730012555087566072665701324166401879753739873610165229610070180844627179377184912268609716888913312658144947424594695486508073473776016073842142699872382412185686510604558645605695802792855694531844770752663852649390551880279499303866032021133568248771846812316871061628970596233961105301916328848827462537048629875093959493853733375721190570290245983261539906897180508311191729443912879707632053770948725832335520167022583035941126278400912830877948012135477320136034624384671059715769896498142495924479933643356468650442752
639 601822031238154411312294573177890847064679359323771903799872131012423895007136354368729514023750158939001572022698893188788390869660569561790391589150986017684894948030754722420482650588764559993611269098898452581518752074235980290382488176045821506238462509868567290774916019670863906626584277312467155749034959399889150008634262511202211190169801109072985358389575910419262797561725291317764016625734580085565304201781276330064860942669550867678889547798364397439951856791828913702747396148601878348301675891894922401062109282916373399399450803097875390883163324523752494876807819206561362643992384067176582005059771754374540558883236728843492736496067256345172257555146153857230816761057390430040509287784805128938807664298709907755887200873679399557567927549952
640 9606601791336786116909125745277278565452337681689249944800836497029480272075742685252884388989957589128420142358364601633631738982659470790511600013175535648940847691841772528957382989891524398222753128491195863964044990821980535126657414927268237939352492770460619482372208302143900778579891995451345127765345820708214313981003227315000084494302238718063066935736397512964044360508102254438265963669667961485521301325670435746554930706890035379749885061804890141505438617184860357152235576444572808508001018096469509462700697059532411537697464948023137808400037545621003566086109739654013616425826246894836018111339857971431114076265430531812116638296849277770752734098622196288261004616541354898623337097503477944522240600309764860023996067727396884517719527671024
641 153346223449491703456267157376463297151369843124125951617254150609562400561891221815236459616820213423072286198744436413251091218224627638966876807656680369595405067735976066666527407176346312304318907470423210500720154522280575898628794624301036164996401233168142946050818349313832210969870075154070117035956567480755347039116241524229517931896095638178456782034081444263409577398707580058608441280078002483437674242447532661125316044841511908492011318104424491111844117434000706360385294887633479194623387910001454772847585885331374045077280653281118781004813482656771836002209211837491854820514839112496034869177158008959760249021596433094589811214462427652746227729622453127207996011021260359764519480334553564260727436324287172973947774748983693542142530534712256
642 2447811467223346261249493150402823935910916647994254544875565232822143714487615768054148073740239214708987533298917660555774745220454064239341608030373966453302157820656136636826094690791298482919118308092131345012168339875788194400735910966514707623216108805859953851640214280431290577711873068027594677142551571788301066793007746191034863189592218407743992296373879912403847769916447187451849955022164248163132690976219247114692261305963845632573822989805712723331666874340906710217787819987512975770948143308707103115216288449870114548656381572027918093908805678701788186575174906492121292662671014574209524749374012874128702036878818871073711604504625651652722623671712121744938459188813193900213818436668676173725532799961260599546880970054477292945867566780195392
643 39073689807625801311151264205151060319998993635321849588833987561846164519493734200302603215445320124757619333759887494549331759492975197365040472019970059401382998466411060272584532399706483126012691783850014923614521781087211609731473471492331672120488253628442119376273415075238604181909262936898421426873007977008607576217482854041969534581587750645748668789894679861942909202615043782275530037992582382143487313009483931857009202905021241559800665332004834997238526040365067104704075901399170491874400449128664512854681125353473643505919799221717814025434798701303518202596035888346422398623970684499247348040063527898170811741486267538463665784652409158902265147664162595117042185299857575791082881052448922999252982400689047953583889505177195089755238501369360384
644 623724004249946446043318130902221972108799105900949305483557461446769036032534380505871797682522629543907614043476877975334614872747176774575144218601141605795000525322713274395466323785589898842743124710502866057064544184579641483658253864204683573073910861993703628331977026204274475236514822479620230719755610387251657603873373701387466281510051640761626049443380429044405917192685874401067347287727666899886759735342739779558970778735754512343364185600488258329471191506935928551234181673142349436440246176471847055627618956475958914404429255473563348305493172170232490889915795664370404886331619556766525106144952147036153335705152746517979777092271173436313790462161803316140425802039312622173825444553615295013584383310558997610593619373870376858309998605269184064
645 9956393709935592038291618515242108602557988717080890563703093858536652478855813342488881229902291050307308032175651292270599257057688994338314266442636152751015044261677000204193548587197239375122473362306431363258997040184167518892565215758742773290664361460503662918592222587609487708760890028728332232832625740185598044083228555511450307265335506832517711015920530089681354719471493204054444786013213956922811272452512865129992452865895469391320658935847312634814716397636845536859952069077574843794709076319593625128224999946883408576870860773224444637511661718020236598674761739683487261790614005489616897975368893465641816672438985403922635551140043666999480445193484036585276806066637079012402603649095504792578340842937947550487463531369908568839116659170711940864
646 158932688454895673435283983012171966027615287227109459002429863454780363414276152801476249797425156599015133322133579616389735714078321262520652815067639337511091097497665476294890543021210395595307042665686248108000589933757834368446843279295455535737699213612493927775774634993922967754632206021058901846032162402085024611880707653212480282012542738203767850808424988822177201200205671152419468472724507158091520071667504342809933502247224177259865500561957957101214035988534631965433679506930412597545733668216065308556543293347277635091952140327339236604375144976782780993234093669907046752650720174937928614941809352455208563840146216805823431309894626535505725616374817621759538118650388572387138144758187166655785727708911604493864081438380596294460908393573851995136
647 2537032073919269583241869591379786257209599293942029908042222532651191752802290359407889073122172209268513388971863466896421427164541428599742906848587933697668209070743129563067211061781988980121189071196345279369850717124830068999156445645383593846310537630436764989694660739721593680512815740422935342370801650473736298114046058642864967488293098760534229009615943769027359716347811465632580237751563980526577100893837204478687632441379955066096273573751936631382179966032715049707427364693908365635845394812434620759361395476590891631720604564438327437250649306016050948755019731883717614683887684248544684956442447826566702876187400804798057171399405876874502481849548571030249234277458195302672310771072625624185201591468341340338803062239073098081228588394531842301952
648 40498621478951225567153193750080213454495393716470462815866894232681868645198337079229710869809336527074989971227373110692203206072085309797773458921396481677375368624280651256716389242031283194611814539694668893780655992358322987065749164397673486806719312024876016321938853665452696076160452302354061759758078026664429723948888085692235330886818953799630253167839815293520729577339209456841930873244530148553280104202706565758528710477078970559452738316092800298719563685264105945268382957926161723315517285924691817493751166655352849815883708716681853841809837189778192400943360036794139691609673513500796447447010367245829289495358721613747576419393463684113146958083016571923814530307304945681848534458764189188412243426800237981848648134318002974664876629781071837808704
649 646481458802125047322798717484134787432882903613346789368662810070828547193369190026314910993879949780134511435029891170834240923274309681873672316465135823398865639449226837151461115313035554969181869045774366237743058044427959236396973071864750906776151774503318547290435368592424811963178193916751609440655768523373185291977687738878311028543494406349766052374132197445962238851296304799015434462989743256709223669886312478260841385476586998671582891325500149200955496685136222163330109746132154937342012861937530955850559920326711977844813974960073591897937103783348149542678878967884636035747299338200322172560323147609996463793701238783788482377968472260002520772930579651599875038616593592194833112391248714747280898794506625797409973828822681369531532614496284428561664
650 10319851603647788881164713914596703399976635552959902935233419858098222136023732305950111810712834440657709552312910409432588915853101379031375008575184500285865671652966199918875467084611025986428610104838922106709452570449225995026917882523451859549516772584764440578441167253707963494876023443191381061790301121047648182656938873021811574694302118901363994358105019445680440453046611308077924858297229233808645728162235340535394467589555260718337416309087095464372398825993870481733814198665752712256704401433980570979015857378287589323392875380086455670733258558271800516208080270918125538030169143793378047345875581516193356842087004232304572138265381545090273472526102523180388786551529216498598244192213812762044657406870257764010626327532056898221393988526761913597327616
651 164737462283171238611977407324152416736582418770359257113996753017142112379076713055273825539975165819940523086144786095509046919485884339293864346013252974372338616679824470500224085562519524389227126079497516905673378308601199244034252976899656033453813547232113720392497821469315513112092408308598653407626536063173667167887125926290906765510461215650954361050353347576791889536500888205030062201894313309416804572496510716398762641942523365543125375698701681050068099817305535879720824050945111674206248126285128978791881971864837706753132063851775868728175306467095267326006988187245716738254510918431484100378214931763243512761141797440540010888846235755122692538566428201185564031497854969758721612640669293244884996738571638907187705899262328121666402115317178089215012864
652 2629740087562216516089909957979955495561280955865328837324887682360576645063230345651664509416629627098421525082229267631098125089185047308989947836954007776803521204768610743685127022712945505882258561867508994478339184833752314130603280829385628773153312947697951746737891724349586796785212552395538799849237169330815578220504507099692982885516699185992115913940232296197957247854516116192312515246824252034920379827437163846760350816027586483149301058601406500713718781879317668503134419411538505421834427539808332077427411583847554066077025315098119983519733640064416943484488337565673796667712632737693516816089175281463235785950586721778584786465497231726963480322695695704278570110471590022082871601898884112127805604565075288622297389818132062260721624122490411585425026048
653 41979263340987278087792536311539834967333833745626825643601148341791112045233245279495690701752311789848370872736176794571944050009743547630768600850635602967190514493531715287374497272216678498820845283944537856275708425042447253659697964520049239702185041192927490606593311425547494050446643654810412740018853012637120164817025495836301408377457848144337293234515856519509443815324417877853271458045487002265358354873412113340229547557118957836866251578590657588448356958506593912883625687201790092794928639005301401595249416126941343972478403598641363368705791197153713347696290872281736641089566513260785484589913958313805213463313739224361720958184768100241483099473335441602003174075457274612333379342776961187197871749330053896973939055802506419983736905272598517198050103296
654 670128866898129712383900722528883341666507867700188576506858821407523998644089319598509689078767175512711299843342192511583931490548113932876578164843388407765967511790109368202870196841834941252688626733672989628729416675018578779034875739063269911001532418761915524456708545806298413490004730595215189726299095880582043342981062664824696592408591383954792199798389440442462114793767460497860677311895787570962615739640969533670771117340199343030638505288754200601819783788471504348169584792369391296625772574626350827778522903378459839496498614129087417914991814839580985696213189739600855537103735807363464023831059502349127646254783559155916870136955475399659262058464381736757723089325651798248888293168052551334650611410302215777638360975205923874735707493410880058764581216256
655 10697526259638872578458680444261014706004791726502045461830491667897841650891852515258777690863853073911940342298728964469170716346976249577214585830777434876991919550221786070963426726941457866920940441393369180381637536676030484222452026260299457591273024813804009663419246941300187353098342650838255833737895739015742237754351036344446925400236977236311268840474675883359216728045834599384945906554893378174758057605340323473495079417461133708925290604885232169022347864834813291095722804176775046251805012861759858665514403138990448634872581370906409643902700358935274359745112956879246985609133066608758817963768193369466550041131378954971205021825100559848184106471076166303619224121685967445200792965843806335262055730701477263379056529518092726756445389219275339068286201298944
656 170769345316920887387601599481410842322046343269430025141723188967878630049465179466071413462324120557687213055764027761618781438765873092185109359248003905251471797933207422076852010528688385888987073734387072690634400682279873652174014850740399719656117526551166857707176628306323665298356424340948688746440426303927911117216864839320271080294824133544648648359648331236484948806653984887692429561495362522369703696506814603763808975596615531112746563462566881381820309826991086012014111283790445022136366719121710476312433213310887728032602836310278733169218248118077415373194420761434205163868502196493497261579958546910932657653445621931097133910003682749859163808391917299442366224818155246413807885418233358100668860819015828121982159286535579649798505052830077164355165502821696
657 2726076119299076016120997026607099394233810587536740473837395432389567081165957090594803793773209807268043125473887990524567351669126459224905343054623052061348709350431000627885540519424114065936984524837410713720044103016589091067614593308874050631047412369208960551571684090436691062423159831568385839552981082798976832221872111031393543202764793556066272641201949688623139518841017961743721046073593234649476311242994161180196201069523189309742588500409724019958467182769054346880089495364320023825777392050584603603742206106293124066702291454304368176665548853271947291117292369107851440532511997119526967991050243205816468960939366139985942129710506236786958021740224822320339656392426234003428539215152554225324083874484516744918071177269853496518596019111736660901897554968841472
658 43517862059159504842778718240383943496430607053146443535917715625315626125894607573715341495287637363445462058768864212311261716421380041272872654973792048023845282239133268261541815812967316364172670612126648933547944784258429646363916393951582125402667229958642304588228688652053592834327391606422941458499350324269947513507420624114759713264660525139977634141591173335654229118970984249275205143095059398085457191309476420231188178310807271066487666095847317376873045152827521957794636657754754854243646192565380401427497746433254131383934319634310080492703900494307982236110227398943252895211601293329006299195102943879596707528483220771596061540665998312721014238436459748887962362310091629702292427019576519312710740827762354630290824278703260902946935252728760445405022818502092544
659 694702125484455199239761538807341252360688344604566721015895221202292558879236768806982796739673450522203609349154074932398049041935466940530625060616517625666079890847780020569832084664729589401825335301903237601237117401029648221292211272380329418350736834393276759465805207517738494087161715784649948482540284157154944286849809680210420721623082738643501727464483931005390517536390328530066275274630590622146553393352871006298701667719099335859841557594936222424715609594851561567100208154545097669065304436546943239161662213436232036725364184873429913025858461327334979982120068019343192550115137590055296267894204955687511968767168395151203416157755659887503637446786190469819418968051407610029097182828780255414189626734194192774174674309426258678236364292195101452993066489189720064
660 11089991235547261665895398093334355390510510728169205001026035993132183359003066945136113725485390106096408617541993131186125949728494625545779592369797790559923666667807247321564108488044241757064500852126752675108059442896504557733348060337406697486296372293442671291876245808414964840063801717594598210342989884845698711814625589355531430849899639747024711985291574712205211345487304892026731988498166701655320624338420350613185384960674924064541113990172090484916260143511960245709541957858493397531329003714776096850791389236009038533860460636264081760571250136121515664891850437940304438934866809450391395188785910752728457956020056358189501683439486526052762558980778328555054470771717519737197984183458333650858365559186336121106952261995862400324284425991678296215506316580270923008
661 177037501809397102784085208869580891476484202741477728707245235349670482768491708934098251274341212834434128802773057918461187878408586671869273875495099735265645365407855687478157168853603674790314414113023961799685370213454913430054761240432468694280468387233950399596786945726004670424768621105543097167568457283953440822277584235680522419523815495256243231885640014214318419560864988890864563653214908079502943038623380438934313224476919030835809272486678301962279788115502276943960353441798763382736439580823844518190224081275229678047622298228285516429593211060956830741523573037999055456916057093377070226043669863971631728845204151306091350691494950750765091652676238549917135088668076370460267666479986212613475931752860147446772745839338693894376648961728640985573504353715318131712
662 2826186594911437956641268762881002972188727308956634663940546281806386696605896564074127255057149517793201251348339108650351637423359715174133140007113788335004478223184426863554503950848202211779235390606468382678898013749301665125775177614407058665081782200172509409282689313158269286884892716338765492323322331894855670403954380266143476573289880964814548986691294847683934037016038164179781070255397102249782015936636502248401712286869404057400251189961203558172887526189425175983621037638788279526860441111310955028671065581099232592436401759513370953824485921860820594071618479784717336627218013722894801095458270274167656998088795981861226032325480256786275372957436864644462017530333766488392282663851765698771289740691902404015710463640589361059152100027163217741701250322819003203584
663 45116757216556218365832988696409225131994400180493553295785150547373480467716232092497435985368357690112413164862212220198947503390147188880401163551896310434600106965676748989430387032057108873629992208854781782476813721819339852578302271140556987698661371278837114546511210273370758000560022703446202229808993530611929340063953474972247281025914262302037879517276377424523750913862134223918303193011874868638076012204191787668258514892522047039679295744638328353260113506895528400671695109874720238098804427764159341959145717122546259008602133410382746458405073369685564118690637992810688632327345860440465906687034280248895210727557393859239424990079839367417595698691807194591531629851228349360449807082830307290371484069078819227277147825460583488880706739814683630802721308931105242349568
664 720238616330128856665049702484916230218209096373690441463542466771879098565826254814368117634442080367338504948897241714281765227292521764399749487640911375685026115614854648642099684280883239611338513255839006518137048767879536399631828944927471348286762067698125516162211610713849359700263602845291928273408547645698343931117415179179414235305298166297452776786415138017177511316814595665602058905724678142248427075809991932987171444454033866883366553688284523414620849429294928399985712515651361825727643161741281822249781887608273195506175007550277902901963476363881271155034355086859598521827431086406127975752284579713824260702796069206407786697302495413171704170372089103104607360696654144011203066742511775927004703596252870385233866109362313244182102856326734879432787063734984826631168
665 11497843816471474130697874184516993415628943702924511421528119389146085025562694873695711707778309581430344368347463565219449772627692202773659695186131784483267938104080698701394854511458365487119313641840668324788687469476952230649805968514131048914587804964299408795589982082411209210060884922398686264327166800467704985104098033100479819409223530156945690924664616547002982917630522037367759708499438577119770982095526515904334359637922092235330876553675940387182957420897889425854159002355356928954809737260596505101312964210852917370383849171034219955119968890896521416299639990977757954499970287152901495081412935401144242798390136472166216111829678026159218480200179537677012338332458721641874576184969905878449317423203078407315699230051144176806489101749574829614437336470059878244028416
666 183551475178975702044089422840859025515971013031276641431754955949928257718753965385113899973361367014228430846919239274041511804340089553374501218606599909749744927701909053293911111832290256894404819949375354030350713334510150536419556097196886123767443216625399081106365906469740600578713907623523126056444050478071074008845431617261774637099903457042272888284896742119414208508784982473727072182555325296397510319013922824305048741689793172484440848623981214525686195735538583381802879462192442961358015059846574974512838043177237686298007737408909370289068465787375041497255513311604939313275765209660942906769548644847342251375644835405194780088411876484268512054877696026369408821040641014534269526998387269574198682970112106457920947819867561403153410502162664493337373161769456352157077504
667 2930223999250500066756121710730594659180541170581295167007365900567889326923700719078830508812354164104127331370086815332233306194587577961188527855455099755845485176525398138825948412424052954118949271175328720566087813561107625731843481373719586018571537378348539721868781888700691316368380170733012976748894474773933208987834443829026469692973319302229954335357776961349017169400126785022303700650373350849623878528737014347722613716974945621719922872839812109152177766540495485210180755432403901094851537640020323781709828484887247612007288449061614810877140582416066274276726003454518250840021276209833174771644216501476309867921331725190338058952463816609901217259159699474909041077432730366018922871523245748835996596410969963154810587034169747254140473333372579403355580938067591470047100928
668 46778385220467971282208736940853379579226735167254333892314640855424798007926303071564274312198780984425563948491855469175318661592774094494947063088040737670074309531434641216751679989264828050549359414639123020475306657560156329754367445953869157171920899130824252707688123461757328223516955546355503152248916956611011537322553870112408727314682956898007707991190642449023105635330528919675891983324356791779708322489655748371960033924014321176193163580772411899391050102541581376320738191778811360991612468463573048305586432597804614294217883914195124424503502189398066067040330772069644098158322836172654024411058461273723694968467060078281940698116243083339345900817623040980717092305592229351007894301174683714342588899331827893714649318278677387726691226255370390779313222580933094127071584256
669 746777268460759444074105718444971369068573357708563976690304519898671841792411912986556419606029454376437876447971608693877982033413920901993649957813122673868943523831604795431170234735713373019559877054427402206804327437478581378082235001945593332900854003187622810597392238502039557073736039706538354378171390238049348546314511946425233376100919020497257281619882834186755787881469452298327703942517185793314618273175203675924820423857224493280758001859160058331068337848966415365472777659674262980252181358761130113624522093291681299282921934405687097204156621972617492169205689455395488064966140369987245063014210371671810925932804543957973472772680776294194756871239241744874440953450519583582928037519463947144186854836618001599719863196192264456207437400968733933150263226109106936824756862976
670 11921706012787531017595345253407991997340047653582614420237890267790886684857308701567521255144417679739430986292517617701600244614679082157173057329323713077115683592061917943083384003799148552179118080063951689229019837860706978147965887135050596713270059540171539650359856654486529710484237066125057790009523143413785323276339450184356888631582204282553504818195692171551131783177081221761111173586505428122265516366494034735446245076419801715784647462889343326737542535123858568541091584547609105125008566381629565199312863854224023175779884541994761453620248246636005396929527036585743797333276218540477225166369135513894370502938772519668117144132044641501556380871334505763279076691343016072464429523580809287222053302474922510819649203394323014510483141029928564102127262235896698228162704900096
671 190321203956227352757248370120949019934392296161491714427363901487440677976246999730408963342111205589887349603637136913992912328248898833719326972481558306704770151100845501525693462247772116881144176191795813058662178717146038186096674988456585110057096077839736647582629945230139064142158241976023236394520421450369098656584298549856553089374803262142665321215868969926176012649485164084584374003669785880364122913508421809603065569991536069946122313545623574980466095010427458495849557540718461976598213337288479260597524706420977072284453229352778966188938416584034935402942752559292716637384119956034652990337152329919300806487807110311090322825317650304180929682206681807683180912427663685776644458370515388137251840070384844698663941953423144908131284689453126597929247647555675836014743982178304
672 3038347131102597945320018181872955358126923533543669804120706793003263266722741057528883861033149466783521775046572800180091611473024416886277416986930958598263607802985349713835447967547605493114690245724572838794377544023719512460434348453080839910549853513994278237834234990392926904649136244257208827241977353744408503935056757040180860528819035271823756871539413412321494145000014904077723486443698038977690187383765082318030129205763954907959753409384619783532498938325271901491178724379795493141419447334749076185019798070956489223955262175971829225357589610196960882412094444751378171858320864870670552935840950913361856512828473354397906326662881381053407164246252438947809191033562548260489077782597350861273751757011492140014017942678482882836857679851737061530510839899185485921737497473416128
673 48505283375642145543018720860137058753596346923903002820066188591378302199229469354382927980629989377606622262266855225186493221434496410157505306529698403629009852441937777679581886405939327565668461326339541571672254480712545686812468381000445285415390770660014981164505833663067254547271388126806866422371057155532127555990628698223806091601938851286328821538074614661873476083859886498151721137226313768606869257642069935349880630943611257894218351853462470561153911656090109686047277426987620086067997090243977628012200452946090601346127017871223215029925409994510230426875751727273638790521576435972973893428833434402884441186614283171309603215964483181954416271608589460843481370599996166953597412272240645135669469103384192750422948202594299176032754846851837574776491349053428083116960812752371456
674 774358623257235096879808076611961558308792740201786371995537495868073831391431988975856970474945335144349861386220056098472384167161826382164212333278250702929760356746684237008694029755017126544243486365989181852139771841232130490214963714600707111996616219284259995145974372162967810281692032719823018841167422925755864417975736383787526823672451885846687123418917132886400123659526851027553163267940697660816901749276433163400807113427040394515785221302000305085580162287568622507887052086187676403713458451777022337314936944893627867461631905892363366998582414103961530729474707960564253405332713803925676329166960108693807049074946251841504491164594858588205537250075784028534454917980602980090970196825470729061317045908356006363734063111168118699974780138365203540381236446504205039448728800418570496
675 12362225600556141989246536975135376682444355057528189097682507652476968724281012165423789618653626650216340745786409489752084057835492923677499993915073826707218669791966780345305163987441499703212581346915336036324268273523975760513937475026485211900152376501677770851344673121755503169390839767608231600024534461259478828639595406810925009837797873812168383413202022278842784660498519678549556256711797722827948909982638395834918438058624776841458121223166101485319314223289790916467967286314007711656435997824045866534708161281847578317364787516933711725137999281209636420637540742422920848389487548742305391838453759387418313318246867688760696068693301743144912507728809723163515718237986136707475698024110920483721679920068807370985120508887340853313967631729228392668977725727833721334789589567940493312
676 197357038411713188549687762007443718691391686607021947951203294622800553768278812098309906946021233689348019640618859262855241302812044966696507050008466762643616033226196513952889101803437490489363911130908458663416819416979969595580687747909240499999876191309853445566457267972142711858563532930051818083757928911875175734440301646162627102086314158540878510800623459203227084481200465515776797406280798083981977336501273219163002742474207254996234066649627723643132120074194583419875963095743084443900005529429128190314954105551205436341363870988445837082089333475398230394884780495161163972538472419430575746085464292387729968771037392711503338817258900871818080583950400135583591631922856480423434528763156711657281456012266746753161456975986959327673655797219153329615626010991830296814566117657563886848
677 3150721368934942142332057907519586408572721705500995568544376461116216913095456787815581756343008502284482776080472038210006350417534814845014964039489565719265804620621870779535999627880594456306126712829746959461304759365290088740518027426381110944472350512567662565567665599142843315173248862411222419774591186537221550534180100561129183896242903181478653787707633500138992503069190492336938796961043615553800094057172717764197632196345504004348548917998887855627080837225663780361464663190697223567256098605591430313608237851155517597659043504392725092442793633643780432081360132605272717769730725434829508235760009204358119250441354274371833030040556666294717619850407353494635732294553901872888361179786153306728113678958237490589076087230940188166691842338774370876535762037195339551755020346664085031936
678 50300094131439118202193246767052980247477122200089568232729318677671570044991518453402482168811378748173790057554485746895510333565558757756076292387854079714269423196219133342946876812667913612886015342264871710729543859939338921760868250176015463111762718445521715534934593288183250487621040300126316026509569542460830911649194962460925600439456259074048824370431839996897739335589176519064028329619969445205954867325515558837291273922849567650579454178310606596957707670780951890100240115264475594288509403107483431759590037555423159986734359732619241276033726227668378423075977004203067011973158185517298628019272823899921377937826208432615075750530261568982031783568936298369602588847516801558660251506385267630392503688203747890409568943327219662655909664028259270601045263961368710160473222186093655478272
679 803024902333943832257393563124169975487062457192415900351935657774917579874244206426359960740458940301433009233508417563345062890333138859502879293242172249588514171676576917049228551291766564743756356080170254792334579923107187723932979000589988189778717122889565241282689300289067925256216605408447260177891150728016709594647861936140695494671934390809493092257830121760262895645915400410431797988934740616867518964685489312727726538547826937781849349708028224807281600342136369110710603585908528693651631982407510175084012785315667749024362300123157791480527630615203417004777189839623009266897035556682461589051753257830306408092466064603668857408707764334641341988766361384910273640240590017469453328406123966699511050516522873907798015981593573676842379523557359886960925972906955743501303433047545519112192
680 12820077206355889910179558803304034793286581286246509229608006240620906568758113752315818547295283647639840985668546134402975810307822530769313037878901485751978423395146157295686359206124986124607032472007726281484783090422920629078574576271718746294246044809648836360080424786100218860402105297227323190745516156250959633107033555183292029152343827858801775922377005201136920838295665473811248939632408408578691266212144439472368838481348592510647753668678751842078686078133746658335801176019358783420725760679012882750243306777117489727767576313826929831826341308920708417027716377077171020563284077630068660716151674298264427124965853365687785294245249823917161201819234966684888361385411771422905980087999804985970756474136989012809289457451536406525618787407256607678795510636315335033257083964601584447155968
681 204669757893855919966392692026913825308025857430818221411804257498645116958601559733332983033267767898574622531753636419361241640069642794796294257400415626045168951694969891388264418475101434667045919245830397635802335283304220079450258391313425987752061153611006811594371776380397550288404786065106816227451759995774993594941601065106054861125182714813397011171925699494603876398003581821054773485663416248913778642312545277368790036313057061455833043662932456662324291230751590671931272629618218599218676625095364210167006449519715543070003639694600508649640896080568188444838307755629920803352635929058754768038411302748863903011740017744299766577740518449604100408472370838139143236870223204815986987094154267607124279524199601672527344749715397076289464702982535152695077296814561474483873616796422981848845312
682 3267518947990736014992938994239797665509410901238434775436276025170005873060463525748704241757701469707792623813492791427150949082969557390218431571136314302231879126519691760461762730287276069618633567008964670213659897369958482304918685915208258139952593323482109366765445989531981860486103835662160723799584099503667058677891409013500752303417800944839492014835476407587519778179058339734144555839479278386409542595433156776649391600674283129574560478817774080035704680088749399278996374290134510842808919833394112395203178040454354371852234829507301646777272963012720829544095552472831184648254309640641518692030018273389363168218854221000567990831161306660526814803958477465979826456041546690354552199036986838769139480061186032226223826252515069515771983871221830107991383817032984905521116450121202841286032384
683 52165569510389614960524028996112510511614885026305457673601350218117038159347886706118754851442439203102142013184082934739162425984572364102858158220067221268456448761585689621979934925475150692754597408022656647812134046579907217252863991473785909704740364565034284473808922207834510050968699162889769323905119675182211057392627963952656449845219404658815684725822031454453337648148832960310492950261709125603180942029162056950927248600968036795054245437306323646234632541197882977144387396756388286834681108347638402715518023846046358972351240019156979562082972366835334410005875111918625354527731364102375070910492035894472902173081188522236683320911215085425932812911040916171398100744146424870877903618644167066660281769827056505413034330586754539286485837250357089284148308655298585508261068018150302076308307968
684 832820078316395843539011893573561701247824247125169007673764657050762618838510394169489050918336651168477909966534015627112293939010087438187425491025647351157368838339442170780615267893913512626168438430129796839985312660609172827992210591142137142071396259402620894313962791558288150934642964898300122424168889848237166400700142364354846449124366000901359153757259867151849504787608867732285766121501282340221450539125314327356503917630255133801856618406085061640658180229309962065225814701232559332765272034928397941103092810588729568526626349459252040524947979847119362213632886430663364349249550454747018916966752487434149580705922413783564600858280197550329588893436885980953289428854806308377900608763567652784127055180378282053848607087221616503993311205203492322381515539472043584387885646060299598751087198208
685 13295963438458652454812551566843748879359537962880253415759963076917331739791710219878028241976693634291383857852832890947649646800239318869735865415169735933217594935042990747158746518550014274288237120331383960803792100970276767657705080695981314604696520976667447837396633539038554330239493668876591518081899443723390375251099770739002079284921282684305366957613370635206121789837295971632540150508775927057939782023070268881190321649629804441296790341409857134003191338971551695290020111512336864224894171389406015261691615778472067438053808019820675733010817805066540210452009104095983600889222218687028559149047592789766475361827258224271487337288190001224420071187157211958098001679539214005821979143774514441365811576176776892826216985281047525746284968944019850183535471857716184234698363372920633211276336562176
686 212270588907517009530551868384767500194580172457324948048141141727174224948476394655672922430813257614306247290495475498485882111611903408356481930270437829571882032693111165234991180265678760468183366891737501566219056888205507494100605379572901934770997799061092296391791366955198731239954937431380781959751540214205251182399850378873343826668512297594434584529169664208491300964734515187453318599255905915359159180001344999746798012314851878668482858652734335344781290855182161009183591855652067088143678953658467647370792871011401288953042563463401311586350236210457584460608304300624564013517193894429605732173485315516849896776367796857981229456790122922556186862004902520728983116198209116481431859003458327759837824357508136135106330639956505053794842936867767009000902462955863358677517506316457838941619370328064
687 3388919249223296286226424252026051699628646281872833623569109389213914411460859888121045608848243895771594730836361695652361690312061109006984311828878764049325623382861862287648824161528550728454740271476293108255425552032426399242556712484965195801060980572751594373535049145864526127697142116314039484370217432486149210163730706191360411779162599392865897405075684953722244420709514416839953366384881485843083832518937449972702427981960442589354925397649786085868873539796769904548662701488390516891077548984163513895958067016062033108809533174798040309940326572115223612394610907076553520310343976035229960265640059221030408456303141209277606093516546873253734516847382889676610845392285518120396836014766715319546499223960316558464653484766570860636589275638154147250920531497998347283192243198930108029417962914971648
688 54104575725979737885471182897337975552871535707064146527792450253147702535451634949016543725561324629535447957101567116567211197905564308103632290615600921754545482641675526077709992444767534101083474137895963993070752934808150709431149247688641435816380207571829777428972167794873277765875017718898260407619474639523304480215920974939231537404697548832151749043642054730572801891501263521396049141524345416564967583574617640385350162170526950603729902141837104023075215355475321008188534249828949414501861580272357979089523570559065137899540546460634323147284628482606962058359176377874285213903800551528774962908727039371862871633646815255516168556976140880081855332475360495317436367491813624499280966913244905673989160187951638850692838515234310155711100164391428068065388148131198972726684282992159401929773253115396096
689 863789948643352100910104261456746485794544451678179475451029740924319697259490604509059859580446312550527735627996094439999353312268045002692492284079309618894113945693432944742500295244387171365654205285085568500298965653491828236056880042958285934127754892067550688304388119947713317952757790971515696075931266259017872754950310030486384751906448317011325594785223613341311785344560571610437661198113897189701922295296352475151295928154442734344160044314547605791112475837740312644482919990726234056436947578071505098326028563370055680991903342226651640564712894270092948955819231080764818798750525859317017268742426604698113599960770871340612621625947852757496358007540297948512539550941779754512341544780987521343972469054041882960444841246050615897949261962459347831981168857849022825089074599711452255619436863406800896
690 13790616066347027442808541188926142983885867458624279197232626685758237217049146289092783680273145165057143438015491649848081659156395380909895081867077100230909449471460833877257863244160813318783662644475688214761357381507186650204336773406182415238459919081318420090871837398189533694072005445143225648362535777641959805252350262907297868684538790134583211376094551740067486404973661367178032489222706136275173509427933173589022362501607962923370856626183906157257389003346459963688453218643360624135162844829957972506012031701208316717971206670630213376793181159442706860317966596462371482601876931648482554104256863772506486421736058178999308662561029897367836637546975029831371345954656007938546465280862454457825965785228215102365245561343879306830976204665277521947365468290439991558462097467357101837103877149406461952
691 220171223965245731502234841754774067945914227049146830375185415980616675291816282225153304581551064223750551750421929744313427737594246409282857050473670709863957583317064020212697002306347156561623813080861862994049443336399625886185666056587121078517187511890855177834310476759577965077490354293204383463494764290998348474711568310814044357923039760189092740801111182021019785372418572971865507244476309342775586462279173331741112791714339454644144295483550858055100895376756611798380559071514880372594073086408361482099572938435924098141787759724774573595199295301344304027948546382905931820394793371727635519836891732203997686246125353409757845636704647948822606197312878923398279488489577627949415091713025098190922916151057622333360834684407311411336465326757497770698378497799747098540844294444637446010144248633741017088
692 3515109100580142967106507851596175657887034470747113112287501089722013159959723058839303206151818135784119513029944657064868871351246823895672793737052144368279397815530973675962955518566412704222898119296190935909270601083504350425382455136804848028957556574097905376172287555353181244716336835913311379507624263814786619588604011552899966793785779677044434927482917195958333903757835080586616206484559253733069153532060416944741262194806083919947885427161783060104378788299478130104617692089729787223497829468631718149335288424080630316847088498846857882953405279335481384861246262244393825790873851560241075891878813325382093039654220361022696667656030028409732395660358409344199020918108049425586162467998033658363805355914803785854051707766268812683850854089230695534191080725885107328137274145074825116399743473481979068416
693 56120097997831361312076335614933656678763650055093228550285560280424185012280039077977245279378039053646479079417867674977751994250250795694077997271353827758443641859739026126992675326984317659241385390595310965627418892612228335134264581946179606504267349774573341656517357061317242489240715676789369062148546763946507040667925085826641061882106906277181637309361135999043021945238617579562327742779680338050471897887070428655827268815341345924872742107074661749668127973377269317472199316439077858592678838410983987562747632512581737291469329787630731990534068571383020749854302595600253415347032302569914015595106131516640122042264635017682405585471549835528924882026873673095628268268111229209005947831570862609812519191750602805509312912558917534781175457332556009798836236017740015706483190781630736486185133058824812101632
694 895982212524018175540948641808514475594218550594968870442408892568874605545121968628113737938233914590468179265180724931461553776666437125390437723514427045506641773875315356044059213218713364714831551051301904652067435320400322807515335934638669787536919357739284585172299942111250510860881264989397708769183735261555744757107979369659127686523288532509473463890630075619239207683813396477699399419827089530826580748576992350180973496729098170531102413849259430102351929252810719915663999478874316571966923162128144656351811421634657033353974356234957720858393746723511170658590017437810405789408060347097499899118429782405620907723705992747590494079891611020659313394907241231239089076685949947269981806226993329910044940609568805705122609452267454439346800969090536603933638500374513948758736650806326037094634556131802896924672
695 14304797250660720373254011825937180768143785665111538825845304450167758916220228928759508275324261148655978423433016109106515820846583574323586182458766027047339269172344973812932300050307058053447096403791809567134165582019100648296939678233947539835531455305484174254516549716392648227460019767875144843034694889190368623574157041427820317481987606886805665274092208818520523800903704926362362421834372151862128963882853038359452043286861825975498468890806511704822613397546164667583575536684391875186626611514788442312493276653928445830204901929250089868247472213877690137164557772978539946193642776296798043821687545727089743069174698879379624195385860560205834196375436752324735645524143266683623611784787849552961125998520776501052485264646815547389622055408149976084679519936791277310059099024217144851377358902191394129969152
696 228383841244559749252114593968706073348295000120645375906446706769148185916536120863164138572326422463433373883161447540847679589509836593126477117695354123192133122293213667529490476714469255210353670379100700877492364691602163037635460358996071546961929823310078041843137261532427590108495404101575011238784293052449307612069078748090079154149302374671317235369459333292794185959971796565780928803056486873098493188851498412892833921186217009252208223221573784165688689598770359083126413167079568381216251695383522731404250791745459374016724739614363109557875733091230900220812855674058165467615916415672438458001392307452885253121055424665708931923922227288130524968413001809308285215354186301038982160386754584979515572788795538732709779776242241136584036171619134941599410893320578332717596350824964351814792628476567469052264448
697 3646283091170306241533356687963950986930954714271274257624713633783213199595327619354153021150108892555043401401593935244545943109150040884743584084420716383266696352306570865412084638411530788495560592068686240376524794602972160830260160404350807786210302022918598825442214083661151094978277016240163167087005297469400457508420458065469373808335245762504648967683368976063082766428985195606816276322645526269260333943363735837656979618515296370101708833359792888941882844350392747613922843152280441977758920522514404540696343740426098290854465237161433823842254771983532122314516148667365026694172079560917132084842548484806534800743413268778040973359791469023509338513860809211946192111106252236483871986105929187322938542003936115391339879561046088592066806972261456904131722555106010525636780412547774083229640798459317085665755136
698 58215245572801764463522050012853573868257576456917961068716303027993549452939874497883541726901221977140300502398599994955114791974179774989213145611027091734552494196747489563818520866528712107670866901045721808059341732026570054069949586645456206362667877492961327371953681860409808635416692690506885422635885166176336852452937522712982278237933812305827271886535540342151005827195129622014371703171354632564353435824405858764747162043126169460334338648908555291244696351942383051821208086647348306632103454879857945433001452460712734995795968968555357688948892094531586082654444468987153493469305352722918350418776771981718579191486090195524414167100571329868614679541657749288659695418916003027769051156256435615142298686429898153799658284364366085896524853241152900202166184526160641839107965642071944686494113402213065139903004672
699 929446551186555877860452856736602478552155392921928712053498561908605058399921480469116463304189875884303171190111401818072533606187671920665124737615808692617590200197190633213893508925480435530180833821251835191850177838592484797200814086663072723502654613181714871959924986339114685290220030128891335808673351379739481891524013541175354957530501097274657887604899722000735892076589587299095185410069864552130887774504166793084327252271840077944203089349191267208262716155688753510953503079224594558767510945991904903992806513105150520970564866103259777965447267081495867507000405629584002198793937571315335993258580914540009468077223537396059710873836318917501490749836265563085998292292466822135019874459792170471635898598868019535853580326207771587895362581205000617834493316240228966151598676564113242389285717491123822684748644352
700 14839300825749869636080631520023864386745554933757494755392236589929841615319053247668955519476421440482119819689846042240265276186532990984542321614173120001164948984778890448964265393896487631873883115997424715527658439102997292873602980172629287452108231705210962969868670716099634164214049577324448488560571533363049254554541435205856038382579465334150550878384936649372242002371112329178963888133196314814572922176436234365564098311726087213648814640786193571961036875350237124128384164674753841660181336546440242070263149627103049757581611667309751343959414460634016219547215045242812864563473875560843507016559836684416440977143021204556720322838884691030128513329920964831272967260595441915661885487805647941825663347943684739853217409273524765702592312219796261759613135552951687991655216278269459723379603035845972073301670887424
701 236921125086071809071492119357166289850479014144181316986714420212285822782967664785830819799268289080647613163582923845256019246621274662184647137308328318552775423150880115955510904324553882154348885084096170206967248351980643324226380573718243980055201140389018658839570724761189339792195311287992626195246254582360271062056707067821630204097478606190208053477379976411560617150163894388987636776100706830866744539458485268603666392105429227118290199714255322873269606408065460588814604267323243968905930407975083784915281251652072026404656818193787611527141431549510408252620718158677726484908960138915122681689377154344807126563657451877901266271839456670107741205400503437602133029863253295520274116135985185290411066824616186256605776727805350449510798800243983780469329920775592716503760250884960962837621820632382121010674842730496
702 3782643898871356500439048315126138268189458596935605884214730365060249099935361153083841441917796347938749772499387419057224162093643897847324582813828020706676405742337290247027773702462709173982152429355244796850378563998300232512241893555398658573519066128067229301163254652939759856270093628483873181021929149704488359237557390774899346650130356958227414574133571284135006908607150881780308445193375651216470721524275815726866031722433762141394104613561977733056202583581571689740662153425053551218296517349986455362708742009892396222916627234993323289214492431676243345791933477341055466718176572769783763459210791129718938204314539894997432688428057327100142280236799077514983566898016805815769419968479918093588656350211196675490935234524409665777133622042136494849834409519863998768330382544297761655345982707899114816321511040745472
703 60393256960898173441247820350700483185958417511006004972407659250077980812168132071808736560760705495349996163980860518883105672461747825545273763286172516442561222152317125419510017392594335430401747659271392659500257936032068368078003717461558099112916363827014869043129027218191147619145230372045796927057980974450277566617952378007583929593088151994894833825711565133471510723537767735288615967494312931331947443062902431271576252292463455024327825871691684684217647405580686423263049768940924344859680420536917812169912293564203310881175448710182329856219750660246579231764398278135042036104967265426901487026511366709066051476513450410725019579087692664499901003268306458825711924535506434320394040779854481934312072500750476282486975066447795130407870592618014656603267180130127053573741882546708220070767077366336003851915107441311744
704 964234711560108842029270239486424862427337381384248289826538039811602079591964237193835644789132822103279774020016925128503177183371127309776513114528677627459636113491826739048453328234423303069069813283933253172794150028221862895250748576092240805770747939884138150441784105340993817582393580044580210731783286244072539417277440642818156715314590754075936466525118110939997077773813303284841312570862684861923402951315983261847655633132886259419003666283480945147617551091806892659294512653485962960608981294171466046304094957518906579025400073857836782177269005943556537357258158224619843179220624219834226011835518630148071908285785221896797743791320792405152367653761384603053175040934363251335603467881431347681648824985452915527766214818446493886370990908081837445337757096983950287834253123894851714128276023005597040037790912264233984
705 15394953637108296486069547596426731885771411868703438951653600611674426955643017616069352502287888942218596866686391042613962569303828117802377124860518900141819872718762480199558162748009313980329292824279047639063389901370526386800362506376348134787496815322711722104874143593206686048406734314971709811857493013715803375931431628176899587840380775775834868739316907253987473090723646482946773810554988933233244588718141896111781001057019808019722046021771806851801804747169590776926606254244440916297815373013447062205160472662401619065468511941797172079640556340550751770853746992206491803853527548733667365108763550674398428059150576662641096657335680866303513180490005201297860642286887607870738696937122233863527512997250794682848632478581025581287001564741254970970783075055143077324559184745307899520371851686409609546695031346485497856
706 245796287368795976245392756476084260342791334763041533933694493806608471082870570764664508710875230792944089829436825033036924667385199429280456346647585708245928464348156385994586935669315600397405307867982054805771934634561391020629479218834658216770363167664645925052963993610619086461044581760177710058257291663527443070416369607183699885824223726513117206518841308726144346105740584272578874627504097510249148910821255111056808725589273455953474069626737289395101108112192018898859497075346061671496727176794271565337454029861006785623560333247041377109098988962073312619789889448631383920071690578806569888445967669621132041729915913212705317260889789473531405294157517129112186643088181199647241604568016512307892596129200066232045716049704309982242171202835329062097659725108242652848156773369558745390987007349085212355857449637160546304
707 3924402631956943240166149484573024876716140291007919969291834693908378691595950539665383773168545919719540272331654240540454087340035772648615116821987319657239608550093579407344011742046896438617181433945458336663678280830397976840620533858536847302599855814846107834372790329628143914887045268560779786547424721308570208016188448889989638434213706126520127181307078749646737119896396242961913772281500495329931090822763686695204938911007036862925580688968966919585069508875896932878373430041358460810938626890232460160194844808524513718407792750181959595382893542868784135876492727292996628709054651849969043835898217886982128134927208609083429691215294905630252807955378389677733085889378316964032013427563356324952249669587803755197333258403559769093410671681046171626371022723616584558601965926864444350542803056110187572095450457731520790528
708 62657505395291010947140516533943526090787322306415945481404087322201766216471359009999326749871849711792341084457208087524337443255803871068712310127614798270740227643599361094557782871241827897312837208328763903034446753273468706418563343468172763501239901235600356514147651418111260573997087478892652518630709826166081767333730731864818480643258993139370123668053102826149258811028436036921434413660325549533867920494513932253949254292632099441303608482049197700036231323852306915541814353202608558877553850467800177927433452274218951957964312851286582214491392433724875678481200160835891727149601316299110118135089377362275952608254374687327860808052578905146135968792144494776970523614387586569077976013661756632945523638397419415678609244667373979389768595023956913662492630561850227719224455854591404797355774002021196472277813913996590739456
709 1000400593538742661236016686295251719194491895460835449634235169414685603014850350637857645763904500809218452808815245999831841444366040726233846149887055435588504324309574901501795029657396963049491585574636768762745070347457807226590285882716583914230500758178515773465537409719767936254988165766900418757829612047241927176136419299836201304336119732241386125421220924634721770034763675773969168040995883371878459311066095243232819078358007525062320185272567819141344776961732046166558779081461094311266390343410514563738595386716617613541888344357260547067349398712954601261491567142187107749592823427551713835125113001917653692265707085019064176737936477079099171880283936705135142964031622347379979712498140623045753375458736598910748957393036837932334623799535491769153251363022766384756109243721064950333747563853034331958285601578053673435136
710 15972616936058849944157832248114347701330328277494869635615062770826564580115445239848466538313531138394101743516570130910802691005300346389230960670812068766925772617608950503593300348009299974738318479540840550820353608957702127245879472977916955559712368466218188674430973582981935501883613007439927220538109784374000207037868124897903588601125695244401627357211652947702872017412805361439765766491596096438893457872170442283172568673255464891688709145084139381216448242649868427447301310879231148068351594913596448288461962958558701323523878131467077532669637936365800274739400479191081084790964332505239724750108503035442118109472710534574135699863392585470313920232709334527670195565794462822199281554198733990762669205428746106073896877616368015428708146765880932148696524750903608522245578635790148209450415033039905534013179386517443064430592
711 255023089800552355003704367820765330153651115357567626392209301757858956297778444766711300357457225876037776333335458791461285227202491407117211391870888000670687211187469571513292670545675367571004594405101317704455328454100824619509629344442791752415148106964133775380896695175197861396297185827893805405750340299126027225741426334443474422609572660219832678594148309538400527590062231099374215618297604763857026990825765005624738931666095585726762361910315814773391834723713355037570653107396639084791225522743398808579217868397415672946869069224448890836055455549775192467936856114397659373761255462928940765502975966162483134077500704280840323932301423424274374850117338164478044291720508378102262778198187621876648352655817000576392106246764059228940137243024291859944772704669246716961765596329179289799303753165925373085116071756020777091596288
712 4071779185350974212013013438154128858771607192617975125600234671254384007863043698233903984033957680463782371730280153697614277424019797084290020407029784460807587870262485618285903681506792905352807115117243857981661639141566873062875955291165687467875677515916700260681495071046392903136406384763553142967259005920926563757030547958481998939635754532572994245794306491603682114378456062428862819782257944061138749852342335640201587770910076047057889108606658056226957597802799314079436203223564410405008133823614156703834119333833294848062261914384257001859526755788570362607379777155766210978299197902786766841721533175611157248667758355344701075637248630150046418874415030109853310451017447587142112216922684922651777966367284535959705924478334390479604016479543991762876464581005589599415571135815010551402354795277646936366710256448531366552252416
713 65011504526114822138567187887615716454617097961668417631920982117543623090064369537272771429754384116289689957188935065139964329485187545111354196883744778817579189323661375105143139168801043008134790635954549549407336192663184238137653205878537741225361782563459906835223192639497657401016822837305549435523362322270960132198296326926242785297645056222728126262977403078733636936767187945422225799571868893094093842653353112292516414389666999663133392071316774187740384781080994961471301070127736126199018483844873959242647796148952632139011317123350522939096253564398662540121822306851341635203056159128965374433351980796830846195767595195099474216846081897696328296297273769044884507632001834678662246363357648713519408776870762785122881164466237299540097503694167391418309209725286450546140341865945119658277837474556288211677437425117456488913682432
714 1038000340982177136541717832329026707263170221031350973527516465369247520023485644525272206535471739923212932918999528188901775289169653303002204775161444972647145193843331861762188809674134959453260447513688726945806433548497892741998921734206325463439350931276161317278496593872122285808833737326504167019187922436244167512586500312378940193276855654556639830679289229221297255576406814585636537126227668184214319386557082692439284292032756840047297902112764683376427330406211048225774690849463238374212162394973525054857376966881883641353049644159858700736834060589393833012463869087567545308578782378993772385983613192450185856573405485760575154462863210763181496792903786061815723308015900502741414508018366119471268942506052296602709903973538771543111405268985443131476577152856385340780862252935252020527960091444505552346481299682175160551393247232
715 16573187834166556063611135726451974505171557067990827345288702181127708631307936066438107148226215204256417284286037575185773876461626482755042225471770979638381110357378146879168829852548983510086908734151915927962377658532745126454623103905783129209992824589478499262559169556453638771564010405023890487637385728412124574071798936703653891570914309266501195029705099054678046079110618098763148886331947486863730241747206790230305025436260870362351861825178952932761768388688475916966984498257828291736502532301503423848038461492872431071022772137193069228283539701929780212284778518608565180361841044233328186658707742591455175713424464864962209646192960186920283372470079967195390013083857592560221259978651779808317149237473021991896472855940343629862442208151986015240882900874062769288407174601647777455496493343586661883673210907695001585318510198784
716 264615867163044391707354001110879865786364078381069881212674593189278143708210052133716255786950995830210304704521099520198010214512089822015150932729734408563983916488274040967330822341572193240071238843648473604348541037898753074561957418987314897704798305586222691009198788326170752402961140558637438410750504689688455407205633320518874043473960243817640929932441793182694824972461952424957394079425351965152389063273949255950905748339018772003565201784828664048361401583765683009814791674601669074446836790200482303392037754635710952992821178292620813386352336557080310650849759080370840023336665033525390811700392162721752884871637344391074675424018070428004651745531386345199021841685317591796209132890485845902242705923025308809747342162179058800866960061426202909321328821723925151200382215341224198580922202577315658010859056819165614314953448554496
717 4225002612141025240248347786838710978642637090994837656897104534773337274119947114682239382383187505862985152751900160646639141417110448980594321872659872261530181310102344884290221594166124304608304318605515980992765807906671071724625966872359908585085918729670140310512851614538933124835312416228148135585206703093440131710358659019430611907116206619151078417327742030093807607958751890380165340030119388312806425129954900080685154721831655714329628403319585266746656238730616099447416923223101787580820666991772223804642828479234263648521178580168766323904004037663269955911496524106583054721008545631668893905188955141072949349768573407764219076322685379171504186048168826113882600223812160147441268585190498124230505831743177645071582867852122439603076387481886202291235991500873159506669145342599184321959355662939440492098503532643168254618813022339072
718 67458914358168814185210674969917680245795647745581662810602394396233069949845500324099759701494704248324474018228425251550376933408129147211810100697473314119055057836624424822492392308252779883811238686567115777956425522535162363911437620503482811945412385461507311743181167882377355832795611983607228615743396403526925999795572817387998604877405716506900735576445920700657694899070975345061082945371995806559263954626301862463943696048381792248221931523877522721786884785553967883006752381852358534051692566360699618789242198787019195997896091016230423169331421658057682051708175994849618237628848364574232425270365690196530155469622707200443562471885852679758363354349729359251078182615119475241645892266420858987157663250577985242507446914487896708086183822244567074220059914587372795706281734403239314288939287960291141126363370743584932400496226343583744
719 1077092436614949712868608984304271353741766477414888094559660445417217778035849778909207495569142206854356309265040272450228363183805443103824911987286575098533486147899916997136564024084298624690158819074939625678195567084826135252668440458810847150893850694178096131740670442037711931695740994542101193901901640733244455108483444468933970266887751740553483066569273034729217525046288231559669810860262166634541651152702595263649268141676132827593172028910171297905880919372498698484656546538838706903021532539946476306178015974103319026941790886014254475688436353632666325322334916918820925997999940777963903682811673207365928012584653519623533511054090520743399014335778266622872475857849488287966476513882404587029514764863312684887718416302236093294126270425146138658161418050909598507802750877557726760929630614298348002237563018061791289205490793865805824
720 17197600819963369386831186307577101245726413333220093043438058562427921153739847830715688597444599347591550106203064070210871552111110063259721860673059446703527504404729416996288898921071982202111455529929510655576069266684217875271467556613086754663958655945120130625509695467802434434859218337904276023795904888873656132123881869466263784026676101613691470279155530552132799567942531297642708034547947224454026938024970520412286241050134521778026811022145292821683264171273172255343335204363011689674911185037654069617252528897565471970325479878541774733002410082478110190601567799794981141152143137304190562803265256579777239530405165540308544948632813390078254983981039501606209064537039954651950304695040090454008344942512144658559841721836937493512898262017652031085473947444049071554664429338649960732582643606428786884300836535041699007528361460855230464
721 274589551552910744615261727252762121169237743605694100038969475626968237957860540659178314858837453607026495244803011041690227796022183450568404186987559390991767854530213289739157161650153093054301011111418540871436849733146494293641706928627907135003250836350018604788179482463041629793328945418806622425489046331339163662504768787275625265225153938279183031666168514988853128258056031751274334096051366630463586242086491349792402857938885082484685871427227926777819239050327157647032513602642222088419112504633887120187264911365647494587762759617614788376563492640167796496186005374180018297913619275562323173567684702555527620482373210818919321837003176691760809210646135450998298364939918007071675408356885001425722961528344660147382471371372475505068020639283178464567853851717492109937847020548882682181385811526226339882426517423983516072317295549297934336
722 4384311511011192823600713545461843599753139405280279471585721386862032498853250240790792409553985636747674045057577991474093969494647546296983326826905865414588919211328345427121037267149010099573476846470583752971478663213003322391408521234307403643566706144847904738028374385208077089720831856412969900995757049521355080028725511754536320483260910023776062891246856724064262136863003814110888603948204349126321569061733767841044029141372096743246138048224942828808652047925846783249860370084628407391861553422551738729453952476716529976919625923995710482090591553603914327474065111098946221530600005097024599176881838131970736491590930948634639651001381698870810471269180557472503757725468532860908498141184525495136760931273128929722882484495974554835276326862926753847399676622284338384346742103989494340266296753046024722988246726775568043920692190707962724352
723 70003547443070503718895705587753234936889668985416506630836083999578589142421184078328043585793305849993941066511253363911563062263470216510810078868761565879474458584181343932968624880478666356411005031308522388113869362315324833027157505294808748151461331689719359679197449741244930270717433185947690359438428148195464752868381003104163892895824547231729800647397097708871995655969349152412698459480448771629839441032816732988148968368095729157655991985678057967242646984860609498305303181901799453780400600982326092707387743654437242862946967581350370090032011579909368353887216864111577394358930195984951099140905771067434186153161893962503313269426456315857963517301202029379661150269946014103906587205745700046437204631241242690021621159573270568777651663773662867442837385607427311435928131741166542754544664878315953029919030398857554903908367319470326677504
724 1117737800992707842542677978760643415568023672050757331752586778537488250343303812858097125353243909821300253759081891885173690253402841042441780579690361380336429820227021956714743865757517442660242970336055854888074255467033262589160522417435755641881680783862841360934914783182710187029127078478974411644463046059938374993951978010592540788374166736857009308795292107843716467509598602595236609193228726584333155569386218344008848600435152763154428059958931242788696247446884216807381625505556537769864616931692789472265667742941892027389275450397035616394712565273176613520121332235910590418585590847469376282112355453767168802388205113764109818638628582586137845984200213015014789846004889822655304893810176504754488942225289226242771837779564256433500178007551731430497654642989716224867711784823599391459431832409903250775542870600071192440354524090197252849664
725 17846829340681163412964615194463222205210176350584874084570735325472452585638216416714555810659190687153541103157403032011061005375713743054360568869986557914452797516131866862248497395299691359708131066591083107581767625184496099541540059822787844345845099849529072256873084624535245328868826995218559931542760222016884818542562869179840427341272383282173306354451386863204013750765134126074170109178805184277054531895427338033267074394753390954915803447067779820328684022884350728106889803561251059388736926425469457082239459934221777231638949086314541654385321384987899712220553176175530721279887647019224894827518597758968993909943213205069022945565616923086322613297539360383034367275931963076960985002921522490443727532607899721052349395178559125318230776662494027453840623810316087841208847153596370009560945301643211770856067010236476564986233244574958924529664
726 284959697661857535112121170269108477882457717548014765556728199921011858735431810282105025580881323294849829834888083219363186077588360306267006126819174902758094377148641851135607675295734794399842233980184882313601219828865678958694771755793617595885164758453350628217651512331918520739372106530337737616748419435632362564115670259355622177319719068922950306816689425645035337539971215490476925756777524744495400383886091880274115242578127208971086919592246976788277728655504274458791743866131446320680805798982248267399346061943589685501723290377225455215923681374785514407571548638334368172478954205064507168321103137725036497497356625596376146238489341606090816353240682192286850184659465831140263423119904377219731183328856057467866190460463286721479845364443435168063337226148473329310624041616987953857926940274380781180616410322870118275788686165483489178157056
727 4549954430283437500305719535717666719233222489489556586108477925242878654395488154939312560433168621961269296310819078782101599524687010649735293062364556082737193512665738012218271298899820938954668259342827854051440267105141287461627703832199992662894356507082387936729354315069451997551633859068870026343701216276077452561152106761596970917585098791108125510107031981253466834488805799256260451878336836062653674481127089234386438475721808694280101994875548017531130208259019351784398184259538873839432724830128098572803717733721865219871222965757985478894756999108644522832727003479531143673419609783880844268355971515730043398300198533986815610153331577247215413554042142017933090545890045567039060374446049842638794320760455663389850336990975322678678096048997960869316143553337508669669977327363206588373290643162814317033303042442614139550485082282685816102715392
728 72649375336876933791797489103865506899770744472652120076419062997121255650202688867328417644328284615188880084832225504262845955578184797052260763340747440943619817715519640729304616441422057542337541740131256127855490437480075225689230539936695806349364448364212958646306164166641716855615998989025911630991703397053516613463465412044692257691636566369712476521288211824341590880379971620401831542433430821372081492476591569521289044516094263924660044483673220285921381204946704055487959503331789155357049339282547510708591763204029420526453074381016833263076095156657256716759467390859562863691314969449676905757590882949234746826979913967101535205663501886012236913123297613826824027850237410426893882516502841406284942043269786782764118465565111894349998777450308306316229865879496036072270306694834771950881183538516701932385264559842297146379859645678661174840131584
729 1159999895711697002711766988482949886278995780067749469086417580978432845105137254829025263298017791591558949915351293119031431339423070313987726072544355674581451177180563130336828994403173818952680291096564481718073795717685061625560772299188767573598778225536016556264522516813915259711838545756487093533040552069527736635944160348150570205307014694243458340343141003964160653297079746380601686398274012524855128406023165184184461930779992890862734956491149968756852273471081442189879904856200890210438524026967899634340040839182934324645597746960448357727721336322163565681480673665539175460347794660958695953740082403730715991735925989422777023667960487858200579256120577685956540690299485371878333030504159698486764802326188222927035815020773814586280808501292454388836839174347522421685699803057973742091473289778876033504556386703955299629437866381533309499354906624
730 18521887451807396941295264986809950043611961201977410108929450679448261365651235257431915305111221161084364123371157713973300208665308098328521940002654365071767052793153259297584765203933435386982879222983919953896539119152841674811654813927421087629223289013486260979100449875428475168005762186742049152127106757189279809502315977876858911086390183439364512298735589352695030434764904329081123714913946625715461883888923987550452190907791177120149002461576811768825201483449362885359143166728539403159579113737974784832003364703570411955422574713171402980016655931944109567097451048212833736641649937804074401231361356290320620668536581127530442325133696661132674484766418078057652088282823932515966953589110551367333088375353299488148914165604931821890916891677091760992569513581550476577737222503109266319913384789442628416899041908625918518232309053366145156850724110336
731 295742509140859938808363451089415293078238276058818744990869532593127914894604806145829988891862361573714029787032544808622168665995240182916800536612959404443907464499264350543149714787726563608946030799076430946264421551650000295130589570492402901700219505567662394892830994249480734376915596127477368001542417495682061853653428782707640069346551326641536399467572938024518656101659491665421514889106250500938723996359466411319521164492398441902519183434713140518919458271037153628431230835692920143514882249184486385633008062820111070846359522742550159649759939646392414568463058095581146072218949126979925360247554081140585568314000351450703066539461819990162414891227634946680161571306126418822461202859750027424715671821209428657562445068835995833946316784506892007010416176459305060327261016689411946238241181563228434317390955517263348748219689304348426363680822657024
732 4722190289286569778038840121109791102670721354259311525465508518117882894208809895076210347677148211331850659036031242165961358784011953828095614646596499025038094179852595677664506190667756184308146259900580624117494095501849466763787168557942306099343522783288564066238080259228764387526212443464098115182331221114531202050892846241439571233376310694904170283219633060991009890468990603152408936848317439338433085765171609689424903571544945193065531147660793961792183075069348535544649346631244054231944856295944127328027677074815647835012863707105905851729023397853631049394230392772402423130181891837163754930349871300757478757429405333283613516511254084348889110725167895883844577943217182716277414626409521712744886995623209613342911039819744378892675385703978048960778039033217907320540790507411251743776676646033032701441585670499197162804638232010630427162268761325568
733 75400535334669160127559824960200299217894424691342934561730906158892689084777725633556049359018017316066246932868283106608678449307999335161504270273772853950732077365745537731808023608406130078389361143340313772683769821083715979607774153217709582987657886987703185121105432064980501133546555108275093059354580618098444617114795669337018072723564931711227253637770192760325112324332618969321315867238818006500022413200667206354984007482214162961482368118613675282871631859008248557436831264772005973116343975828983108114659599722785553924737406391962005410886885378330308078514479492870530219139523251262178604023572899363910858967979599200485932053193747086171039064242036782914324260177810005057922729913022257681015085963342353148262819707206417070406758449023729282681122072693532158155925456794205671056428440663054207637684747405454690639592930365387457409797809070145536
734 1203944831045204146233468107806536392771682043595774672846352376830825369619224240847520831151932498553948265025524170070875389192191565527290745324066072142273954399201367184792376899008012601865493124965036629248726821461624702937703493917053909299737740560076879923060307773582031618589610540114106235244928467063410248071746913497195091014536811769466651736289593797553354418735495623197113978794968830114219062176182662668725451605173513005380350336278189598491267867685623994771413867424173964917417882399065969289698345917935403222571067471715639775420359440036628561237742229321584592478422841751884786318316665343450066295316354115266205867721959837512543814236445073019762013548218287711835177965625789434524887878734902767447477522851825363455470269681673260748838464832863948707770480528273627302756469979910306331288773702615941061331365019963077294573320752087433216
735 19223831537400874049865677855665696994077422529158431740717622542779710727758227070546763281048228947980318932091696637409005033928262045362521177145728066071083789776733857006400737521010342455885610337766997071008894930656249134655883923144697187995094048237314385905811931610871270100965458021565125537646722080088651176365110626554733549136739882481664820090995526205621836980036397321922042521071026439986147063735552840097466195274411823423891137643357995948576249402452713499593934262470417099033897771576185159774135005984745221335010156112474842734252358325844325422152610135965015867840893245163090124976700633135030182046073945912221051021417221363481233049653030313680639420409709994632067117194610307192540465627402352306462254786837716235995194792164419255933376081125634510723576021912355630184943809940908215284423198544507388732911719190667227300870954728504164352
736 306954866095388044476987853715556722419676743421073241641176240060718625002774090429468683449550762724862221564649801708942642331944972775668485125874530664665671133325590846925408179533557150547311700298864328703708677253958091896685192241716337140575891784372786374332948239362585083090591671723417161593399581759844388295524363933827404514253652742527047990506902831453338346572936748108424142718489043798554141546153210973092375878719834532600454268939100663020808754002378523969992102285959732302761442094116816847114370159646466277413592962759596617427552212958524354713850724319274375102770327032390593404259553804960905287594875254882166462645600745759952859497784563996605913222852197139351082447418597300992285139340624283792396619097545972168609617512540253370190090033289524245462909346840779646676523243966565523966954283799793609921404376523594675757984531519101001728
737 4901288817803458387743299414524301049498565262145724222835155360774853184708466198146985886321578068580276072911546814334423387690362184347691174601925520839489322545062937522817673287437336300091247457482497186262773870792761852160116253273100177443227762358939113761276553514575693390411216001559419091329798555918658386535022806154352983442845249850226289616695144497280155230395231265932986888221144410666270029961830550460326245317589241866032885381435487077494860844216167534637584456978826930377954582029566518577484872391846056756803666977118978396965808478561895924624752591641668943774461437347769026575427600421881865364088352297072590869098460501667325237192116039595527238462130829799275033944197689919348802230598811337604196439413902525061905269979245486466655221362400958596002742210878158651552087405850246453877451904331510563318599088441255827113973443865537642496
738 78261337494098113543213451248819578884208286783272970679540958238678696829889855619321601362696149200318624944245090129260479587564460761583216791252768523173261393231357909401284077802254124684332670680782996307707775081859076020665501761181829667248943353941052194532965655841747634001504758577535903248732282354155947962603713606035310465689757586743897314240682838775655252653376383546560372654378411320782846050780244585257110891738408806701877541442551357684073807496083724235794549262256627832149749021046534741089231688071245019125192750603161270700408276776451817754633015785523717735073538931117586546135794689195457918641469522610871766298347732971351297055114005464865234997596021077707634768738554532884517139818977443538868241730506315048726727147077306536565743919710799692491524746955730387872244018123393973069318960742131341498755865516043859274748753513638781550592
739 1249641478198747845866080245460570215048337188868958171506944944749233689083184102248169940032335579744884524452048278116220732094157020763930054598792108008288256139192092310489426679376350672068828380817023740105749455207842581450996523087103334897099768005965031253920709869642449142715522909305757722694963352998678134492983564439225759881057588820273281115377568517629486652635945737122196706567131014706479914635416638947750825011157969665342561018519930704352572968188723923455446516269173684957911929104744154878265209517126183233554018093023366701278202506692974145009890784509220049960714132251233250319436579292490024496222700019003304165847788756540752834868709167135349596752133931671138879442258849100071717904572097440665034313929952737079712843684203087082886917531860220977174712425885263045956797016611527434009304018951816414049417354805790580639949812464785494638592
740 19953762104233406786678624969073759646172147280328681260052227141165564383333314363125682977278165113749026296087176576649459453203722012139863866330791465938098357974894570805906453613725712066432499540428296603593195926069499695277771477565947561918819137301239325335024010682303676278552421955323119125748173602445070202684262029467251895025158129051899810181450475188832555329584602773476440831307821189749511196293861232628479231948593447422206603042376425797817375571039430540170344677681736817833561063660486223408091428900128268465915093069469510622637414246979507018478055625216878257250006346919812305535299639371383455508628596302092634040292327801831836394766053727666151097894379720417508158461269056493201458185009194508193725267030749935029737610223698080709872075884668312473866837468927289342290673598231060989806407729063628482342164147562713921460154320572546208661504
741 318614353760664374673877244042163221197404097586153584752156847581066949257617709738438020751507686700921679888210152257766511622175418440874781238455090760765205074976293872681607942696161783779839507048730814492847755823981959636428660737951823611339625387748975668390562783309325086718737929578561465124459734568476135841911149464632230718245193267920749825151806886795881652745583562875630306374165040243742381677059052475484205577563252387796978284138373578245473125148663286105418086629066081246927461938484498089211929945310663825013824945661695669626958797617328159327635005723663072619125718682043688801617664811198538724056745034382486304490215689265622719228597421973705442873376515117702566460259104655309805035680381263450153539448359074168858088267597127777221023738468393708401365535228523338824312335437299115295505099674679976195075141900483346084355424490943455754059776
742 5087531014379851393471192556785247811280402760962528000618455902934890942190292510515869459954857400261156412773219158111793997337919320424564119012720618330512558046320396709650011328220238023942313064843183262184582609782321816198503347408179947126686032754147456837820429540657586151242756961681672660458170117501853825873956709124918611373420592950502057966208921886427682877067749579908708131683365833411971207412273229831210983460504838979334055107587850039580719347835416161054842855990032256898847796083096360366396340775195241093930368768803445009019124590072266107917890900311245241363241144532620531235388436864105415999072171459453964928597176756495350379806184622763960104643188073919205930791583324702331582256089125443941771722071409500938780612886146658304273162867231585823106459643587864600855231802025117571985736860694790251960441460271400895176370053581553556987052032
743 81236271960414459567730360010870526026690930579351810340878377441087604436574598858948645115261528646270714505231993163236572029679065438250442548858443708465990086638400511220907230043948358200952738219944563323456772961112889765331153213692523058362736984102967968981563924679127813591315225167455406932135544427306731933617269454881971543318324588982525449475718116672811355663310126047347301477502923498005564045880832798048827918826579631211735841799203322194371814192950023640325332457126321060327565545656586112272308034723078057884005204896764783912582146503599812500086867575690506863147828757086624348498270627652282871226658391954811039859791421768134619478280748389026319855156865941542280157781844197187823910547886965541414344533630715754649508179196613384636474944166068645659979823222941422185686458932871793383464376547559234458657553014084276534075870922230919311250161664
744 1297161586384191297169148922970114686990014859064550918430245194377577949442190854311670263875430305246742828774618052478332603110601840591966718420514352187398673552733325419998034337413602823550742462749984408664615912769115278348429377124096948414930266205376767467178684483848938930084991163546397187490895688094164679868495075844557953590098601991137292987355737411161060572500090550922611945075786010068333202678873752621580804943705726385567561326298972429374185164460542117013082599450450469509562420686907120093374983994612075580344626556794748047389340181041039377774476438984871815119441146985212279419724676237223257326263711823204166107248717492444266939540193368115214921796929817091553776078501312182938640321772007806547388194501400989756069588239944787417332584156726747007741069694479642786555487986625667919315771219762817465100944891659449276767809700877635145928398700544
745 20712825652957231178855351573481276301732091952707031399607140275508659815027887909571777178303338907860001563395457003776860386469758068631216836009427346593432003048000547042101055495256997250904499233510392299857877535565980395441455820307159477542973751306379439394336551492283729871272801445323590291235462445977585698979966403347624079784997310487406496155374204618384092576131271180695871869918423512465266429486563551608087465537875289738795768570159819601775327061155905613780046108667502254423294291898644325278284412901846821352201187721566124119684461057498932944279836000490652707396929632895497899642377627435091005802431172770196919970654299594450756759298526935142801023122991732916348950671040326950536938142771678517936148041551858047683342251601986466103154101363668261127964109517074424352960599396138412206669481540620426698270864774184649035893551876666761279963881406464
746 330739292408103257694923638676694145718242251403211000986086306071013998302810659889526228031043259694149931255951361223955225927792883141220109621939042238692427836243945350962332656575477673192432777995646916598468030805913790527612581650710118210777844841547067282617952500759426294361876903676142097465380341591929428417969198483714908500602129887363585438735594317818898448308135555444194501947825951224290594861559319629436494297326251229833578292372221949801967581213187879037976971746994134764335785980329721111496791478211052477286711249171389455941567312979969094766408170924502332660496746789750748683079286904778156692866760709398497066868165928345793024711247691845326974768694338920256012354092689431705718367241214739448448643328883784836997936441617129001406231610294685227971256137526086106541476157584715726301017674242542012612767454418946840260582163658859621199636825767936
747 5281209624312455568651613882083474844435686293455264959352560524661535369198812552434866252432938604607387835580183165115158157492851225861480414838772722195867114843368847929208197269661953867959044671862758498006111472380389025584922183392669303957607536225954345767832968377755539999649460845417466333362954634275530880537104102464531240458230403154901893593231639610759916179301673565580359629634224194957391429107362417147577024710534758584094352403872333596430716683587258950772646427807579075429512461776627738155586607315135439773960992357308919510848452136766818802667670990006159880509853778795904527092847511536058536319146659912383863416476622899573729618136653564139662775952575369000746569349604281325314286603493857299595431740080342836439689528111857718754000843062223611036420673550468608134873804428514754203429473899803262962769722531440941978699766068627185291666499464855552
748 84330016606052677358415316111655932627770377818777728858235715102644343475108157970533384559710817518449364168415315871351287804508001478278109366681017314209555519992250956804090243605633920545896774339212915992739272711207271384351118718878476509383001446916641242935544356254947418527157282061675122775420451290743941122197738782292961127308852398190982482003701114603693037782788270188846490005791007488465790101359595740983646137503351224725481424231727850728589521582637844127475258766821473814649878008831770828581586246052849677734740075666579556669625604542192159532459944834943788191543389210114671540834184557953949083306324516916841456051266025387262706202078629978091011437861226090170082738304756768170906366084580456840418661198694070835481544628986512970573187846058168372536602814066476767329414220929609241976857435786879698040269831728323964618231868479888978469311983626747904
749 1346579904921708342198224740831470364164440423355875444277047567207895247191447145406267687445771545304174817473296010595764324902656830574585135441502098244761283213751969228289753578562575869183280846272835742987919237982145780597585254030588090144072069019610681696224203810022696927646231510663998122386474931117421908363960045822284754258472295126992003735219354547643472770843288594894469300468253867621117907661256424015634644150665296000204092910582226446697935370162826295011751591326669749209575254720007115579705497077970581818068772220906699556727922619898656069679144204195652305764751769004337968911570262164867749020392083070981251629930597207337703659465173356948411366772010374762563079952804039891869231475951829490170791093382800864047610905592163783632088360101964014316578189521570894375131826313886959401396090072208184659259445159145109663316022409889576295407129064546238464
750 21502216629637969360777575285957952495957110973983644126372868371194664899998588911990323731706729470974511077415595186694240896855639596553826835440238943601728916503380125261119520809296060911694580204980797038605781204436620369508058102948042246171422627846457139023008015290563518794749243197421935122233343089013447510910329801173104112894931587500305513276837517865512647414696186927585658164074790155086216316656883896490778558232943044012738086097245577980872947619677462435793093288956221787575929971782998657214595472567759287504909575576768430764882110707314138026398039119476779631970961790422174335691244981932116228129400723041377802881502503117361925382877238805505976497753077108211515617088917385042184368640022820150601582640017646392803141438635811574001760820075962287545117016592557882948651454050839595302654883227939586863458544164934089899872793176489389823852079813163483136
751 343348768536319370462227374997377263758093066778568944209792417925542175256484708728237948099566770171657150144073413914983419451282986310534780449263822832110518704232896941383740235454370576829151288830285712238769702007640151747297679882011944004868496752368020131795139046170968121787045698859526347673837919239584570180205542195093587381815149686051823814500068981735713365715467601200517740308812423481393759438559275860356540369116610540102635679610164554239508766974801906119292898995107712377836040712252366131265876284360843266282282090445409378499216364068756617015356731010329412325975993360343063225625924170076045643227900837229532867795287129557508495221179171169806131254424230442395331604936360742695314208117397495015571325090353273261793337621005683392866292195912212685543723560066697970877886306821963573255611663238081558361140193584421024349248666886029381677129039064328044544
752 5482629638169682450273116258835231875412153347770986966503037194775420387346054833681925020105139436094828151606072639236209152191686351448955579145697859464807916353324695667944744617352708123928528916182849076938130336126931748432067400910189066780252199150707276599624028218816538557657414441361941821640880677370989284852257474243066484634877625492225710306476417492187579293644723755801242491893647448824139111466561273524192058652655763798639033882969194974524777019010167588592070700390117384688914162380839636733395913324615401923511958094617192871014214593822561653862094527287502618336232097282093560547737265404644865890998603279352541068499813376726526986023736272950718494128870675683732891359712715894610311863204612899304722612868996124254140087359549014825607722559407127730893499832221699724392918072179939783972011059711267189815858229077545482324788822092521807488348901278233591808
753 87547444998411291506095144805293100810264615877235553633529500656303557251465566567735638307096458810295285680827271158631093844691508493566608870717927009230668730042939476982075797491430012528266923565605471858614852285253766067000921680722500522159436244341671259480786539248646592778377121788314996136207574426156243624589043763904229841209303131719429803183133216431283523829307577906079670112490037337883265903206273246391568661987409310653215524623301593630594623063690751160293001330093067594244333743850791153356765800247487963749377210072314753129016364869723169880917518433866324917026379835804491501833919477113284472889164606445870506661268043425786264616121494217160306988821336867404833896368903230876169976542790517862114215762839086662236846167842029745881805118481238479399762467570427614799094139502952750532654419642476960736643672792389253881005221302750918453075844228208745250816
754 1397974310587672126959857188104658334105141156584760217119135159360568067640975286555809321965719396208714539201368366918663437730619238181414638952512011970140619741825311092973832285794520972254451350358970378587873383599679581446030173641214327463454738934786457064706269089999638388326931372828165646836231498891436281058184882765469343777251920262706252143346238037238609471944500741785281895575696498352738656430335913792120220234219780072885484725491130461366659184310760283543426492748017392090944550499109841570459673918954224497997338683800931566148589478927811617644955208998866042159192533975743949827466019770686608128866252071327690490043536016245112246904986174505615640152267521851717468477025548638220898630428145772580283363866247416041668827862005758892618637516082277629292570184894343126088560987493488446620851832237919668375433461595198962081577312215291164768130610775538356453376
755 22323179461139035092294590770388392480365283325990419188303029402911262615794376442675467153020133573431073659729819827683115580867970981772278969164512319970493415577838271787566750238480114776853049324131328015626065998691859176307637121968028346170739665790098064880925534246133484707593705921513623047035407106914688032918026109849435866040860245604702690323029882546824868009939441005997532310419920874181567219971207822593376498006526988176908158975149261422782280997388780464987317581591737724305716199930386459036263025232942656654640501453385319287450696683404252772557371810722536658037217160744262927311889645937181305154292365430868213411472295356480412407378410913539557011824358064765928254890385791915226858766825384800373933462503880196830379936289538690931331673943299347705563799174267165984626181821768408800685890431536219877794446098354220790329094001873484124392596088922328681938944
756 356462667402428418471253208145469104425627883310058795329200862917066398862477273671483598845320962725390382216569069703401969066205720637937139424460753519139739340718924353702989827032167375314916535582843322363311745373398622397665734523343300396269300501348086465824575420375724381145307339650117768990271718662463696318752838592635010899554146667644902139301376986082587215473335674242089357094637423712730426551603631996290303211129540193026719370391039861632557554659910027159108573127163002420652539730388570186229629855348262149217807810897623060038628494180191171970727167064418719013438259947271486395681605871358282044599143453086728273795191245639772004595639163146356789619915045686906768761055645285700790412420927156565348315892330092214543500431872051910210567776095567625806605832443555702335657279271981022734669438023935635853713994795581171794301457866929334651869305021801544799748096
757 5692108811735807474049067208866271510021806258772827277582420192026303974048718571254670400286907163268845162152829040109984450801589835892312728668253041648043092557811308266080874318078863680182798254674023545346624725568567344298925687059609794547047183005940896306714739854599327029890871135119989972891463060512843913653886750936595307877659367800085479713899074451546331889417903430105249935366893018906125080321061457935499001245433991884884107003977074919753027720332318443104299433678566826211737096073418723617036112064476360027504843697862992155458174574737643826574510656320497904280286019330254639050196050158856343296962295904996376102061995984016262376781752326776281738774869795670715105691658114095624915703619930904433449640932377797343678920383621161625851624557020756015741454497194373827306586980926386324947017996867540264971570048350432075874475440789823996080710388803919148479414272
758 90893634710068081280838064931664761893686499027403461351321561067343730435062888840671896406864023106526971884265736993765186821404144588386412318833388633705433738597793456334562155934998955377525864379912388729196709239867295661367654673141215780684015959920710229509980556957924926799325874170567201685820497265857844248653251341710631795170648341274602923130989352117048214632590910943195635102350194666126448549933201322412807685795488057870676310220248630075149612509685784127320952839973584349903922863851469518231076755706006110090665109841787299544005201447618057901708822208543629270737596840750393911324170809560449375252243896816683849444064949091093512066192267712539011542947547941327087061720449216510475063582082416670384008102090565974545649851257081140670700252252985041995795787754935892859448754661929288827311894995151736457408480879778668208205348845676359745114379048630644388495622144
759 1451425940436078002369419237348524091281622686634443994933779277488556210411404879966781523360821113113135282299916466450234101550141012811265424385419631105259153357828504503203528438714861477595222093927497652436014463299377104113519329918563558540103692720786417596675481644975230810481803754133008290968433411180441754840933914362644523927891997984199497550857429058785824791796890076243427237301295195799191273169908535998188454729511840272722664831179935967142892027649526140011259952751421674316590605492723681981111944561620750659431873878338014899924125593938175589068514953883408535936138670131796539260536081446901285708156057926787253469603707877946447588695006959728491925807389598314688356474101377623427340019585083154466322516739618048515352747101909069325376133483965122619300786404412506371976772318434521922293321739884782805742699064582974602627485001226872543664780203568703767170215051264
760 23177010677995919938484118503244327420238279079863615851628824129835400497798060157954371359171399981756184744621689781691902409506323924894903224869526207161019919373766196672357849551688961295359342715611696124216095883292224739628146904016721172392413693687416586976667370037404062111120939893158024909560136679070162340019512042456051505540812705309580854794525550255595097171472743534403658039774572855147087926102651654281738923496327344877851026993214397625867090080879733521243998881920552733259523039061948302859235667895799773111307802412164796878081496373088317509154739924646560866976853019890792597438826673674587777886052836684966978785950308552066052033370239548540951416705222431571513436447496386085442933374048170120798264369541897898368710561163873654065472686461626847192937608641495619159847488980326229918240689847056009373327466063540139013629330861427546649706244186652899245241082052608
761 370101706951801450793162642622797787192013946562229394579723280618794840333262784884196575320229224541219042990850115579931404633051823380975602576014822373001869341283617718571463952510507261462799105921592057384460813612171998718612208391843710754378664880596799847794915668883923610521842286535641318357758637884372136880992065900012668891194021627749972156659426714477934078999343635494329795271362357496875758175286903077566216381072454134098943317771959253098357218484326633183875926736884642783476985643766376236057109001945562534118292417163678118892263536353947262632013248527257469214693844011948885254420760386222547975595412453964270678791284219118975378023286575044433220045659144039453561533650981538382781734436890126857970621726198306361702316350954039009131116978332519017586817055889964117384755770091900251731735903739811875468617921287090358634747447287222560565353322359600515841229336870912
762 5909978208308271421381953688407255792340672802130379724174077124453422560962975558239231207461869519931463852869142457604560560771486424318065353166461796659727404685185735360278620968327224729683759772883319628935738873851820722956646152029275549447819686417283773277311656682588170383064067713793293349309539209286007956383671291395938362738941217721501855803041143478725227813165970342330748675714313467577126390810474932310640851366578822704739845651094680617917896932515365504576181027456396632082318022005246283065744314821800589369758723197737142365803074906354528261165413352996399275080012824721290739282641985796658640753640497497240082697028283906710036487534484550707269725494614132322192453132036881056794953002146059874487762488897350586675992004906535564734883323894782011718937916647539992241452800079929690730693111128443434294547657067053280687222571958198277804000943312913262330456250970537984
763 94373875986292278971168910415891280908316445518924474943801752997499923050223018166886983648489569312684366537193872389421104860586794157887003783917775754506511140611506153715468402399085801235422664094288702781323477929159781128839040347163228634540367561105193597345056012922170211781170303889458180533531014834676130892953695193490359966220378765964128597095508702024160357050134214040136620697390369103330655715822243332298934965319300281524882224783315220666487167877017116119703626756218162124824697642965407836872592312055912557425630263907122001351793027131164533937692900230188700176583213641523424501089525439715016685980181863661177178569686547463821752423270916480437223173866656049932391521226003044255466698475796993241824855520453097560736995807027317955496466637514145543268911874847094571224104875738024217951858947142102109000499515588701937093058642513325422295105251197244061699252234766778368
764 1507019330331074674079292591805470156779407390817132578952604907498884179012256881748402373888378964210141413122201754686155507075776731812513308710637437367775824047447580535232216940690490658710459056474341274851187561268040230195527736989209756920976926507230368275168187003678028268033964257323722476191103456661111758409415670172736091224300933332079760029262960998712231460486055907024384343485701046412927159346031941524453076645982459049018178739579449217187961463716491861349327255658687279569166468183321699073928590278844289442848374325411337110886968463665983758014900041387903829620807925636148046901388281637829606096698040092350752011655479532353568919074618155628642182328711776235457407646303400925385550102690791947216650223812082383732966680591805325446591312927669861651150901466437085096915735288584678761497763785164160194401524910895757437822208700665089301316505398815528505856828017546887168
765 24065061128578058340646109838493930827146762475122549463860883872064802058048898973205400672949621534425414878126520388468261219473586496618615651238282008680266703046403006263972798689074671962595601141063360088242140873877085466777748149588772659106398652010364171254041995260888539956755551743942330273854787882992559186638041835467183593669396105600742164954895332935282658269676155988587311632578071260847116881106291133842460329452552591929006540350082267383129413831363251651106426907000854889156778413799863914577944136055154015768928795444955997945256579695405001751485592928459479969076503958736068032931886833794403941814503811330452993366521637330584858038875037492506506665898186097333878067523172363649388700639970201201427500579952104055113020942175716737981240847115040026244197375290288494806055460999967354051317976016313961838923148333540929293344465613045200486885720471930812497943877286851772416
766 384287473206980288638265387041770139055319812478778085776322950776154672025465799682195832377421180174976920764132669737036268202894934091581674816652071423252841075049828207632342347700211952486875881263292166209201512265513135603681364583141250770995982851588655654405190625524536676814661316983404992600028026419443813562243559741302036197211671175280780065887114710713228747655171328740180252495152431066934061504072224584074470911619173245882601824337554337992440237951812159879311496985540937623775750146027059822302732932150765703183967563898273224580354779124561402876068302809419718591381901731022062388592909253857999477184282108417938959371243830669038094442205162610181427125662913678598344501954644910886132389939060712421016405998445286568036465949698661052799117287839170703423431245446998612801652547835535491202145309752289839646774796659811349201476998257773479805992140223419599711994419427466543104
767 6136582764318554029965925390821751134429016308912747277939169737333672974203413045202655402344056901463772070671348397730052831454777526461651334501906561603674201690574263874680395390895872622615601424080563656106600655618213216880066866007087336001914959089024993951944406847444090620550712590430121055448472740028403597322493985877438894053597097508902182112904626117427307684508970747970308569401784459815303705024180698619439746216962566919489449814163550442046062992408833766962147297517758681717546053728418183749934613925020009180820680019713414409143636625860479388341635153533549818907104377820366217585900523232577997062798979253423268639312846317551328214242954646466915164099366548225626578606449583036996544729265302523866112271821639338871591606149590060662978310502965997317414383917537579852832703714127086333965267050369099023183209859455468233284207805423886683175857931940716746976127726786212528128
768 97993680785366418628562868054995123850185627481743857013634718440691589517806849702256791418118594729977040374169802360654656282225299598469992811496432879060089592153200559439958221037762379202918778865343615204113341738827847319532998237702080329015730429765864385274978922684892708502256547613049124079027483035252705489881314295993434218384144232704882877791037408271128114753883297615464474542257103982127984872710157260362280185978577930849732098891184770119850184407283239264375211844505663322131400086486029686819978112253279409399401078947723694360388130140377714939830948664914549043578668411445491265502301740076377642840548949980362965154139830854492006176999413452616257834429617082614811251172419988625860190253409659606308060105784404915814187886807519810764709955977505607187360047720149968260159235704526700133858656394391256427811716269136697014043700612777853471704109347531330663653396301032757742656
769 1564842559438579049365912595275493816208768409728067533215182200662807990694881839032947677007684450413013294547052620729149921089630732779571328496025048908434008623900565058435137510495792110111074517376095601931058145055279993534146847593158465221289875467884579904446602718832026597675256911842395348222707179030114429110275748102063179618476636809927246171779094464435969747245751103418007934588293998338189470432008419595272287765172180345538612066867457058181280229717903185816734822131399211384781844576434475864411883297833548837438222834136103407931089015083403981402484831840279835747610819905220863955767831886213589283051292158437130251288271502749613822490389388962296474623984180400771634774696689111788835569507681969232566213066362084865864405276887960468888662003204329881444300771689464542493754787548802643531455986249944365785223263573614185454943088507361691418016723226586649442454805822892228587776
770 24988738288502249868841070584274606178490617840581702144428745022613266149792327344993495141725856812130462274167749249741436074170656562829872696029450879601402579707604986053332536327271255332337118665162858533677628375680008795950907354136470040652970482597451357560167543715333436795082289464630268629238037328153078856488167514956136630684088005309228222492813353708010581103243274417935375788900117645127747285816281040481254387717301269072095279075611490017823837247050638791333947669821519608357736286095095497871888415796781017149369755208128756230436672311058019056338924349253265109610108692997244009874835627739352467232290741567808774256128761271864449677596999553958935983485377023461585559114982032709693823491262980001580340591206694530245529822042278802784437244018942124503396631325202754649877976532875234934154859615708447232914830247232855488622319036530073355475608888540027026309464798718286841976576
771 399042457179119741804740296462653417060031370344131430740323441337340791599698777359698435494049919695379912528764736890985132864550501453550939034551898370027585325951495275887461648757738165500019452980951141076481591627594891081112200990912866094853986690586408348013155466688096604824444951886282811353417365494142906656911642683170079278421695513924669479548541810417953606086201436726103550074964659871753304309235614889788510343492384506620399583219603914346962601249528120405572137537490349879609346471785767570950134529849187886336257479019291881152273599472022545041546071420429913776451082592517349630845075169996884366649357988474628494124906479428367852289205384761642907607353497090110070371993905667026127856285161619986029033682883058568745703734781018379598778866988514630724115512670077750594431214112244050695895468882799384178653870352468546324274570058875105450914780317007513974038325859491053691879424
772 6372281879289544242240499964737216305684342766326788356832564645356823239365554239492955289004015437490784363932148181445350754155677813936873148447939547565509970883556770672421805085659647099796694653499847684513331016034674612137940553110887456029031481053801779245894300546117904727774454628867656722472460368614852024854881647062410653128987241792979150269688423290900597934794936921641345088451610902120032265372494933271704944111335043322574164819315116960993168765803450662294401414639743478879996406873830694852583591912281476681258698948695685149365471017437314017943035237570878106652832861284827152325295748883962851002636139158905718183853252001096751232542592880866565141706232192094586127009473553727433239884065045386971289496283169559711605093478178008332371161645292877395121150505509125049367541552781335045914266340021127069417806572771193479306359261196443003753622281580763790168895224269298925694899968
773 101758792207909827140848898463186547599896319527566474136182873741332438279976430951667188966568085858582576449198885114166816064731362306349296851118318575212789781992244157221640035980790365919089039930269839756627110339029427329779153301832274439245780695282212931356672623426982099197638643405364705019055833462113730911221131822330890879227145422409340876622447409794199679102919414758158913901184466371177051911084206521139679045575931107860063374396030978664075255931191978418851235193850014512239655480674922141861385044758190085899011757051657997485249631796750649253139203428887911589953260407747963293252222405190989402483279669280801708114485650340952039418062862371512372163608647708921049198719311609105657650075217065764141353156320748952323318362339219896356646295724645380603513758704240753029446040201575325607863348569862583913042559009866991996124926219525596909583262370051801457782261192841848107164763136
774 1624987400935810198688757734146705400816520232181938304929083187298872686721086356190617475742504578048348625439481370880660559231143537750427651083126072254847816924742400075096035397436989395420074143391055125727089762045935882093929611850262913200595066101393396180140977267320828260607081181861930428131935264828949598395226768739033432152775515001160455140218968845800608270189314098354185837514433872855972881006524039165845789920523790166737346592888416424456661805304715019521506145323756581714597679247891285608124772376432424528629087198323051883058493055017268439297021213800359653440561752210004366146559281326628566403640174428529220834076269417270726983231876547185628075958466533362897873275468080796712208087185936202950918366122575494305759990613208450495617490928610027921389763113850906350023643564648161401176885498330873238548772170460937968920345678750902481741031334524418182541741770813264120862138699776
775 25949508669435227541490422031156971296368369577694253119298359384555860378074937727179022676044509966483799418511870199673271005898571947461574136449149063374066805799512128726711579394607916604776577059280102637208121782831846527340424853106661125585817843345403906710430992257592672261756814662706453273463183323736491391767318521711710695434589084781170247883325817347293613125356028936124775053937767546069630628196424563186508938175342290077982475698379763636492821756787261016450753091094972966380017965237258513354382788163491446267163413657049129439646236709304575282618440426256147848498807470012283958758155045898158827766250112216589135073690544496667035769945134808174791971573080410281537424671329270271434230253972463823039999040671257233074855440399881750125292945545270735328400012510368079686063993547662600574698115684255995020101860197696803638425190232082135798692776815480676662200422499742145642440607105024
776 414390093368097677566508016225385099208713286625405343770755936268713721358051756922418160123113235563053749412159893580219100927544429410493359531184369716964336915646858903372828021104434192916717339000487347274126702822503067834982257776478474622391125647826708919074534555405351802879499158085905485811803772118010233661838751166836125563542070840506957997754952948603473667826908654185952406955863617328999085788435032975869202750041984636317652203380587497255379496715799325610742250209604951899096131238938348450091437825426643555255695826412038485286239555242042376782225204252871202077077275580243299460463159324886238610775203125529933094974233178205088182285558583192302619925081453970930407298335956962989354660516697024152626557484367555487105617269443372591971163162625812390428588048260098584757241581735190333549547397854615826960685287058757684100227906180757672199953860211221910114697807108134921052938038781696
777 6617450031186699794450196009593693912308030338431208369577002358895610793760102368919429291698039178738659342099621795090134995129238362536348261788100968920541153358536699810862041649605195734545282175964587048538964057524759771604706356362889825088699846480221896461658746250697901243330835661950865799862938556600655688580192762962215082636088587766195350821379244199232541335955569715470416670259902994060211737481826042155886539156581966839361382266275552587698515914595399155503165484194928276167753935534363635054131572065247930710656053335109707148698421794622235881871862568305798669902970617412577023610695635453748531448829087185408554406054074594100260815099506252355695758572972307307266836980993947729366823096528940176196962260911098799977869022157692739252761836382215266035558800036093490917407046011221499564911047378809390297761906539282404061030038377970808406065687403941424757911815919956297738464728742095872
778 105675194332105033827624902423019725672783535942014027079670675063747409401090324769619292094074977302039933692715161939077742329558775998843350373861422944702362225624474746613045904016258119594070562265761084941926954192485516450246960640289926287328963204004190111037485762801418723773020305927501685833025993627367928869260626329504115083952649039093690018944017552634071478739950962750625844257388751519546161017582228621308337954504590405300989288431050369987792784611620267610379300442038066529646014525573405012848981259094032391871555501448624038231038971797509842350331966922115783715452867644368967023875271960886661998470123529866595015555035401452411209852364268880213673598332292247621579464321372859081601618299655033765437385447525568079791483254310373722729837293377936079462727057349999354261418580497930857164058925779138426601102733413177230824915517953607918823940279106715556163878929525218640938140898317548544
779 1687549479208916693297001611414706099376003610985047953228337137110247271458309154130305465065576974505904796314532995462870538318511207692495858540245535202549586381720230909515654022604442272827517233076151677437452483154069890296533045479391445706629168368144689901772238066908396407862473403623778001284026789846165874177199485347841886145219332740990320184345200391868544354863084551914954091254915707935697450453669266449261430017868989221274061232189091756153709644852800920705789772256321833245093475769293408651197343521692217908929394431079175082592190090876570489266218515557275978985702606566042758864942668225697134399803985246439699217143555216826765104638013917792403408233571119428140729056763824910753635852084610478479083648469992517223867614069861613938581925446407473820711117429417913331860524076082960401641811685365933543473149153401253173604790001420041827856985178954689936556336756008720175073609217341865984
780 26948900331604227542795497157132092040245771397467312623847584747763322460163707689421507727229352931274614114928008721835938182359306928086617233817394563868503107503160978664630650363546420288034348843498609285724058744819403093763333894586866279824046789735343142278992679665365852502490783611075726270718630502621116415613991016147792670907524534816286878207880204403383549342779988576862728388462618772901549819929783584999423277249461388995154859352615895790990639473868349048809427597584448915409017653080183998463834747933215642129036995263702415251878381574420815648964640769834901129330856342206318413893240724123311132314472549645875403992025262660099354964748893051057228230528257508686848046562143656087322933447551224367046655803906801251321020008221420283125831514080176315620197865167123289873236878996174891882666784211672141032468699632886950131091757155396112248896911515141484616714613738263350160731725711986364416
781 430354799920331792275390458918756205730766687557992646336516055568708156821097296273206569705384575702448842405704302048130670651768521667894691889563983118988144575144615848084645270428781577742985484394841977088867563034230876751434519145924932909325711675121977110311218422685071912892949311218141500521855229015329956972235474423712512931920210312703267795113641477382175206242483946467947923087429533392059129053011251391245387798971085430069890636178477701055388343505065309235619772734211835937471920015324139352241154225203291316184847996763668175181457636884989500851558272438943188467013651025298833512901441144750826850252932153928986848969438465952116763206824227715711202599000983043192848032365187877638867705186330464764925007220156381681685204472145246046690777840864295071925787482578422224071177356282414333766727796422340686522996027507740262724098428761322353461383848645793401063387828717010956710579141121908588544
782 6872477418266613837661745273731384532193760678454772307310351800315067855272631052766354971568552317837114954313165376027883348709849672163623786154951824831198245465306417229075217319385196262166305995656000272044872945418515701457334341439095926179261285739340604399203289595219672222475062123458925970553042642164474191959839781145995048225035192078262373519310427513261840437605401188843187026635364175390481993953342110603533888659773608943103819150476811050572132571868514425432447495474156451862925462621812226513849291741049167760533756144651365555167484858230132223093171854710044521562330607608746482307846561416202392429875494682935434048486799346930443086196170087892972982759271510764053042947896303625681709918368135276898150158253133356507457327681983714600411312220864159218201293617828482314074097798271965613726365656406530151316299304781166403533812727924182777224137377888784286301541265553421095358579228651072094208
783 109749122472468942127127576676862309705840250328175351036960193919636681817323771058770675439428931167663944983889321818466403386949561097529912287218905709052768901217488848649013429218097762382325967097669338167405049816644013113014652905003989477889571696605868793417453484325144751804911194964747829636999325855464924321077553120044678965656284501597582660170500308252737245582881668829427435088454891044518156001884204913542058821652112186097454227238594463288990473524449131940854730076588445719658101939614394051590780416082914977166229406698419456646345757927944273968815902364581039686027024220622585453019877033340313321839333965453340303096976626773892150841779566047027698142572345991115716079637921970697537950670620176281056462978429581355343024658137814532513470450508920489348133032869709586240121467167281974127754348302074734137885294032549601235436525566870957647917204934109114983874196324682660589493537759929785122816
784 1752628433820710553362608729958093295690026124697637091968676764317083679816127232053987346389694156209284000444422543710337545760827125791276618318225015324255203507832667498987924835591906445733314654106127778000950185428664697773057919207684867419051102793005019708795379956582316276827622034719026228150521054170725649550614940873440406732027037828237091210696349827227008942043204950353828125797457083387316380022005438758846768029757975034480584262382959124816267293612509742650759427616150122987606552038726450106367409664132200169931883059926485403596827908532198286363060594979457436628026109757919862160762057350568015748936732547411898879322115030701008691253479538898728888156181425792638273346001374587986077614445359785785324311039552625920523219564652818587990013538846432657258109020574203051469228033316128161214169304365730349979975381216980865813926024666379345066429903000019868394014859305163327271085144170627849572096
785 27988505504523677785415402493452878843849531628332695346129678832408591472334370548167332396863366924101361011108469927491832360767532611436176293427529025050342409600544039689847864368852698902522613255039905867242437835265833357314563937760590976598743985866245378657881943148325879688003343014473244490483254183384930151287785829994303920695837677490055167253914659433214018359179086609162321418876345159224250380154583611094947366963407305382398423269521460961324349493806348294824027443541342773437392168646851866540044775651200874147445903678935208311653233278145904054501751159289781340325721908046011750134128949265741385759128420757570929798786346037720156080402780984213880067126575833599948519428462393266174937629702087193417743462457085156502200077767453392199792101779456731102992874712173487654901513928068187326880297974168646523764644557502659091433616071179764808872317716988790818755806187547170396275959061681042320448512
786 446962020516367550175482796603265718792092822257084433789243873644832612228865752939652890139456723869642578488563708503226973419825446357729483680314431338059235565128737352167303251083880340427036066676480591267419741655934384599821360182624528941668147638292661346512622494352691706881180058376640274671351025348636883586760518796405747114987593113927485632571900771154538060683281431839038672668764973685598308834747461933765668552753995387150570213510205128450508067857489415254806094972358915508510077824378214576765993078494050995559614336718803428058432943113769101700332556606409513827648901901280071154364808494083780841795545233146687119977251296676635847494613436501365698220006586354862050786511603355355520109340579546811582721855809425816389326736545320026140883818342078054777993024473656980235362456963734512147065662972373044754767297956452329801145980362409843482702197345162258427930711470963969000509320275358825050477568
787 7137770628574974892868728261005982736284253816791616228106460487463982563140167945914269068904964908753973334846238449859085875721570815771846427478517380532870549265369869384409398330916156908269735272316546238326630276878573162408136044295676902634141263184904319537473747373008096405172432195681351246117752731493730766131923308900130480222002603467273861471291194627797800565835939610233485525780202604339050367566031298586821007716901802960257351496268987041854306900873170527147008180237234502561074002675330451938141019072341185093946732439372678792379030070951375170183319379864546079516124834373975929941159028765024365198371222397037300958189980565069690347535526420751553134462880346620021464932617745045665270965426113777522153648072391688686821002622780273792903060761961921872307809107528499677229031060133414893019105223062802797321568809561136783321465831703145983602315139010821186235569863625819555789317238759690219790565376
788 113987073880583846166075010720979101004721797782817306442207388287249951616196464456341072932934510705384913117448208952902543041247764976059318413495698843346180495452656970970913240927025105162631367908362231393653169947412010627717563915163004424756178203219253547756157157793396810194081281431514469099754645018458232649498303427065455578615611816977795455262114970714352065236064808328478803735005628173923855133702371184586136647560981548871067483655884407603726400395190862629470377914371036842390158218218162384063400520891310349576878717097895407039319175391153183691946713855301223042032759469191586905430079771277288373145149609245951549494676199292747997003108616951175785122838679676844637746013328260760149321760759063940147436769179532192115720422006829759505966302748477211719320035714267695789164248201410554108815355907886918898219380993814363669816492634328682231543935442052608571960639047842354757075769197909376786083044352
789 1820328090542882346523612070587104090950491173253518462316498197548731576249803142720958743856697700519391774608857206551234861168958753895199580746788073477523561361379631595564745097493192993388575978499657386149466094097063560318512053411202982308620531272054816638718450914526723214021990399238054856191031283431235158208532893957507608190975626407018683272022894272065148089197802723371666721951689541983957523474827313940288098004800049183498265539244067603076614455530087406257538512060832085252537677648090642707201403304557006553230084691406062703903894149645669151084991014484620912165618503334170165299894449534961688614204634069973580000793116564252655620691076366571922410959568989890144287592005399347235768889531611851876418393157968685411132933497018386472244620178798617443665223337885140958664894548485450980239322825841655605849866242822736229261871298113933799982972574161537386480168675046790521952528285464678299477072842752
790 29069983320643735531942588620121825394273313827094802095051625649435782468240183676100834361468294620065937596624701102015744016021919344756444136369803115973019509293520532174677354327664328733126082149713755985929982250886100408060056545598430510880087605837728430543634594546200067841381018766187655120366542882402880334816679168345477756701599500764490482517714987040280607580691752209864735203895405859033393860063622755444227818329004104151681809274274478611876090708202087636657325675322800302898969145118834448988676010713328152001764209948391590714226312545685696398154589023981862689128927088930642797169800840808851036577949782158816729453201689592764298440950576258456304489718376232679005096792745196247277470087343391980420528617555895378645953135886610299602441266441723226428391588157736156444613726063019318392854849900475195022136031718027338006885143495400148991612026475061549128771579469399688047443213714850946586517753626624
791 464238268063460871994537559389317158853675886827294774554412597069363110094907884104874339661766721462417676530973848391680839027877691833065214196483720572653351607395698773400118364891646137356770208924926775643877047068522183776585370892569352280352561893487950053380422493669224595816283755237835332640008204039140569023161516906047529827097110147508573220208182065698254710904175905354367044885947622637032208578893877776574944269868972386848313707882324546546298234252863388650885800336801687504061538970601834259386134793253474622667368378468682534315914470464671111925635773052790147852686478589407173825585690178171650150258110818083731479406936408558761084308728821987736678279447150383630975016454797666899535390594219688507172085288989373914756626915623525538120004500352461568612603919495821439134366381840785918586580520975243289567131003074627813396152487619737635210666344527841192453707904935868598519989545983264830548740400480256
792 7413753338296409411963732571587650623443945535533974243200021569249251504734471962770602309962207990908059398952780956980248441849818285996573301822933396239599577202458844050635733670615590938283183480120161575513124169191130718650680252294885948575179395972420292365737086466017799044040610554917216548731333629561638532857460411174375812306129781714027082154988067157048488741263769223832547857790111451957396422294995154602986516380162076536968670526250029129887299117722532006031076968568684238930715073000139343515005246133706130380804268134727916589569464546631790506671110060853175868024754410774186644152960184855011509411526908963818575663545114246522289243229056558625622555799271881979107173478977191154555686857373344311762988449975529978373902597281246030547695112139234927277087456063205878492590404181278268276019698298108426456304187608288681435766025899064747727919678298661203873627309586573429121906795117638309645771593089339392
793 118395818907010736759652614359070433493427190280533706520571704362540721855391934716629749019753021843326637560815016049658897080576206784059094997779657134692298866347248209778959578953665721924188394832640688870711900344721284807074884067374867628598217276601776768990447949777965008888498309455104482259772199750427700226635089184526848105530435448782668974906744021691726177478785985514892042629861571004698655274054471594442257831635820885418152389828148948388694442476450222228066181624291115090530109677486127362316394240338568701706543856637597744591120570037414984709922102351111876655819999980645414035057584199343288554962567444911342666961472609320743014552015000353133769288400779718232088365853980500421753348006168261011334670700215934656438340957381544727836480206195981768330234718527837200541390265193114440282422437197187265437063328405417118759185294327788959470832303629499743004423388698490377818699105182300390585567197331472384
794 1890756639759978807869126055166892536860570618946161371901542139564926618058404300810100121456277536294812839093464861799796104773086272175902578835030064767732705991203725462383143488589557615009351201383653788968793958878452682886827033431903719249357646622998401970363652890421767934330079550049478294152478985274034035359081489516702529135983433540726683622213597546474809193872439110036281168072212019469138365251150736147906731701992525290158729742450158178083861458101301633714979617019885579718391321242221828611718892402637242525591283810615228796333269014476484955987718412540401015553360974628472514659102460201738247165534137966678270074990366829377396428270432803042429281806807267096779229829247348006727995634567004583357399426492836032255872712515746567999799226570012230766704789442632332295688150989463486199747260395763412531170402896826647809809539412154663895228659915793798456241376294578200498006318664298259643032660983809982464
795 30195062666832738518615484126315269637198983423961794566090731241230122591544740185282850717204121676758436708125234119198478066005723922535311647416885307438442310045654368904442280764591623901247506625781421667928132841800579282249219047987488464356750025692128006475452460949698115166850589856884885050340605796249537679478263009926252908440015518232634360995319601901929712863332484096441545999056600699882605199630544486753438858637919166069052369795691373885061005109476357330460019852499374396945412912933487142770577354267438334320715716677859458354035559879528081571173074651782248110096137364441595912800387561899443712112742631687441203412349979308944309086365921874043473865962441394450495963317091230678002329285171481430015421438374808122147960749295053054368376718304515097024676039405219798402173322449271789011646807202726989149868156325918924990948515426989934740689587616968904687454137662858414516463505791442012177856807847487340544
796 482211170271677706333415166409953642106765427899785568839231861073982821176855146060607065294426450814384860478249178967222387064123420052282841285685040401438848624106636168946330281800051096036611162426564061127449678846825496453572436653501966288101190324969026700297325161538899385887016235216935903465366150967236553228024796420383710583029923913444772495343273350208452661208863653310623330834137155897032205714567486039303178845725875464343734328913607370137849047017992027167603885825585947989397569178694712850334396335073179416995855079050506120048489641675535220203519578227377590550863094492359723773084039825035680473279563389245890865468371317795610985139216496666381369328696540217972861683435118550891894266068345387744147146342516854306055180995800307964433388848305094628472690100143501397114564344995933077935581335119716216174462404782329244480540507534839730232377094670198267798769385356525007755979406076772885571747012276544045056
797 7700867040211428329939475335854126525430937660879611445074775956460675230097150938051417904300594710089597480099472763120612703490523534381544639860946433215499636200465210351456812726997028467350377172415366218672107457713742404481080957146704787877089256399231320615155828625049864956089977534142974141144261431834965538366475406003766589928627217003990800050799540326698058854704419023149767016080488677451030780513680260031771885763282367047866405234210821316084547292032404091018450783946252011855035808703512583949295591105368839937694559841611617250809217988403452827302657930702695026792191138887313111977060076214921170814749138534009148906416983013849759100954179542494306464980180092046073066630879926172958635896383889384912376840283272801978693452442667174137714011091758885750383633629738498707304706027363330939745346005336113591379129485159065425786752974820860315622127298686384064054590673235075632603670015097084449555142058310508347392
798 122982412644450341093811825617171286964901724075405344583262470967212001893542605805761274035558745323322403029926250710242987910767928794133580864990902000526846041216254836734967899122114908276782602032264350377445531089989643058634202312236036969454603299094170820769800515712350017462983889121886202366017583421266547562253587876604799691976897429673005293556671834782775208150439254190962549541356570003077957905673137094147108490246672054219697812064941457464067323977366968579847389651975256262113129288222852559312173789514444850361158847321851738510768308186624716731518993997845833836966316448839702301846730914585857439439842795584698535871349789950875867885495624051166497606146683289013903493692135740781526395337573692582202254683858986568720522078246628334069213684220606843753325633972886168951663192257083352627934361313522626142576679437605338005208630239909822905761968353996237710532475670794518986870918785941221755564188228821977923584
799 1964026822565900937641363937758648517877418619032171457888492033406019109709140777707698419989433422731573943001303992366455361488202640091718695440510370877427641981595885339784385273990004891106424224067551088679430811634426647030744305664237314760717142548497342271958565206278889139412881277554293001861597219588449158504961947690294609942071773952743600081545072844906286287814885065693603520635981516160133303901805377862390576771984962533350428256620225856277280838803193542455051482450143044952676833372280752762584869504229314919661078718385896348443117306866740867256824751714177523056416435335629279510315358566746691245831161590075048975641802514566299594598816358406334750024832150547873062269508457916993255397945166167469958169726912125353324715217948886609871981552822751319361459472334297898823432163775700731929156323077669841527457751481639805698280368945972406523159023017499663442299883348850859827074523359757175309418677560367218950144
800 31365545158821077079646020187372566530256280411958698163925913761249333477440314677707385577046455982932820299096550085172938376595791665456999654843563434165513846654230122383862399104270997858616864523600891851771767307159390691643993814218656215629427860176501048034831411039563374010831527606095155594777682147949705448877887788195283198949331156439783262826150632991828418652588575333810120663912082780660517218819574472266564009293508822720116463132633695042713422426980390248356624770357920513146903316945570976688673099662382078228247886416014625484004040732164106826916261757285491923025142956169325391167077497431374493170203298215898231505909895472237788834025670911090646594564683849402971208527559876351386559013327138535518610525843986364942551427697507579333854914246721042459016934124373969328181507125532555616793742459596235461463669100644768655808309571166891886872559067251119260275395520696686326956239496932719158278076404813669144781568
801 500909517195476792827457412223391326403470551394360285385471999881987134591173347954339055913235232961149232357684648968336421939565343503121907872234334688140975592935072134123900945478399644382888036560985310229930139282854535343895535643158721783038947357292753274540566370776638983678940210918877586321759821826690475752962398951419081615277493960473420813489882054940030796318724449059024181263476468564088730553602468247405735466408580087285345722874841187900379147086664571880209392148977143082257796739357316595204034088774915189235429510996669184876367470041866001696669404488572782803084219162132968562758178277418723810613878646012302222314934324019878246566902449314650885988170522943109507535313637292515235113718373608415719565824477813817694395405977419529468558755358183760767038069350953005190539837717815435663188522004019438536309152555259335986397441908325799008638313138730176559207583860804268591836937154940913126209818714204708106652672
802 7999571803570759266241230959315458066224312805254978080874263938423520123998519447128222194093928501030960204386630612147711053838123485655723971775569752471663824347621651790249349598151165467234595452428245403253019098110695028794005276475331238437665586995901196870355594648606827796101334287951214976781603743255067261320892856891585608237216425772565359596548994671198232079377002176012887735600437786477750941237842747933004027278457933519880895331983255641725828239408702731583104975599822259591321661548141095034588958423974969514110712362821557221596927382634810413340407747980816218254219946744753517967421557940789404125673365091003666640573318965328451050958495155690923086961244111901592844998070477910869578570069091199104775560674612744381217841370138989585857584698248951688675842433803141354004811083295000646917509029042176683976929565478076185528880440396098158178009424231901179238201635626856555268127173818421195859532673210051008380744704
803 127754207073097561044037215723887023519255083992007088746626668702832517756963657348887664189934191266436721358163763587289044840333103916306034868437609396884630558734220855273253655359280721509113878497449604140581325822441717198688923341499750055627722044615220763937833000041874870042390758361287365530164332764099513581786766442942947129056197303838979601390700722860374173753298289764369449747654309757685064833844505964796922743769297342162950066355846509892139275649475775053896750646712336307549201666954352197486248430553245663470012886470336703413931926217473875576536262592912876210072704270919637316080008420780027069827236165974991553138240737288467956624996772495888406597829850781865428313553429300225708006867793934407239809404066304988243141932289125412868629646033086938891046421454969492194999896153635950652474748722085016235112310382738092908820600262862897232638202242167508491369080106475183547072677976737590678767416711415319021963051008
804 2040256124887752181965968384767919140677035147015522039840844019969429722710787511895750731122482933603167143658621624545873238801183642898453713004387130716063620558105209727170672709026128544421419390421669396119211695526096843263774440622495281359064139821956691049470555055883823034514494039363460723663409038325136782383337600723210560631921829592348992079856535028028866787741922198068458930173001656687123435967124456611316928844772296094181833983032060268175729055769792399350527167367734852667950687115151442383066631087119807954588246174441803140501157760976326391272298736449893953051141138258445684831854937233805919446760111208848072885305876488205050264888442938169631507624490208665174296838179240502877696244894052517471288597550215481406653173959654781466950610474013927797780549538135827315418049216640046533522765890326476256401892876147737570795460912143094259639471796881354965380569740560806211084134461643181333923726700539567901991007781888
805 32583308243958951300993804743409757753829977818661005277020709300334744626785396612305030791642647867562134579503573529988801651948452843852671679482385842157275897144289460935289172831572189797744706466880231762295911552790174025138132967391024116517036164187375241416182669690145473804009968513491723262430657382115206829644511787011574277704246050132332447504948428204653120353224533221579168846170710385620065752269639364906618572021030366572374889568004348448581104012913812481204720249840238390893626941169764768525440810931938333125699229362526979867648387694011685035781049535440369465045696444575368104863880087827622502931046665804655679429505016130359438338396302914154325127804519880800270497789775666973316878257518564038271172938866315865071358086121104282489712405373179405003930947788156430970973017976293266736236323304521405617437419428195888154608329054576598807953750325819807337497641676006717492099261917027810457434107542993322979976279191552
806 520363310826338197042175685559337482619097731153569888903166730300635576908824203203473391060027095067292962871920324701663915746510446139519820251365487808363166198990514239758008401266857352544417573794399601356127417382511678671658062740402015595079997899642088081609967834061710924266893675084951882618046813352741827306233377868807760362600374587729110416868656570847333902976087028755011140517061962493739088062706783155673002154502805997932820351265021661553020301859434331675817928603807938878229730838749225264615531151734479918398387560760088864703261345734877396942180164067800054781518042412140247831837734134754554136216857427986037180193879675212628737401777520567129331643270495784151142770419015327206419844747827009017537536603663824966081556340927905830273617263308232088314284965762626653354627094211511457803747144674567678454481484987588757073172285302263498770304195578262878299184115173193341290050366536887473014501508648932393547584074170368
807 8310347066754837899563824373125737193561910121886464179013923045191259841431261088194770562712588116479792365443619968088319281181194471263448080097290553656138273996745488003871492759821600014739038699112380480802543365947186136300744438662735920258743678983582784702693107551209289575292858462640569248393457453068086323903441119747700133189959041772558434904728310275208205909641271478814449462460463736413081134426404020856954984156940496442905304392158454225632372891629551538197248448065887187168311557725702624920171227699604258929598473566717861677244744730841538454778704627056209492693128860202346833736644538214501037491939673616460794626042654010084983138458421398315295717970627661476423233247751633440887134785857773691536430650531139701742853020572560581624488723887224902690565549443477806493784566810601432494865971378996665271355778077178400904054846400471455222301652709615777586700126229145270156981290933823684954649158216472892249315626029285376
808 132718863730054070497830064091609286187267893626374360787047430104729124752024799842240567518463368126954394198311686387290826476146049564330247989324491497739861228339297928384835090836180120436318640622170036822597078578576205337516847927861306104720435488117586421423289101039380026376711789710037286192914321746441228036233899466664196288072414935111093605157668670781484788138729430117664398139003305260067128509929991498065703014677827622084524629153709294297931269977804849702825811409942226927035866483621094580140437549785291358678430384982132368101988070731702796051116098117293670691899629750780126313140988829110247262860051763589626916770460176497405282042162312710810713788690177403413276637052477383728752889787549804104240937733949715821268356342659435456687300991026440279995229122216333574862500779585173337522861920392042233161471300666675060979481035975015567771962593152971189696529263935813409601478588852256474202124198164559854959759002696215552
809 2119566979986559454310678607658597703618608378424645086927163727434134480741424739731240040356637538458188514578675316085192927755855048983090181321345080368652382239696112265275976201482731772885161819149778551136712929556972849441536567152637131714582486817028191574298120704936116727753336644744871182386212110286860952568188206608497212341559286187476953153894520149098442805154300995465153445376130309965534711127905322358199340734754697341278142206967908160676706244214363423790005299037996456043334047183528207237030781328131885619115442273394969022061122333386289969537002626251582600829247194321256903243873574131444660225216884282562862924398629140690659497127969639587405268413508567573345875158072914387115630737488604029728059957435414781421239441579609228165735168579707066456641525157444123072125014041647840110662283912789705247662329395294486769592878869819044551411772713076247793323498577806799561469381473321761161913295378013673710524941680125734912
810 33850308437875369953906005050705119555158217879738533350819845218478450674511678240696948157722385425783213282095857441902201794725557221080049668617026298838292949106552435191417260665980557293158687934920528117743977068314996430775017751937193786094675808792341373486771230120513035792554526743120795876897452340694245115988115485201383027333831442380809689875855628659228865233818921564441026596666817486374205444427917391381574108153606831536283668226983067021447700434477963506037010484786732876257606084876581018199521569960475498367277100325239245334731221643639971432504565243097070461577586096324449996542000327770352103437186748056455058539038837083358160963235860691917263969015475983921331976668231325155081327830898594493500248102437576447496817315085261607220491392691473856737613184762671241686852188496613657032865362305903069763734288765641633229828052626836496980752446201826088109953702914514716805598257587100790180614059497830165681328525266734526464
811 540603816825755321465438108015539569302353461475040514044317855924622281183975764553500231929215352693526253201849660613655437730527706158238295116459620289403409911571995092582831069568857513085014025138116307518377070410281298119559351523202293014907102653516367929232239759511903934680703060117830562719199964141949493251026709650416614962198455663877333588849902041504826373199112521448620479753028853872801699226899088741238834379047428125672185031265846755957026784723048022854961933917378674127037493273504588423147966778938295104997194725273230438387886795634729759236279005904985021139493800526030624179559476268355741617797871058389475366998936825997462784077531995767842039602932071917053936128938880850421539566426679626733798869656740588228465259829616483974341783423928953395366164211298384066661772043456242218281812942778230172821670987341161337371999692238102738021538943576255999369370436322623199532510813385044227880072771599957526614604334174716624896
812 8633692464146263553513709549128789908963313222427143274294933468180732190873915829951093664268466505091055658339744147916279451237334899812269007096213027551596229132332303433803418419300016146761151090838160812912028098654499753632660552544986878097225639834847696797659947927125861129832044046872568357823381579748000266376113498292042541338534631713896530945752942546988513971788193104811074576978670250994926124174156400080225748831728862355939283182861153137394868563323010635887238551304481447763995493594660200576983374249267822403588943030796406051121198516039950922307485639428157723048731801150582241160032644577025407730517325511230989869213615608898815194092885429957752466186478813040426363466924598261342415345304952491736351560413553287330682563671361395400133710564642695635112133006467677033716246771521910412039103617367136601466004760755268236830782365869104213539205559626740111880018621986614303233037432769910090225289858873429229882967929555460227072
813 137884366925623529724133106203305322730408168773542724803557623959763808764140051044479953665235016743204142810358402331132450668821543243337754082366619357719982846451269550141852774728417060437803745776039685107360729689544133068702652952008579311009739765420963957881040479157803789570035026295978929645006559722640705017522763590745074151520016878024823378899020557623593662849177834511681014029775006747425793463845525531474290226749208079144874685455872130108651472841915617878407545872436184775963927652814758107704288059514860206422408251029939506119495249376378144352857014892996582920069105753458540055321922765322591436676710015744021361786717381537413800536455466276300491303094262823893581669249862860715963295492391337252781409228305175730824450965465388754933285915756697415952356923062586389770296294036967604349695071888715079637444811908046873551214966169067753938818931617473857258591883427760672109126400007360025571577532231833200874281152711891956793344
814 2202086979699732031242387790356017312414941032001824281313371689142471875443348662028666800467235545623372284623490187634484718266989555013384000346588482683015721773572965659542596336014930624705414226366897057171440696181451087019187431650271767318288360840359322086313354448169599443624152696429526996519931411077370048155451997866376497891593931403643677992256152158545650476334280165363469842617840524628552968406214559138665283241792875905167064746324440399788056365614880261230065964706139283441785212413979289379706162721539357218854584087417011411242985456895586928404058341433178437421631062523505413806373920866474867814735673477371566289690361315603941853157783663940580691169648805991573298733718056122148991065144514907789727733787692638855538718434508884286640635769278428639636328494311745083492323215166781790520379097056810548522555926141630111939558953747328861990004575381073673775252578420536081825712773379742316634988871339091959671650359209545492332544
815 35168584700871018462339048215792724176538174444842885737334112954934991281035882264392293390294796541002226772880051593826386086521948420779777702215383958352195271186336311084079566677924153333068723352982808401603074015099562139039957222456827809603867326868052732664120750825799531484583152929925687888218423351206957273654238790081959523808718625218626414422313138804959476631164470862067845583478757207919505232754634354386887244805139488565374642642609031738773443103342433970351565023257974310577959324536624061270722485395767746233112564379841511559873318517987456384925166659648772757807501795005554288127925808624855708560212640907164046913978242818021365378748218280207140747856150439548816366411756054970667568080987593637013129180442898182733030792155660695135828467397374230019255794918453053432913508821539419999175933655019387006243730683352663975510803527188280650736868297768529016700061777596423620565667748949225924854132701045229018434855270910718617059328
816 561663618491829134943924401287699649889766457775228432897616097402572653511590963371287342212710035203714010449604613939367575362285437137768014995083552917680358319953582606896120599069239368055131113724095569241348282613659304111208158342356837248571465319530737698337297359434818219264514922718713492426615547000094971174740530830080241362723148009505520593016537567724198848729868388475011851772545655699651286578776110041633952327769172957798862148040325745302316317998937811768889482515178005424004539764182726909668555555128061473510667795254392860003853780503060944919070032534878355662115959240201520489037377917054884314530058763015721622720199378195007296267427951500740567405043691207868914163341489560850561420244043384270557016059929694397590336025018292185086806411029488100865099686251845434435004687223037011449377421083309906816679585352777220463334569606865207971599677467921397693208811206132870806136279984684656314651658297549280123538278501800704738783232
817 8970128688705708068764312320285038947039366496267009810397314593819836617166903244033686238595882959427092722738735684281309137906077589904982828645791010720147562769955958637682661050918451554228934596125316181473732887343249011114027963314157167631367025967638791845246959538803501530671160988226361465767080250555832838504516761751847715475630808950881975808964778895322967945134119997717007739140430148407394685857945585556622571909352512061176162284780708129009460714434697235424097237012387310923674057994311546877474513595323164451654946731283857833570149121620727079771967632409038513020465465741857186437846108781777451118857225529535000301589099957388555322088833819910546341305530852356632426684700755185970949424152419113727236353338744015829658176061530728557669945963540821101634071561145249256588447230570435777018555815723663837228244897155537921839981438855824517230287508352738114080952824883811236067387211115737745204970895886112764860963616878248628320845824
818 143259037530315979475157604852325639543892114585338595335505459633451523072800647446501003571652876043457736066705589725217425966206224108787238335131682131144374777305407244338978301729694682280543071325022043234780951285164041771918953239073079523417580412913317443632944497533635145824633211589086561724482986577446373489853481286050125796638176627813825360711565221508014857885811550364861495036997546148900625224397225867165773380113274756740557713734785899627722026527657466188694650151734444070733993035316518829770229795710852545425788926120910733019877396031142954556229678639694353230117552445638057840122526267734672735281668163259768343013589190048671127068449556763420489928319201619641837292959896305961179779717158641558189120164230867902898185320156555011785044376507064600680043739687994449749738686605489238326313064921201394585920735534468920629654693344366486177536711773999298289425391654320692340869664761212270072714520583401750949183250559956284472229838848
819 2287949094806143609087971150752771440291654581664984474703282081693114702336925268821802103034070418857864911233453318249209857574639917899713866632701982851308847096344608710322682436906271463951024441491931011399230570750086707875076278057713773965127208259894930527917468437843439381537968062985561721746254212893603315574288128053647702723878909148853521482088435901933240565330129538297269246870399106640443466913204495015675684553339405670052937102787209983917603504915430187467545629119363023692785606917243800890502693656682314435593014252780163526228816562611904242534639209393230924635796687964088212771748423236017057416963016324270683049106216760531667514551665914768937678455311161849579927179038265658620921050300122162473968774523741382030621999999814796837413729361209811428996082181776924654882908556326734257657383348482914548832137231569238858238127240544229066291120102053111898150968090953657830450139523929248156438972262183916288817071370992775022781656465408
820 36540261960133732758737878426208633486534981585481899487863791445086364754935891716404430971758053492755812660938144885176290541122881166258395934696930151735742567988238333037130384423027720653711448644078082311218761007718621134256058687154262902136776017313804319001099183344799199755043270114522741970445716152898213524904565280761695360042270873605062635915521223277727181199331997323756246849592174478952231422721240805640135193631079506574603222716144637513155384655984724203229231925553017586758430869456361267398600242375848763352315402540714394228815238026202296636171736621370029852839456259903809815728493046848166480353916292520084939219674601865671312346556910876202676755266206483180825947807513073845770704897419572090654319565081119700497584337756452805636886876736671155129478991973070662086337865595843212326560021050133938358602394000886393894396785169000049796445198474546659655705723889822047740205813136792025554308566589165567513829583148292131319590139772928
821 583576673056797690002842305829797568109537081223335700355339392765247650775207457354844882695682189375242840733327380104163432601415004752866371088583577757389792216822129318166961219988024143855852938190502106001000124470751197731606030570199380888248095628178552758460477990663257597369430655658820956173567590224804615914159967861354008271679526740683179702742800976740679924476894873784182739848001735890428384927258392253735183974602543155464188596959667236729373298748549065972374137936238682137135305719504522957303677028025885743773269053724538175437318487769159172912685274630606991156288492900927438893966616733879438292859062124150959674380232803046818755027111780214038472900696148864570882197645526911078230900643674397333048271519828867474100217827337712503247950181127476017706011122991685365597619796010233137602225573856179825857524437244382173149274498085472675126917337196232124479154466972137865874728568903611391892351106381538932148962591462198914561075136233472
822 9320198391807221520916729041514405036704668010914858395549669457209454340636508280810614327122670666689475256639312041332186529958029890697878973491137129894207867126156568291647657312310162818562321457216941787412436053635725179180345238520918869963484793735428105921992278992801626684651484082788578187795466584885606181893326543493577850412055432568884020860258208712578568800587571904935929039771367989325393204084627848369283945369864634574114724891160880546746998405759081934573784911522810595191317798898558730221467356444402582604873302300986757221057344467312406998733396136096409735055057662767770529502422140148270054088767137181544591378337163416232581512324737331019219101301398084900930540848811823286630223768335859281791301125706181686924444660892341786266036452649355674349502603436178909478746097956290071964072496823565731047985128357221442239349825095225502287501301664275299974613395209100494736851300900988014918709632449357078198554001983689094272860738097250304
823 148851547357434374432703000388811600575811785096164561324723723004540677621038565301654690265559050813420356571334458426584315517518380423852136593196904260567628056930604350582327998715739070584921997114783442995724847132044500776518695948406380932668103932427557350589228001462038667352469576213361889027532546757944599938584834729797248296496745344691243249995439737964180333445775694374252402989733656448722522694308076641705972011552983771536434581387619883563143782518719677120685289855221954626570709752066311434011003004925124385284099037925326783566133298153655433971211894205700229900137078805981270036259370670384032427943954754532713562637189653248612309719288019324810042713721129099718003019428539525461105894047887109993060064920950581557586769633347895950085938061682148141218143212900989510105774531207551408981767498463077669112736144665521437369507071072545851875572414943053125645704059941935834767006942197755040548718234656964122834836086345824386939229114055262208
824 2377291904911451180917278668084416170855450208199521385322341510153883895734055788276696238259146731905953026933882172477813365177469697104030821477507453070526130424964054076108154290345031438141889695454561414124671695048238635552740872571901796262208326522591112136319678462714201137094274265678344229421172638558069944242787086067394547984611053934174845868510609161696999650736981128042462756762363881685535795930289748369354848355477376293931127152524508355196918459209577648819217345118451014224554840752922343788968244799335194702149031639365630827276229676324319887904973407667730213588405375737200294472059393709657465235785071947554536282945729511178149461721553822782008359012874164993583597175298365186107549887768073845121432292242109416413210611883644816706101167792830942778748619255336342968572767233779947992454643829495066427887730987180340183747852919832468730384342257581572943243230615924520561772792321325499577490115848977105219042834514485491230789382032399433728
825 37967554784132746502170195233556938926696164783814342510319424996542694181852343476020410323925612552167878007963647965536864128279946094051298012122163869333247121324593992276279329777460245867938629894438934386996195111309106967236449127891531996812779432974291954862091572489760948235475312368068858912417653600198318541086607967238760976553951303374915646966233964162075829107483979365678299987097314000025137295040803842698474110388020011142497141777517676613521141413998743521605976820966891469409914452371808856010156911778933180306734438672920457264506371575094101966585240964975768970781718980148341063885769499258970565299410052735451932389459885647664794810115231345846406315226191466663787302438160781627316879493001793316525007103227155805601422618998706728983069007104894478214756997208477098581259163438725743611744234635800205265168046945226690556802297665743076643837464031053608331083079952556060478474955987883670628859769910537287980775124974097752578672276287168577536
826 606378370417109318706278580851366983448910685951862231311062558007087438152534732173398375192755894543178162679035548985750225554059274135092416595938662940029470046733691334125291077053638481631789175905576017664197543557344870256534837624457944996891933277931162993875030492878456865410652602709939557240487767270739337186763026979018275463601473939694065198230703364223731144518077499691638039262407245433118496381472270605531045126671826667762657776471105141416205250204930846208616258813393422414132906577910798579217801028282738261031497135343238232075440523483163799627773084828236830850990011864254594588409234127524225826879173395614867086675024164014694062840928006438170296954492046211158255033892097697736404087029427639213289430260924993206454457561220835054790494644136286710797043953793820225754864331231700016360799548995343871067395145513311621326725393254484390587392665276690146080819134026049264437759947116576639602598380795274203503212265477451671228644959400621113344
827 9684467121957226460854383965061013945855950142189118554473604094542342273306439285169184387991470582803752211985480877882368741803244829560640113405315707347629550025467645679240743660791658614711120542609707785604204254041765683215318503056959141067709536534634980335012687046317177602483431583777729167464674027928065520869835823244764767415984442050705050743828933858479641637306546881395439334595610497897720884146824582010636518393438567542527474443929191747403486793489269615569372189574016768005458208228496770963670495746917075816889811095926217911379179441636205331984737236166837103202177031865378407625102013389242094489167973030576646042656629729038801975835400398280617472067983143980319361189060038588983348411214151037863763621755107501986397948865622685736006279487245107175363375437292809744721022557991009156150440655566085754520730710381170404176607697087569767792939046266053562993068784826852466331162665361323342876523518726952486822210959635955830974118091663928721408
828 154670934167208874374106330316111681214756394064565379986176126643842032547285667309899973961221360896896932881289193521731391425905380470184604064992137278693086410419627222899697726111189649992752471487621864722679044764149816183245839798201097027683220677989898109333504520205599449470078418610030941788339217523260085908453860709572261118527544399052664197400377602837182812165157213652650299895014421571126830773659036850616493571791606437020269030629690773839313433255709190484430583142614192667870275712420659091708228315093980907092459276772958445680353621529223519692926032964325994742185288732923156968141032087765028123933905218128905974818025836710354811337300947734616692958243193593811581828240822825981953398936230024767996496362378680715592875892276545927912992567407452298736679599434976726343474286371947834794755095649959832639339083665147175879531861935074734704885945828302261662926333592381832677200303396639733263730043143462704873179187020074558573062157687329361494016
829 2470259838268732375265294762254005817859772338808853294840002035255943243757379559794202512077528068833535693649544503307192727255760384575262032058155358171353013002482080026421761747126906812672858988730934272998072296087755142906680342781438650494509053526554886303385035620424196034331258778071972266698287455763907233901505389198042933806381629855795835877698166297807425026906115275429813043793159426190143065517555548758713102434007039376680427714982947896569728338162532434881742446204120747281060671115469564600868076992223910682232757849495548145070619563320127171762093872543963201454399001263897536538631963613484078194390387592354856124032220608763875679215451292883993545866696430212724965946583692083064843684382741015755359033720873783176446233681894137239342343992055547102344115293913575119813409536444856298753645043991948822458258369932586662445199497550437091535450327254210419168085008761389708619589500177708451653759685901786463161765696298867875466950762695897436389376
830 39452771215827134227692542529147505041330610234916888381466419220083288491669792036843023622221845922246410844977550408939533804152680524269864568324811137385679439681383337033661528852116313876010926122781926965617194749958232309883940767548286596879306229052208070040770853454719140450518295079310349384070366448141054247296620454106096924218829885961970535047931083065486165264838648161819244754908377322767813181539808480136619728856686324764450952453166595833018870602552245912168469025021151249540662171950722314704573293492701055238056957835237799683167646183653830869118853821480803872505235025892028091938982483372224365998664537314899724668385599056731702063107635176998249185106801703860727071309570118052773143118476964311455514299535296129546025815162976003456471411011334859478305456438880367404526849085543986676581457737053559690339569411326468966501221854040714897724280398081417491961271495300941235193759439674082884975448664139727518927085788635908196263039771951829859958784
831 630105594402112262378289899041418789878402041482237796298764671605957441930738386624843124355947246334730164242653776834378390691447017693145421726225689627362750728594666813964999348115928052303378572021146051634386292686180698057476454027532281345501279985192596055280241005550711615882309308905028827085738200375355660231553799305728716460429609013584654410792004614626454362329073098003505414609829039459327210495647644532733058730327999421401088156242742899566065276571056278350149620683490725809634993373976674014880511810702688484468184945078291159476375555702776353838058631735005633993846274517971188431015923532142777260953677679800018838274696203935939554453279756596433451890330678531053518690554755985511532678101915272736019673174347423007863436118709360107199995526215434956865178797698853453327835089766296481473565936036179173840290443755164627471010744405593801000289647991142786547125354078492248700145539700381447823361841969988391289581545256452509837646030713571854522515456
832 10063524304092862799431123860209150241500499745027237937434120249580134801287546796498646564069151218187290255936294559178971871787993006448936859571967751098850677982593571788444446338990571325272352985500063224309430478868998731891617897527657318559034707532622507951199528988326825684571954087949385843544434024584514393136399760961154353458800804756945292560103009991775512581399941889084520626995152327137225489309801261723537267197081942375675837656423409528156335061696713858412747482305599378063186414655774999968961529254073318057005824367473192439488799035407002844258303148448332330193349897747680053219800634886288096000316629708659883221287147467117391624591304301328572266179891800444134070950874036832418852044668019084333832612261080584699030375429989142849210974409281343541735021895992653924320794629774342833589417420787891997485684177894573363912805510536623555810814433843314533825472072608301404789108183931383116970742555236218020566762168695256462314103157523175138554817792