object_id,right_ascension,declination,phz_median,phz_mode_1
2676490972653389862,267.64909728159967,65.33898624569308,1.2100000381469727,0.8075490593910217
2676461222653504031,267.6461222640827,65.35040319386528,0.8700000047683716,0.9151633381843567
2679575651653516229,267.95756515944566,65.35162298090309,2.640000104904175,2.8501064777374268
2675884509653534831,267.588450950803,65.353483193478,0.8700000047683716,0.8358505964279175
2677573415653554404,267.75734155156283,65.35544044071794,2.0899999141693115,2.1075363159179688
2678584287653555961,267.85842871992185,65.35559619427795,,
2678935809653583502,267.89358098430114,65.3583502879982,0.3400000035762787,0.32862553000450134
2676471970653595467,267.64719708218513,65.35954676993786,0.8299999833106995,0.8209763765335083
2676298231653609437,267.6298231577524,65.36094376895754,2.7100000381469727,3.841538190841675
2678175673653624535,267.8175673725369,65.36245359696237,0.05000000074505806,0.03747745603322983
2678436275653640385,267.84362758554767,65.36403851978,1.690000057220459,1.554592251777649
2678051737653664392,267.8051737089779,65.36643920210301,1.1299999952316284,1.0423009395599365
2675184001653683167,267.51840016617103,65.36831676558364,1.059999942779541,0.8578546047210693
2675689006653687351,267.56890062331456,65.36873516722396,3.7899999618530273,4.37498664855957
2677514680653700567,267.75146802567474,65.37005675299089,1.2699999809265137,1.3814873695373535
2677127331653710538,267.71273319682473,65.37105384812978,1.2100000381469727,0.6288864612579346
2677441372653711140,267.7441372234489,65.37111402795408,3.930000066757202,4.500732421875
2674961821653722219,267.4961821049236,65.37222194983966,1.2000000476837158,2.025067090988159
2678287232653754573,267.8287232425159,65.37545735321208,1.6100000143051147,1.4072933197021484
2678612749653832364,267.8612749559767,65.38323646689352,2.690000057220459,2.733013868331909
2675690498653886072,267.5690498371098,65.38860720030586,0.6899999976158142,0.7338688373565674
2678340417653929359,267.8340417763669,65.39293591981918,0.5099999904632568,0.3582786023616791
2677311044653944604,267.73110443847145,65.39446042925995,1.0299999713897705,0.3471922278404236
2676140677653952885,267.6140677635385,65.39528855404478,0.6299999952316284,0.5100443959236145
2678046899653975181,267.8046899052988,65.39751818393668,1.100000023841858,1.0966298580169678
2674599367653994057,267.45993670399406,65.39940575726747,1.0,0.9979850053787231
2674767859654030705,267.47678597063316,65.40307054895055,3.0,3.33494234085083
2675048795654064889,267.50487951780747,65.40648895565535,1.309999942779541,1.322792649269104
2674224494654074522,267.4224494859227,65.40745220818371,0.5699999928474426,0.4619736671447754
2676929861654105375,267.69298619013205,65.41053757845681,3.1500000953674316,3.9875566959381104
2677494974654121621,267.7494974289445,65.41216219235487,0.9399999976158142,0.9235180020332336
2674880162654143275,267.48801621466083,65.41432753754258,1.4199999570846558,1.2491177320480347
2675266920654149153,267.5266920671009,65.41491531803261,1.850000023841858,1.2098006010055542
2677320715654167832,267.73207156117246,65.41678326921725,2.6600000858306885,2.743696928024292
2676906996654217561,267.6906996175724,65.42175612829968,1.5299999713897705,1.519431471824646
2677558845654219329,267.7558845147422,65.42193290368174,4.53000020980835,4.596990585327148
2678165160654230419,267.8165160179061,65.4230419780277,0.9900000095367432,0.17153136432170868
2679528031654256826,267.95280310098116,65.42568260305369,0.18000000715255737,0.13091915845870972
2674836389654300525,267.48363899995,65.43005254476276,3.640000104904175,3.9813144207000732
2674993854654309051,267.4993854287623,65.43090519009168,3.7699999809265137,4.216017246246338
2678381476654312257,267.8381476087913,65.43122575023574,3.059999942779541,3.1743271350860596
2675497371654319631,267.54973711893444,65.43196314672834,1.2000000476837158,1.2665379047393799
2675893225654332747,267.5893225659339,65.43327472533213,0.25999999046325684,0.2458912879228592
2675962787654358077,267.5962787176571,65.4358077623964,2.5899999141693115,2.8172659873962402
2673907548654412951,267.39075480685796,65.44129513516879,2.25,0.6710968613624573
2679472424654407298,267.9472424109448,65.44072986608543,0.20000000298023224,0.17838186025619507
2676675898654416082,267.6675898847716,65.44160822966641,1.100000023841858,1.0427238941192627
2679277115654410693,267.9277115017262,65.44106939753779,0.3100000023841858,0.10069537162780762
2679049526654414703,267.90495263342035,65.44147039745737,0.5299999713897705,0.16079223155975342
2676253288654450216,267.6253288695998,65.44502163129336,1.059999942779541,1.1315546035766602
2677022896654450056,267.7022896524101,65.44500565422452,1.840000033378601,1.8229318857192993
2676278685654464177,267.6278685980845,65.44641772184858,0.7200000286102295,0.7328070998191833
2677041686654489425,267.7041686730483,65.44894258139371,1.8700000047683716,1.874658226966858
2677037694654492130,267.7037694544549,65.44921301075172,1.840000033378601,1.837380290031433
2677193314654499297,267.71933140260455,65.44992978014878,1.2400000095367432,1.223840594291687
2678294916654499043,267.82949163044816,65.44990434523925,1.75,1.3287676572799683
2677494954654504927,267.7494954304336,65.45049271812906,0.1599999964237213,0.1242278516292572
2673706020654511984,267.3706020202789,65.45119846432912,2.1600000858306885,1.5607355833053589
2674898190654513184,267.48981901014895,65.45131840752525,1.5199999809265137,1.449060320854187
2678816391654513455,267.88163912086145,65.45134555306804,1.1100000143051147,0.9474902749061584
2675061233654523273,267.50612331345394,65.45232733956264,0.7900000214576721,0.7902728915214539
2678274520654519855,267.8274520527653,65.45198558062455,0.8799999952316284,0.8738507032394409
2679671775654547799,267.9671775847775,65.45477995500043,0.7900000214576721,0.794986367225647
2679419450654556569,267.94194506127485,65.45565696684127,0.49000000953674316,0.4637758731842041
2677252014654563594,267.7252014605739,65.45635947052742,0.6100000143051147,0.2622036635875702
2673661829654568447,267.3661829607588,65.45684478814917,1.4600000381469727,1.4676090478897095
2673809731654579409,267.38097315369254,65.45794097321468,1.75,1.7125282287597656
2676860855654601902,267.68608555962163,65.4601902463278,1.4900000095367432,0.70749431848526
2675930720654628778,267.5930720977097,65.46287786777944,1.1200000047683716,1.127431035041809
2673395692654632075,267.3395692831219,65.46320758502968,0.8700000047683716,0.8597968220710754
2673816106654697914,267.38161063852135,65.46979147548804,0.38999998569488525,0.4003104567527771
2678775829654727964,267.8775829990503,65.47279644309751,0.8500000238418579,0.4633196294307709
2677486269654745410,267.7486269804434,65.47454105066481,3.7799999713897705,4.118205547332764
2679180764654741242,267.9180764925935,65.47412426221064,0.4300000071525574,0.2432914674282074
2673989933654746796,267.39899338555534,65.47467961126621,3.9800000190734863,4.000566005706787
2678485523654762401,267.848552368554,65.47624016724473,1.6399999856948853,1.553450584411621
2673798611654789199,267.3798611153042,65.47891996202806,0.33000001311302185,0.32999542355537415
2674515868654807431,267.45158685404243,65.48074316655766,0.9200000166893005,0.9218257665634155
2678095387654837834,267.80953876448774,65.48378346036709,1.5,0.9296174645423889
2673378158654846588,267.33781581851105,65.4846588512976,0.7699999809265137,0.40009719133377075
2674056394654852905,267.4056394232354,65.48529053588845,0.07999999821186066,0.07999332249164581
2674462911654928954,267.44629116595945,65.4928954256362,0.7200000286102295,0.868344247341156
2674476318655003820,267.4476318350284,65.50038205199078,0.6600000262260437,0.2611485421657562
2675495453655033919,267.54954539976785,65.50339191180166,0.41999998688697815,0.45995640754699707
2675220588655040150,267.52205883213475,65.50401508798167,2.309999942779541,0.6179754137992859
2676709535655047550,267.6709535379131,65.50475503907288,0.7900000214576721,0.7683256268501282
2676832179655054481,267.6832179453811,65.50544817016225,0.8399999737739563,0.8498472571372986
2676257108655077448,267.62571080663383,65.50774480168431,1.9700000286102295,2.167574644088745
2676544931655078163,267.6544931891455,65.50781630587444,2.3399999141693115,2.4936883449554443
2678032570655080347,267.8032570554507,65.50803472864335,1.9199999570846558,0.9338282346725464
2679198153655076711,267.919815386058,65.50767117582915,0.11999999731779099,0.12746794521808624
2676976222655112913,267.6976222704175,65.51129135263695,0.17000000178813934,0.17043261229991913
2675521083655115893,267.552108306186,65.51158937518079,0.3799999952316284,0.3271598219871521
2675075408655116517,267.50754083622377,65.5116517574371,0.9100000262260437,0.9051361680030823
2673737090655133304,267.3737090176671,65.51333046466351,1.0800000429153442,0.9965299963951111
2674173770655136169,267.41737700252105,65.51361691442459,0.36000001430511475,0.33224740624427795
2675353807655143162,267.53538071514424,65.51431628921483,3.869999885559082,3.968829393386841
2678887480655158890,267.8887480659009,65.51588906386299,2.380000114440918,2.4118285179138184
2676135983655182962,267.6135983535267,65.51829629848756,1.9700000286102295,2.1607654094696045
2678498161655193822,267.84981611641854,65.51938229823199,3.4200000762939453,3.5150961875915527
2673974605655204347,267.39746051853825,65.52043473040693,1.659999966621399,1.4037697315216064
2674220660655204096,267.4220660704029,65.52040965883255,0.28999999165534973,0.2878115177154541
2678685530655213538,267.8685530367459,65.52135380485788,1.440000057220459,1.5121937990188599
2673134860655237493,267.31348601675603,65.52374935742932,0.6600000262260437,0.7273251414299011
2677464153655236986,267.74641532311585,65.52369864045605,4.300000190734863,4.345770359039307
2674680221655260642,267.46802215676195,65.52606424583244,1.0399999618530273,1.042986273765564
2673947121655276216,267.3947121422392,65.52762166072944,0.6399999856948853,0.7825256586074829
2678325413655275443,267.8325413744636,65.5275443090216,3.799999952316284,3.704716205596924
2678766072655296921,267.8766072174457,65.52969218398898,1.5499999523162842,3.163053274154663
2674692050655307387,267.46920500463375,65.53073872577613,1.0099999904632568,0.8869943618774414
2676357994655342391,267.63579945987897,65.53423914268224,1.5399999618530273,1.4475674629211426
2678193873655341270,267.81938737116457,65.53412709853045,0.46000000834465027,0.461458295583725
2676616082655373398,267.6616082941539,65.53733982912495,0.6200000047683716,0.6258575320243835
2674154869655379572,267.41548699891234,65.53795720628834,0.41999998688697815,0.42153018712997437
2675694455655391761,267.56944551043716,65.53917619837249,1.0399999618530273,1.0412582159042358
2678431963655391235,267.843196311502,65.5391235723217,0.6499999761581421,0.07046396285295486
2677868276653311588,267.7868276439506,65.33115882709524,0.6100000143051147,0.6141162514686584
2677108334653353647,267.7108334839551,65.335364749285,0.699999988079071,0.6936591863632202
2678765601653362357,267.8765601792254,65.33623570041698,2.0399999618530273,2.090775489807129
2677692993653417518,267.7692993953094,65.34175182208823,0.7799999713897705,0.4340415894985199
2677783241653439158,267.7783241470408,65.34391583571147,4.019999980926514,4.376528263092041
2679331286653516291,267.93312862721206,65.35162912495704,0.3400000035762787,0.3310942053794861
2677617198653524037,267.76171983410956,65.35240371739921,0.7799999713897705,0.8561866283416748
2678614256653538056,267.86142561090907,65.35380566505386,0.6899999976158142,0.4270492494106293
2678579472653547240,267.8579472503511,65.35472408737553,,
2678701164653562881,267.8701164731957,65.35628812964755,0.6700000166893005,0.4596053957939148
2676634122653584864,267.6634122850917,65.35848649561362,0.6299999952316284,0.12374801188707352
2675746009653598326,267.5746009706817,65.35983261052357,1.159999966621399,0.8678471446037292
2679763879653613927,267.9763879298439,65.361392793259,1.690000057220459,1.614833950996399
2677569931653632168,267.7569931623809,65.36321689781894,1.440000057220459,1.4110714197158813
2677338914653638858,267.73389142766456,65.36388587630677,1.190000057220459,1.1965222358703613
2678498233653637320,267.84982331353666,65.36373204766906,2.690000057220459,3.17922306060791
2675815701653649745,267.58157013271585,65.36497457928262,0.1599999964237213,0.16025133430957794
2676396038653650784,267.6396038365963,65.36507848759193,0.3799999952316284,0.3813976049423218
2676765773653664453,267.6765773052764,65.36644537112338,0.07000000029802322,0.06999580562114716
2676306646653726829,267.6306646415142,65.37268293455313,0.8600000143051147,0.8539420366287231
2674962585653731564,267.4962585912604,65.37315643535334,2.059999942779541,2.035662889480591
2675569275653731148,267.55692750204867,65.37311480029179,0.07999999821186066,0.07656868547201157
2677483442653731891,267.74834429067397,65.3731891618309,0.5099999904632568,0.45950818061828613
2678097164653745615,267.809716481269,65.37456158560006,0.6800000071525574,0.7194790840148926
2675153477653761694,267.51534771809924,65.37616943669582,5.199999809265137,5.2827653884887695
2676443402653760145,267.64434024621545,65.37601451416421,,
2675894919653775332,267.5894919677512,65.37753327481833,0.6499999761581421,0.6835145950317383
2676864547653824398,267.6864547303918,65.38243986099454,2.309999942779541,2.623218536376953
2675726135653869649,267.5726135543541,65.38696490058163,0.9599999785423279,0.9066464304924011
2678443546653894181,267.8443546251081,65.38941812680744,0.8700000047683716,0.922936737537384
2677300631653901053,267.73006314844235,65.39010539357004,2.569999933242798,3.8363752365112305
2675316761653940773,267.5316761629146,65.39407731878379,2.759999990463257,2.866683006286621
2676368688653940577,267.6368688285921,65.39405779760207,0.9300000071525574,0.7653620839118958
2675619943653958868,267.5619943287979,65.39588683960935,2.8399999141693115,3.794764995574951
2675994744653998303,267.59947440275835,65.39983034251254,1.3799999952316284,1.384881615638733
2676817315654002763,267.6817315662971,65.40027638942156,0.7699999809265137,0.7929077744483948
2675473223654014420,267.54732234075374,65.40144209902432,1.309999942779541,1.2517756223678589
2678227151654033557,267.8227151449716,65.40335570829,2.0199999809265137,2.7509469985961914
2675849352654053346,267.58493520969336,65.40533468964948,0.23999999463558197,0.10484479367733002
2676588577654080518,267.6588577631956,65.40805184260165,1.3200000524520874,0.7430124282836914
2679102213654132105,267.910221385252,65.41321057061944,0.5799999833106995,0.39239025115966797
2677027837654139253,267.7027837842812,65.41392531375453,1.850000023841858,2.0542798042297363
2674136952654146039,267.4136952334403,65.41460397204878,0.8999999761581421,0.6914889216423035
2675641706654174932,267.56417064239,65.41749324621736,1.6100000143051147,1.5617876052856445
2676614613654175620,267.66146131197013,65.41756206341158,0.30000001192092896,0.296804279088974
2677621172654194618,267.76211721267464,65.41946182603975,0.9599999785423279,0.9338741302490234
2674704551654210369,267.4704551674578,65.42103690602744,1.1299999952316284,0.4522951543331146
2677890467654270940,267.78904678902217,65.42709403345675,1.1399999856948853,0.7822605967521667
2679568201654275351,267.956820161745,65.42753512261628,0.20000000298023224,0.17261672019958496
2677816888654294938,267.7816888611067,65.42949387687128,1.3899999856948853,1.4091416597366333
2676579933654320466,267.657993397281,65.43204664326893,0.46000000834465027,0.4360192120075226
2678858013654333161,267.88580130509655,65.43331618308063,1.7699999809265137,1.7923080921173096
2674415051654342569,267.44150518634046,65.43425692684599,0.5400000214576721,0.5655491352081299
2674187207654342993,267.41872072564445,65.43429930466047,1.940000057220459,1.8851585388183594
2677109821654339698,267.71098210746766,65.4339698598003,0.7400000095367432,0.7342774271965027
2673922018654359526,267.39220183579573,65.43595264223613,0.7099999785423279,0.5894224047660828
2674675694654390970,267.4675694106114,65.43909702262361,1.600000023841858,1.555932879447937
2676837691654391637,267.6837691794038,65.43916374276343,2.119999885559082,2.1845200061798096
2674789147654397847,267.4789147084213,65.43978476210124,2.009999990463257,2.0545806884765625
2678817529654395544,267.8817529492539,65.43955444391732,1.5499999523162842,1.2683396339416504
2679721422654427454,267.97214226307915,65.44274543483003,2.5999999046325684,2.834367036819458
2675312470654446446,267.5312470626016,65.4446446053795,1.6200000047683716,1.369150161743164
2676531314654487209,267.65313145861535,65.44872097814856,1.0199999809265137,0.9416720867156982
2675981904654504116,267.5981904654154,65.45041167441359,1.399999976158142,1.4015789031982422
2676424887654504657,267.64248875376603,65.45046579782672,1.9800000190734863,0.31833305954933167
2677765861654545546,267.77658614553906,65.45455461593028,0.8999999761581421,0.9278191328048706
2678058621654546549,267.8058621286931,65.45465491617564,0.550000011920929,0.7027202248573303
2675986137654570019,267.5986137422209,65.45700196626376,0.17000000178813934,0.17302995920181274
2679094618654569862,267.90946181366064,65.45698628574391,1.649999976158142,3.9870262145996094
2675217928654593031,267.52179283531456,65.45930310913411,4.090000152587891,4.7007551193237305
2679098043654595840,267.9098043545666,65.45958405967463,0.75,0.6110475063323975
2678945954654602083,267.8945954620225,65.46020831382344,1.059999942779541,1.0544999837875366
2679169716654602267,267.9169716304566,65.46022676299106,2.140000104904175,2.764899253845215
2675865612654636135,267.5865612837341,65.46361359216084,2.059999942779541,2.473647356033325
2675493463654649352,267.5493463571168,65.46493525275962,3.0999999046325684,3.0980560779571533
2679180555654639904,267.9180555834737,65.46399044642787,2.109999895095825,2.3325417041778564
2674845650654688413,267.48456508467643,65.46884130414267,0.20999999344348907,0.17949970066547394
2674555064654702191,267.4555064632734,65.47021917042812,0.6499999761581421,0.6633961796760559
2676331811654703354,267.6331811705712,65.47033545194637,0.699999988079071,0.4625811278820038
2679523176654696940,267.9523176007553,65.4696940939644,1.6100000143051147,0.6900545358657837
2676446774654714546,267.64467745714956,65.47145469409844,1.100000023841858,1.1076918840408325
2679550103654730530,267.9550103727397,65.47305308745412,2.0999999046325684,2.5346834659576416
2679168001654742731,267.91680014901044,65.47427314743801,4.800000190734863,4.867035388946533
2677152441654754940,267.71524419237517,65.47549403548905,2.6600000858306885,2.7557106018066406
2679578801654768315,267.9578801326427,65.47683154393515,2.930000066757202,3.0650575160980225
2676605653654799914,267.66056536272527,65.47999143194612,1.7799999713897705,1.3003498315811157
2679464040654796843,267.94640409746455,65.479684369098,0.46000000834465027,0.21810640394687653
2678388104654809847,267.8388104672542,65.48098476015728,1.600000023841858,1.756162166595459
2676424654654826447,267.64246549505316,65.48264479644841,0.07999999821186066,0.08013487607240677
2679719141654819818,267.9719141616826,65.48198183300512,1.0800000429153442,1.042815923690796
2673650503654838288,267.36505030130684,65.48382880694925,0.4000000059604645,0.40344908833503723
2677259558654862380,267.72595589286516,65.4862380761728,3.130000114440918,3.378232955932617
2678335255654916416,267.8335255366822,65.49164161421048,0.8799999952316284,0.8641517758369446
2676111240654932451,267.61112408434866,65.49324513418456,2.380000114440918,2.7823684215545654
2674686787654945511,267.4686787155348,65.49455118283826,3.180000066757202,3.3445820808410645
2679192016654958409,267.9192016055035,65.49584095997643,1.0299999713897705,1.018140435218811
2673703597654972632,267.3703597492307,65.49726321405583,2.809999942779541,2.9133946895599365
2675566092654977786,267.5566092207049,65.49777864328988,0.20999999344348907,0.21071642637252808
2673438650654983385,267.34386503731724,65.49833852735738,0.8999999761581421,0.9165098071098328
2673499582655012707,267.34995822184175,65.50127076168799,0.5400000214576721,0.46003180742263794
2676750533655019112,267.6750533050381,65.5019112283602,0.3499999940395355,0.3398958444595337
2675850198655025110,267.58501982778284,65.50251103981564,4.039999961853027,4.246719837188721
2678702681655031056,267.8702681794803,65.5031056358271,1.7200000286102295,1.56145179271698
2677482508655036374,267.7482508439733,65.50363744262042,0.7200000286102295,1.2480247020721436
2677063672655044862,267.7063672373277,65.50448629230058,0.5799999833106995,0.6168319582939148
2678987222655052998,267.89872228911054,65.50529987849731,1.6399999856948853,1.4037574529647827
2674675134655093039,267.46751342247296,65.50930391244502,1.5700000524520874,1.2973397970199585
2677487678655091180,267.7487678313724,65.50911808774791,3.0299999713897705,3.021543025970459
2673767077655115164,267.3767077810277,65.51151648683914,1.2799999713897705,1.276273488998413
2677796042655113347,267.7796042259256,65.51133476700471,4.699999809265137,4.774343967437744
2677925855655134233,267.7925855053897,65.51342338327026,5.699999809265137,5.773225784301758
2679320765655154765,267.932076561081,65.51547658340608,2.2699999809265137,2.2363600730895996
2676216759655196757,267.6216759858642,65.5196757018961,0.9700000286102295,0.9428806304931641
2677019546655195959,267.70195468175115,65.51959594185281,1.7799999713897705,1.5587613582611084
2675053781655204421,267.50537817803007,65.52044214838861,2.0,1.7830796241760254
2674642150655232460,267.464215062972,65.52324608261192,0.41999998688697815,0.236818328499794
2677053276653338655,267.7053276045049,65.33386556726397,2.6700000762939453,3.056225299835205
2678483754653407541,267.8483754654948,65.34075410351377,0.5899999737739563,0.3798448443412781
2677679154653420657,267.76791544163837,65.34206573266631,2.069999933242798,2.239201307296753
2678806028653423203,267.8806028188345,65.34232032179938,0.9100000262260437,0.9265089631080627
2677497264653464602,267.74972645624905,65.3464602891214,1.9700000286102295,2.054922580718994
2677246089653488746,267.7246089061114,65.3488746943143,0.6100000143051147,0.679678201675415
2677314698653509982,267.7314698884644,65.35099829413795,2.450000047683716,2.8322408199310303
2675722682653518896,267.57226829401105,65.35188960100976,2.4700000286102295,3.996523857116699
2677535798653517954,267.7535798476238,65.35179548629014,2.819999933242798,2.9861485958099365
2677556719653555550,267.7556719059261,65.35555500419125,2.799999952316284,2.8883728981018066
2678494218653553860,267.84942183528267,65.35538600372466,1.2799999713897705,1.2967034578323364
2675706426653635024,267.57064266189667,65.3635024439006,3.6500000953674316,3.757662534713745
2678071228653648173,267.8071228157646,65.36481735328933,3.380000114440918,3.9761104583740234
2677462517653667460,267.7462517250997,65.36674607102745,1.2799999713897705,0.4624195992946625
2677710652653664422,267.77106524959913,65.36644224372569,3.0899999141693115,3.1914403438568115
2675996251653675074,267.5996251407441,65.36750748893114,2.0299999713897705,2.0545389652252197
2678411232653680580,267.8411232535524,65.36805801941958,0.27000001072883606,0.2546398639678955
2679716548653676724,267.9716548005922,65.36767240416755,0.5600000023841858,0.26414087414741516
2679015743653689266,267.9015743456959,65.36892661597122,3.0199999809265137,3.187861919403076
2675342768653705134,267.534276808588,65.37051347946942,2.7799999713897705,3.0655517578125
2679375672653709799,267.93756727238167,65.37097999515693,1.899999976158142,0.2986997663974762
2677935660653732566,267.7935660720777,65.37325661039071,0.6800000071525574,0.6860133409500122
2678820483653877027,267.8820483736809,65.38770275869528,1.7100000381469727,1.4329960346221924
2677472099653885557,267.74720994636715,65.38855570709441,0.5099999904632568,0.6176711916923523
2676564388653888831,267.6564388843749,65.38888316313982,1.75,0.40839752554893494
2676245547653997792,267.62455471516176,65.39977928562334,1.7200000286102295,1.6862553358078003
2675985938654007653,267.5985938016222,65.40076538946046,1.4299999475479126,1.4201501607894897
2678183393654040026,267.8183393017839,65.40400264765773,0.5199999809265137,0.6240552067756653
2678640921654040244,267.86409219670935,65.40402447023794,1.409999966621399,1.5604941844940186
2676239642654045860,267.6239642819396,65.4045860029042,0.9399999976158142,0.9578267335891724
2675203617654138709,267.5203617744883,65.41387096225957,0.3799999952316284,0.3800288140773773
2676824640654136827,267.68246408645894,65.41368277649306,1.1799999475479126,1.0433248281478882
2677320770654139474,267.7320770557046,65.41394741052922,1.3200000524520874,0.8360740542411804
2676873919654165810,267.68739197662796,65.41658101084033,2.1700000762939453,2.467409610748291
2675201838654177175,267.52018389481975,65.41771752611764,1.7200000286102295,1.7756820917129517
2675488983654189203,267.54889830471825,65.4189203235666,0.7599999904632568,0.7665493488311768
2677604337654188939,267.76043379214457,65.41889390115004,0.47999998927116394,0.3121095299720764
2679161212654201644,267.91612120322094,65.42016447049211,1.1100000143051147,1.062138319015503
2677948305654239841,267.7948305641734,65.42398419993471,1.1399999856948853,1.1448397636413574
2674084196654246452,267.4084196757415,65.42464525044403,2.6500000953674316,2.631965160369873
2677482142654242538,267.74821429436975,65.42425387924325,1.1399999856948853,1.042564034461975
2677950701654307905,267.79507015562365,65.43079058853846,1.340000033378601,1.4076672792434692
2678806489654309904,267.8806489238812,65.4309904998384,0.8100000023841858,0.8750642538070679
2675810193654335539,267.5810193619039,65.43355396013264,1.9500000476837158,0.8169926404953003
2676975352654338944,267.6975352327828,65.43389444204675,1.4500000476837158,1.5739866495132446
2675361693654368809,267.5361693753853,65.43688090514665,0.6000000238418579,0.273835688829422
2676920925654390998,267.69209250774725,65.43909981789007,0.7599999904632568,0.7680098414421082
2673546666654415471,267.3546666065246,65.44154713808746,0.4300000071525574,0.39616721868515015
2677528725654417350,267.75287253207694,65.44173505993223,0.4399999976158142,0.4622782766819
2677516365654427459,267.75163657588325,65.44274591064062,0.7400000095367432,0.7399575114250183
2677153034654427922,267.7153034493868,65.44279222899443,1.0,0.9911383986473083
2676120356654443573,267.6120356051155,65.44435731646936,1.3600000143051147,1.3552166223526
2676533175654463929,267.65331755761224,65.44639293394971,0.550000011920929,0.4598524272441864
2675027772654466827,267.5027772828383,65.44668272566452,1.4800000190734863,1.5853806734085083
2679445494654461491,267.94454944428554,65.44614919131283,0.9100000262260437,0.9317106604576111
2675228666654476061,267.5228666720751,65.44760617350802,1.0499999523162842,0.9329172968864441
2677013997654512403,267.7013997020687,65.45124032637274,0.18000000715255737,0.1845288872718811
2674898083654482099,267.48980834177934,65.448209916698,1.6699999570846558,1.6091458797454834
2677333642654496176,267.7333642962673,65.44961767412725,1.3799999952316284,1.3495193719863892
2675578596654503932,267.55785968997975,65.45039329455275,1.309999942779541,3.639845609664917
2677395243654507114,267.7395243838817,65.45071140554728,1.6699999570846558,1.6635464429855347
2679407230654509022,267.94072305927597,65.45090226008602,1.5800000429153442,1.3704135417938232
2677590215654548861,267.7590215173242,65.45488617441595,0.9200000166893005,0.9278765320777893
2678728883654557644,267.87288833825045,65.45576448151972,0.44999998807907104,0.5717909932136536
2678696471654569466,267.86964717506396,65.45694663196136,1.2200000286102295,1.2228301763534546
2677566738654591919,267.7566738365529,65.45919191180589,0.4399999976158142,0.5211670994758606
2677193856654608932,267.71938567756047,65.46089329789376,2.609999895095825,3.200333833694458
2675576841654623206,267.5576841513517,65.4623206975988,0.07000000029802322,0.06954144686460495
2674585658654638055,267.4585658375366,65.46380552766921,0.28999999165534973,0.108538918197155
2675594634654636727,267.55946343804635,65.46367278569411,2.930000066757202,2.982710361480713
2679021917654651188,267.90219179490606,65.46511882989397,1.7899999618530273,2.0548415184020996
2674567614654665655,267.4567614171102,65.46656558492774,2.869999885559082,3.165645122528076
2673693522654670545,267.3693522342872,65.46705452316453,0.4099999964237213,0.4067755341529846
2679562685654683701,267.9562685816809,65.46837019269795,1.1100000143051147,1.083033561706543
2674803510654708943,267.48035101095985,65.47089433085449,0.6499999761581421,0.7053066492080688
2674893067654714470,267.4893067799309,65.47144705571904,4.679999828338623,4.7435150146484375
2677591271654711456,267.7591271517782,65.47114560709339,0.8299999833106995,1.0428733825683594
2678157968654716954,267.81579685678525,65.4716954320081,0.8899999856948853,0.8508297801017761
2676765538654741214,267.6765538381083,65.47412143822169,1.4900000095367432,1.025119423866272
2678253544654743617,267.82535448657006,65.47436175144,0.1599999964237213,0.1170017346739769
2674458391654767842,267.4458391608948,65.47678421683072,0.6100000143051147,0.6643015146255493
2676794390654799714,267.6794390922234,65.47997144484242,0.3199999928474426,0.3125064969062805
2677825056654803410,267.7825056561898,65.48034101127219,3.059999942779541,3.169111967086792
2678286478654828881,267.8286478479577,65.48288819016321,2.009999990463257,3.1649508476257324
2674998524654844111,267.49985240179507,65.48441113429652,0.9800000190734863,1.000293493270874
2679709774654852628,267.9709774667996,65.48526286862237,2.3299999237060547,2.427110195159912
2678783865654877511,267.8783865306212,65.4877511277798,1.0700000524520874,0.265808641910553
2677016826654972611,267.70168264484056,65.49726111365841,2.2899999618530273,2.3019216060638428
2677472063654975255,267.74720637445336,65.49752552853103,2.9200000762939453,2.927016258239746
2676277373654984398,267.6277373802417,65.49843987432232,0.4099999964237213,0.4671710133552551
2677333116654993057,267.73331162823354,65.49930570257102,1.2799999713897705,1.3015230894088745
2678263901655000659,267.82639019489733,65.50006597344722,0.07999999821186066,0.0708128809928894
2678128825655003914,267.81288257369016,65.50039141684535,2.2899999618530273,2.264799118041992
2674259441655016072,267.4259441123169,65.50160722462607,1.0399999618530273,1.0606520175933838
2675564920655018347,267.55649209542185,65.50183472328074,2.440000057220459,2.4749226570129395
2675175968655021449,267.5175968775657,65.50214496866505,1.3700000047683716,1.2641528844833374
2679492016655022948,267.9492016376179,65.50229489687749,1.7100000381469727,1.6611511707305908
2673476536655055333,267.3476536506405,65.50553338735789,0.4099999964237213,0.35681697726249695
2677373209655053851,267.73732094069766,65.50538517170959,2.2699999809265137,2.235692024230957
2673630217655059927,267.36302170792425,65.50599271897737,0.25999999046325684,0.264835923910141
2677320893655067957,267.7320893953752,65.50679575659281,0.03999999910593033,0.044583093374967575
2677372148655085997,267.7372148094431,65.50859977842445,4.449999809265137,4.865614414215088
2678522098655090825,267.85220987743105,65.50908255144306,0.5600000023841858,0.5584872364997864
2677449679655101181,267.7449679490399,65.51011812958012,3.940000057220459,4.186568260192871
2674467551655131163,267.44675512492046,65.51311630355573,4.269999980926514,4.339231967926025
2673255741655145136,267.3255741241365,65.51451360061333,1.4299999475479126,1.515006422996521
2678958391655151215,267.89583913588297,65.51512153922874,1.0,0.9688713550567627
2675716574655173968,267.5716574838005,65.51739681266928,0.6499999761581421,0.6549792289733887
2678078536655175798,267.80785360048117,65.5175798121482,3.9600000381469727,3.9724297523498535
2674555413655191206,267.45554138844756,65.519120612481,3.049999952316284,3.5206363201141357
2678428942655185721,267.8428942045354,65.51857213559092,3.390000104904175,3.661698341369629
2673615584655232073,267.36155846979244,65.52320733521394,2.880000114440918,3.8376266956329346
2674145987655250096,267.41459879825885,65.52500964357701,1.5199999809265137,1.4042631387710571
2675256883655250459,267.5256883903181,65.52504591617978,1.0,0.2696159780025482
2677247368655252446,267.7247368082332,65.52524461821372,2.049999952316284,2.054522752761841
2678213272655286051,267.82132726078925,65.52860514871873,4.320000171661377,4.373427867889404
2678152019653381624,267.8152019847582,65.33816245723283,0.11999999731779099,0.12771210074424744
2677911207653407426,267.7911207238201,65.34074269125303,0.6600000262260437,0.6736853122711182
2678467978653417930,267.84679783363237,65.34179305898047,1.3799999952316284,0.12804606556892395
2678855572653417685,267.885557248814,65.34176857891126,0.10999999940395355,0.10115475952625275
2676050108653456184,267.6050108998955,65.34561846241208,1.3600000143051147,1.139990210533142
2677698096653509940,267.76980965037677,65.35099400516481,4.619999885559082,4.830619812011719
2678544892653508168,267.8544892578503,65.3508168363537,1.9600000381469727,1.943877100944519
2675756539653516643,267.5756539357843,65.35166431717795,0.49000000953674316,0.4622643291950226
2678088907653517011,267.80889078747447,65.35170111783755,0.7900000214576721,0.7946870923042297
2676461238653588377,267.6461238583145,65.35883775566364,0.9200000166893005,0.8619678020477295
2677149086653594955,267.71490868700386,65.35949551021342,3.9200000762939453,4.596405982971191
2675544038653609674,267.5544038682221,65.36096742353907,0.7300000190734863,0.7259576320648193
2677337133653614373,267.73371330058524,65.36143730247485,2.940000057220459,2.9493627548217773
2678362837653702247,267.8362837119611,65.37022472969089,0.550000011920929,0.6612343192100525
2679123233653734666,267.9123233712265,65.3734666583951,0.6899999976158142,0.725572407245636
2676327770653748039,267.6327770441378,65.37480393944308,0.6200000047683716,0.3443012237548828
2678740038653746334,267.87400381494353,65.37463348309758,2.0399999618530273,2.0524213314056396
2676477076653770675,267.6477076881425,65.37706759733591,3.059999942779541,4.67137336730957
2677778802653803835,267.7778802550744,65.38038357488881,0.07000000029802322,0.06999959796667099
2679034599653806010,267.90345995020175,65.38060104121506,1.2100000381469727,1.213964819908142
2677509954653827379,267.7509954572661,65.38273792613727,3.759999990463257,3.770073890686035
2675946196653851457,267.59461964315966,65.38514579718341,3.7699999809265137,3.8655450344085693
2675429032653875101,267.5429032345421,65.38751015036704,1.440000057220459,1.4032539129257202
2676303102653883979,267.63031021271667,65.38839796387664,1.590000033378601,0.19423596560955048
2676522201653905550,267.652220132057,65.39055505786762,1.350000023841858,1.4044466018676758
2676141298653906542,267.61412988151596,65.39065426707597,0.07999999821186066,0.03826156631112099
2679467017653914417,267.946701722546,65.39144171265735,2.950000047683716,2.94964337348938
2678942513653939755,267.8942513421467,65.39397555979309,2.4100000858306885,2.7593836784362793
2679565933653946695,267.956593331597,65.39466953927108,0.28999999165534973,0.28998851776123047
2676257035653982666,267.6257035352442,65.39826662964002,0.5,0.4637378752231598
2676756333653998183,267.6756333142625,65.39981830992053,0.9700000286102295,0.7671821117401123
2676221614654041658,267.62216146922304,65.4041658272728,1.590000033378601,1.5561010837554932
2678045582654045350,267.8045582567146,65.40453500915496,2.200000047683716,3.190526247024536
2677855500654045918,267.7855500410451,65.40459186605582,2.190000057220459,2.2125720977783203
2678810717654062004,267.8810717539037,65.40620041973438,2.680000066757202,2.8221635818481445
2677301504654086903,267.73015046879715,65.40869033069661,1.399999976158142,1.4016642570495605
2678217925654087879,267.82179252935816,65.40878795900315,1.0199999809265137,1.041447401046753
2679416638654087270,267.9416638525099,65.4087270949124,1.649999976158142,1.609154224395752
2674969196654103204,267.4969196013762,65.41032041864814,1.649999976158142,1.5609897375106812
2677303531654115814,267.7303531890493,65.41158140246259,1.149999976158142,1.2486611604690552
2675319550654175036,267.531955055242,65.41750367579574,1.0399999618530273,1.043365716934204
2675703228654175174,267.5703228565925,65.41751748238384,2.700000047683716,2.7887461185455322
2675934941654179862,267.5934941668526,65.4179862918081,1.1799999475479126,1.4084031581878662
2679286640654203324,267.92866402139424,65.42033246325713,1.1799999475479126,1.1653410196304321
2679502685654224097,267.9502685652748,65.42240975827023,0.44999998807907104,0.4575398564338684
2678791078654260860,267.8791078473147,65.4260860568639,3.190000057220459,3.454941511154175
2673884500654270486,267.3884500683009,65.42704865799656,2.5899999141693115,2.92075514793396
2675409991654277400,267.5409991261035,65.42774009112064,2.0199999809265137,0.43460074067115784
2677434594654278832,267.7434594015107,65.42788326263974,0.6299999952316284,0.6317604780197144
2679464749654280952,267.9464749911659,65.4280952151468,3.119999885559082,3.2810988426208496
2679014544654309580,267.90145448822875,65.43095804298578,3.799999952316284,3.941904067993164
2679736882654313777,267.9736882257768,65.43137779572224,1.5399999618530273,3.0439391136169434
2679558396654318193,267.9558396116136,65.43181931901808,0.5699999928474426,0.6252802014350891
2676079265654392714,267.607926581235,65.43927144520629,1.7000000476837158,1.412826418876648
2676339404654429850,267.6339404799005,65.44298508459649,1.4500000476837158,1.461148977279663
2675233823654442456,267.5233823232459,65.44424564052936,1.409999966621399,1.8094335794448853
2673704143654458190,267.3704143244215,65.4458190834043,0.5899999737739563,0.6075676083564758
2679404835654452393,267.9404835907239,65.44523938437369,0.8799999952316284,0.853465735912323
2674361290654489524,267.43612908889475,65.4489524347759,0.5099999904632568,0.48735588788986206
2678970601654481552,267.8970601793835,65.44815522910667,2.009999990463257,2.258150577545166
2677807367654495055,267.78073676334816,65.44950559631832,1.409999966621399,1.393196940422058
2673543346654528737,267.3543346948052,65.45287372177027,3.180000066757202,3.1722218990325928
2678712503654612935,267.8712503027583,65.46129352553703,3.0899999141693115,3.2281486988067627
2678619496654631892,267.861949601302,65.46318923772009,0.6600000262260437,0.4585191309452057
2676402414654655623,267.64024146659517,65.4655623684272,2.0399999618530273,2.054680824279785
2674066766654680822,267.40667665258235,65.46808223582663,4.590000152587891,4.661050796508789
2674812584654698014,267.4812584008842,65.46980143681536,0.6700000166893005,0.6822429895401001
2677433741654699554,267.74337411899836,65.46995546726913,0.7699999809265137,0.6979175806045532
2677917778654718745,267.79177788120114,65.47187454240019,1.440000057220459,0.6661378145217896
2677597956654746794,267.75979569331435,65.47467942550823,3.2699999809265137,3.8289287090301514
2679684357654763447,267.9684357743933,65.47634472805645,3.559999942779541,4.021824359893799
2679697375654780823,267.9697375581042,65.47808238949,1.1299999952316284,0.2810799181461334
2676187147654809657,267.61871478260116,65.48096575294623,0.8399999737739563,0.8309072852134705
2678120123654816751,267.8120123308849,65.48167511223699,3.0399999618530273,3.157665729522705
2674371449654823168,267.4371449805757,65.4823168833589,0.3700000047683716,0.3877549469470978
2675555332654850720,267.55553328223584,65.48507204018911,0.8700000047683716,0.9305288791656494
2674777829654868865,267.47778298665844,65.48688656693777,1.1100000143051147,1.1187196969985962
2676844636654872773,267.6844636887221,65.48727732356335,0.3499999940395355,0.30301982164382935
2678237162654871925,267.8237162282287,65.48719259170716,0.5400000214576721,0.4003664553165436
2675981702654882504,267.59817022644353,65.48825042382806,3.4600000381469727,3.437100648880005
2676441216654887718,267.6441216999604,65.4887718357685,1.8899999856948853,1.8614953756332397
2677748069654885944,267.7748069154282,65.48859446334137,4.420000076293945,4.59942626953125
2673392129654912219,267.3392129269514,65.49122192751841,0.8199999928474426,0.9609251618385315
2679146402654932921,267.9146402501538,65.49329210032609,0.14000000059604645,0.07225042581558228
2674217891654945899,267.4217891252058,65.49458998957624,0.7799999713897705,0.6951321959495544
2674320591654952319,267.43205912424605,65.49523191593491,0.699999988079071,0.7240387201309204
2673594483654960253,267.359448397411,65.49602531370495,0.41999998688697815,0.4558945596218109
2679269727654953310,267.926972765942,65.49533100570257,0.5600000023841858,0.3902731239795685
2674292865654970477,267.42928653719355,65.49704775461706,1.2300000190734863,1.303053379058838
2679222676654971273,267.92226763272237,65.49712730699792,2.1700000762939453,2.187579870223999
2674319374654986879,267.4319374372584,65.49868799503375,3.0399999618530273,3.1850109100341797
2676073998655008757,267.60739989415544,65.5008757641925,0.20000000298023224,0.1139443889260292
2674870110655023624,267.4870110974281,65.50236248680116,1.4700000286102295,0.9323211908340454
2678099947655038391,267.80999477564535,65.50383915533315,0.3400000035762787,0.07167743146419525
2676671701655046086,267.6671701809633,65.50460865759244,1.2899999618530273,1.2641047239303589
2673503691655094127,267.3503691055186,65.5094127545816,0.8899999856948853,0.9228899478912354
2677226006655106087,267.722600680908,65.51060872352409,0.7699999809265137,0.071676105260849
2674331543655126528,267.4331543476737,65.51265283139536,0.8999999761581421,0.8655110597610474
2677171899655123995,267.7171899160874,65.51239951077244,1.2300000190734863,1.2469383478164673
2679550995655151219,267.9550995971687,65.51512196804018,4.090000152587891,4.208948135375977
2673418766655206849,267.3418766693144,65.52068493615181,1.5499999523162842,1.5593063831329346
2677484387655237626,267.7484387408429,65.5237626349156,4.190000057220459,4.201067924499512
2678199113655259182,267.81991132987775,65.52591820674019,4.360000133514404,4.373705863952637
2678317057655295247,267.8317057080072,65.52952472357272,4.510000228881836,4.516706466674805
2678291516655306356,267.82915160445054,65.53063562636616,4.230000019073486,4.216609001159668
2678455929655308163,267.84559295050104,65.53081636478124,5.019999980926514,5.028470993041992
2674119447655322616,267.4119447251101,65.53226168434196,0.949999988079071,0.9646683931350708
2678158143655335875,267.81581438291016,65.53358759956068,4.559999942779541,4.582927703857422
2676167255655346967,267.6167255915096,65.53469673587546,4.539999961853027,4.729669570922852
2678720425655372938,267.8720425558264,65.53729384672053,0.7799999713897705,0.22981026768684387
2673182099655399211,267.31820990025415,65.53992111970554,2.2100000381469727,2.713855504989624
2675045626655406906,267.50456260631483,65.54069066885417,1.4800000190734863,1.4136000871658325
2675832388655407488,267.5832388594515,65.54074884405159,2.240000009536743,2.2711451053619385
2679035926655417378,267.9035926766187,65.5417378191902,1.2599999904632568,1.302310824394226
2676683392655426882,267.66833921668075,65.54268821321209,4.309999942779541,4.370575428009033
2679565745655423815,267.95657451518895,65.54238157745569,0.28999999165534973,0.2885517477989197
2673818550655402717,267.3818550640937,65.54027170405017,2.1700000762939453,2.5143327713012695
2676538091655438968,267.6538091972335,65.54389681048438,0.7300000190734863,0.39494600892066956
2675541823655463853,267.5541823051566,65.54638539078209,1.1200000047683716,1.2121189832687378
2674793411655475962,267.47934115292026,65.54759626619443,0.6800000071525574,0.6757891178131104
2674994347655490574,267.4994347940913,65.54905740684391,0.8999999761581421,0.838089108467102
2677651325655511270,267.7651325385804,65.55112706541645,4.340000152587891,4.374669551849365
2673617486655516895,267.3617486924699,65.551689548631,1.9500000476837158,1.9502003192901611
2677745689655517329,267.7745689985132,65.55173293369694,0.6100000143051147,0.6186330318450928
2674508668655526227,267.4508668450213,65.55262273924299,0.5899999737739563,0.6005390286445618
2678665343655535924,267.86653436221906,65.55359249506066,0.3100000023841858,0.31218111515045166
2678421576655540134,267.8421576309591,65.55401344195214,1.9500000476837158,1.4882382154464722
2677429802655622521,267.74298025788113,65.5622521365535,0.6000000238418579,0.6252700090408325
2676595583655632836,267.65955832591885,65.56328364278438,0.6700000166893005,0.6268157362937927
2679209519655637674,267.9209519940257,65.56376741144913,1.0299999713897705,2.2356300354003906
2675825795655659790,267.582579551029,65.56597907780873,1.5199999809265137,1.3991098403930664
2679286808655705626,267.9286808013264,65.57056262242854,1.2200000286102295,0.9605748653411865
2673910570655721877,267.3910570453318,65.57218779390502,4.590000152587891,4.8585896492004395
2673757148655747949,267.3757148859403,65.57479492648915,0.9300000071525574,0.903883159160614
2673702715655764598,267.37027158596203,65.57645989235039,1.3700000047683716,1.3678836822509766
2676207695655762750,267.6207695326858,65.57627500775624,0.8799999952316284,0.8538675308227539
2677689350655774849,267.76893503812107,65.57748493752457,1.7999999523162842,1.8147205114364624
2676284360655816923,267.6284360247106,65.58169236414459,0.9100000262260437,0.4233284890651703
2674590495655859092,267.45904952300384,65.58590929892937,0.8899999856948853,0.8761000037193298
2677831258655854510,267.78312586778907,65.58545108804178,1.3899999856948853,1.5306627750396729
2676724717655861331,267.6724717620618,65.58613313525998,0.20000000298023224,0.12379033863544464
2675732360655869337,267.57323608551314,65.58693377829327,3.119999885559082,3.1921262741088867
2676108176655875141,267.610817612195,65.58751414893908,0.47999998927116394,0.6120299696922302
2678433371655897360,267.8433371048821,65.58973608067093,0.7699999809265137,0.768997073173523
2679424985655931767,267.9424985703257,65.59317671592844,2.380000114440918,2.1231472492218018
2679030827655972455,267.90308278132534,65.59724555052615,0.30000001192092896,0.3026396632194519
2673481289655981893,267.3481289925672,65.59818934203984,0.9200000166893005,0.923331081867218
2673597700656017291,267.35977001223046,65.60172913479941,0.6800000071525574,0.7395990490913391
2675852231656027925,267.58522315808824,65.60279255850114,0.8500000238418579,0.8309986591339111
2679416097656021991,267.9416097893692,65.60219916008435,0.9800000190734863,0.8697795271873474
2675251725656053167,267.5251725106868,65.60531673127048,4.360000133514404,4.551115989685059
2674142184656069635,267.4142184310709,65.60696352469944,0.7200000286102295,0.751714825630188
2678177044656068884,267.8177044498426,65.60688849604188,3.700000047683716,4.021395683288574
2676346388656082252,267.6346388189311,65.60822526741578,0.7799999713897705,0.7680337429046631
2676057048656115839,267.60570482346503,65.61158390571518,0.05000000074505806,0.06227915361523628
2679385855656111144,267.9385855561463,65.6111144045123,1.0499999523162842,1.0571370124816895
2674270448656150969,267.42704485327914,65.61509691942537,0.8700000047683716,0.6167482137680054
2675442020656151786,267.54420201352326,65.61517868604068,1.5099999904632568,1.427588939666748
2676931118656167795,267.69311187921664,65.61677957489366,0.5799999833106995,0.6145169138908386
2675435520656180922,267.5435520377638,65.61809221503607,2.5799999237060547,3.044024705886841
2678647403656187583,267.8647403362836,65.61875839297065,0.6100000143051147,0.7682581543922424
2679023514656186859,267.90235143954936,65.61868597942095,3.6600000858306885,3.6646552085876465
2677665252656245864,267.76652521452667,65.62458644036961,2.440000057220459,2.9319710731506348
2674989708656262331,267.49897088016,65.62623313230716,0.2199999988079071,0.23835156857967377
2679764549656325492,267.9764549126523,65.63254927457002,1.7999999523162842,1.7777713537216187
2673815317656386972,267.3815317040841,65.63869728107514,1.5199999809265137,1.2985016107559204
2674568693656440095,267.4568693023279,65.64400953708878,1.809999942779541,1.5330947637557983
2678127702656448281,267.8127702730719,65.64482815034411,0.9300000071525574,0.9287701845169067
2679563659656468371,267.95636598545303,65.64683711289088,4.190000057220459,4.640077114105225
2679430097656473450,267.9430097098117,65.64734500997304,1.2200000286102295,1.2137984037399292
2678890656656586189,267.88906560488664,65.65861890288616,,
2674900749656539467,267.4900749925699,65.65394675279487,0.8500000238418579,0.8591070175170898
2678037187656548386,267.8037187822434,65.65483860517998,1.1299999952316284,0.6296207308769226
2677732596656564469,267.7732596890279,65.65644693056083,2.9700000286102295,3.1778056621551514
2678662538656581745,267.8662538402763,65.65817457413,1.0099999904632568,0.995925784111023
2677687771656661792,267.7687771236183,65.66617924063496,1.0800000429153442,0.12939146161079407
2675649225656671785,267.5649225900161,65.66717859006914,1.7899999618530273,1.4714226722717285
2676939684656714313,267.6939684390331,65.67143133507747,3.109999895095825,3.5481929779052734
2674874112656719819,267.4874112584254,65.67198194103743,0.8999999761581421,0.8741220235824585
2676693622656736578,267.66936223596275,65.67365786941858,1.090000033378601,1.0428135395050049
2676101659656745673,267.61016595085437,65.67456732954867,0.09000000357627869,0.08124254643917084
2678936638656772934,267.8936638557775,65.67729349206027,0.44999998807907104,0.4227176904678345
2674872837656810671,267.48728378497054,65.68106711528416,3.5399999618530273,4.2080488204956055
2676452170656830686,267.6452170303185,65.68306861986413,3.4800000190734863,3.859384059906006
2678471270656834461,267.8471270921251,65.68344617842808,3.1700000762939453,3.389347791671753
2675930524656886725,267.5930524079563,65.68867257938793,0.5899999737739563,0.6086311340332031
2677314222656890283,267.73142228557344,65.68902838201727,0.8500000238418579,0.7948601841926575
2676844298656912360,267.6844298516352,65.691236007385,4.46999979019165,4.612896919250488
2675845855656933024,267.58458552913197,65.69330241058569,0.8299999833106995,0.6991639137268066
2679685661656935111,267.968566106092,65.69351110204727,1.8300000429153442,0.947735607624054
2676084559656952040,267.6084559955209,65.69520401611308,1.2000000476837158,1.1388851404190063
2677786636656994808,267.77866362565817,65.69948086445352,0.28999999165534973,0.3130306005477905
2678241861656994460,267.82418611375755,65.69944604690791,0.6200000047683716,0.6275254487991333
2678409454656993089,267.84094541919416,65.69930898255588,0.8899999856948853,0.8301578164100647
2678608079657027717,267.8608079151672,65.70277176752491,0.6100000143051147,0.6065832376480103
2677824762657039753,267.7824762202147,65.70397532541145,2.7899999618530273,2.8163747787475586
2677748234657060844,267.7748234599206,65.7060844218117,0.8199999928474426,0.960807204246521
2677338255657063659,267.7338255632829,65.70636590244429,0.7900000214576721,0.8079183101654053
2677463294657079094,267.7463294593393,65.70790946576135,1.0299999713897705,0.9600641131401062
2677509959657119397,267.7509959909966,65.71193973977324,0.6600000262260437,0.6733943223953247
2676715651657129585,267.6715651163436,65.71295858668822,1.9600000381469727,2.053483247756958
2677046704657152647,267.7046704775855,65.71526479491811,2.450000047683716,2.7707364559173584
2677477207657173921,267.74772070839805,65.71739216781033,1.7000000476837158,1.5367745161056519
2677632900657181579,267.7632900234941,65.71815794104369,1.4199999570846558,1.4136086702346802
2677930176657200759,267.79301769322166,65.72007595347782,0.949999988079071,0.7769036889076233
2676541813657204270,267.6541813692723,65.72042705563591,0.6700000166893005,0.6884878873825073
2676350615653456673,267.63506150978094,65.34566739176346,5.360000133514404,5.704952716827393
2678455187653519439,267.8455187671474,65.35194395307796,2.319999933242798,1.5501328706741333
2675823074653564011,267.58230741483015,65.35640114898388,1.649999976158142,1.4038379192352295
2675089633653772674,267.50896338728404,65.37726748047643,1.2899999618530273,1.3688294887542725
2676850671653777917,267.6850671355646,65.37779175833036,1.4299999475479126,1.3803213834762573
2674848625653800440,267.48486255367595,65.38004409545674,1.3899999856948853,1.380459189414978
2679321284653825017,267.93212842857787,65.38250173548823,1.340000033378601,1.3728389739990234
2679364121653952570,267.9364121653342,65.39525700222799,2.240000009536743,2.1826329231262207
2678606758654035691,267.86067580460013,65.40356916284516,2.619999885559082,1.4098351001739502
2677863521654055102,267.7863521143751,65.40551022188163,4.78000020980835,4.89009428024292
2678127640654148481,267.8127640519568,65.41484812202523,1.75,1.4141782522201538
2677081341654170036,267.708134178427,65.41700361437728,0.9300000071525574,0.6008712649345398
2678364934654205290,267.8364934983557,65.42052905552781,2.0299999713897705,1.8527705669403076
2676267414654244745,267.62674141513946,65.42447452508411,1.4800000190734863,0.6244099140167236
2676287142654257448,267.6287142138586,65.42574485173117,1.4500000476837158,1.377902865409851
2678991038654283478,267.8991038011135,65.42834788531745,2.950000047683716,3.0994584560394287
2679264120654295325,267.92641208599196,65.4295325750015,2.6600000858306885,2.8512156009674072
2676366815654310509,267.63668155632996,65.43105094027915,1.409999966621399,1.246764898300171
2673808528654402704,267.38085286225123,65.44027045836903,2.619999885559082,2.4093778133392334
2676509413654515544,267.6509413336174,65.4515544424149,2.559999942779541,2.7648723125457764
2678629982654510808,267.8629982954071,65.45108087018575,1.309999942779541,1.5904524326324463
2678901137654566713,267.89011379641533,65.4566713589777,1.7000000476837158,1.5341038703918457
2674384576654598669,267.43845766734444,65.4598669730601,1.2200000286102295,0.9262547492980957
2678155694654621133,267.81556949814757,65.46211332976995,1.840000033378601,1.371543526649475
2675153744654666036,267.5153744767809,65.46660367606887,1.7400000095367432,1.7515881061553955
2679468399654681439,267.94683991923466,65.46814393259966,2.0899999141693115,1.557745099067688
2677717385653369492,267.77173857971627,65.33694928371442,1.100000023841858,1.0435529947280884
2676651633653376464,267.66516334000283,65.33764641366474,4.03000020980835,4.112634181976318
2676947095653391232,267.6947095599566,65.33912325166354,0.8399999737739563,0.8572447299957275
2677503066653391607,267.7503066139341,65.33916073729156,1.7799999713897705,1.5350089073181152
2676720589653446700,267.67205898602896,65.3446700553149,0.9200000166893005,0.9450069665908813
2678483085653470640,267.84830852431367,65.34706400538909,2.2699999809265137,2.237121343612671
2676796609653483607,267.6796609908418,65.34836073199045,0.8700000047683716,0.8443557024002075
2675455971653563690,267.5455971312221,65.35636902016726,1.059999942779541,1.188798427581787
2678721229653580818,267.87212292599247,65.35808189664291,0.5600000023841858,0.5879748463630676
2678701777653584434,267.8701777330575,65.3584434310782,1.0199999809265137,0.4601878821849823
2677836642653645973,267.78366422960767,65.3645973688695,0.1599999964237213,0.09908700734376907
2675833602653669737,267.58336020289164,65.3669737586065,1.3600000143051147,1.4077707529067993
2678497756653699738,267.84977568253004,65.3699738437542,0.8999999761581421,0.99815833568573
2678427657653724392,267.8427657236263,65.37243925503937,0.8399999737739563,0.845785915851593
2679709571653741456,267.9709571837984,65.37414564805626,1.0099999904632568,1.040000557899475
2674806549653754288,267.4806549779765,65.37542889712216,0.5099999904632568,0.4645633101463318
2677802911653774809,267.7802911326446,65.3774809590466,0.7300000190734863,0.7310429811477661
2677240990653791930,267.7240990701095,65.3791930133935,0.07999999821186066,0.08017923682928085
2677151228653798609,267.71512286843927,65.37986099747472,3.2200000286102295,3.666339874267578
2676275322653813523,267.6275322857794,65.38135237747026,2.930000066757202,3.1227641105651855
2679623236653822927,267.9623236939222,65.3822927842104,1.7599999904632568,1.9278497695922852
2675848322653843957,267.58483223789597,65.38439579576048,0.5400000214576721,0.46229782700538635
2676441893653851810,267.64418939989116,65.38518104605267,4.369999885559082,4.559065341949463
2678122783653855604,267.8122783644348,65.38556043050986,0.1599999964237213,0.021028533577919006
2677869515653876998,267.7869515752378,65.38769980063928,2.9000000953674316,3.246152400970459
2678140566653893031,267.8140566283829,65.38930312097524,0.7900000214576721,0.4614148736000061
2677748839653912765,267.7748839621279,65.39127655011276,0.8100000023841858,3.0554025173187256
2675554881653917337,267.55548815497656,65.39173373692422,2.299999952316284,2.402350664138794
2674771806653921234,267.4771806786656,65.39212345179283,1.7999999523162842,2.054565906524658
2679538245653927404,267.95382454383275,65.39274041547912,0.3700000047683716,0.3146721422672272
2675280678653941375,267.52806787621336,65.3941375696874,1.9600000381469727,3.825079917907715
2674478551653977502,267.44785517056636,65.39775026801071,1.059999942779541,1.0826747417449951
2674287101653995155,267.4287101263509,65.39951559094679,1.0700000524520874,1.0705482959747314
2677168906654003814,267.71689068579394,65.40038144766639,2.700000047683716,3.124351978302002
2678680173654000558,267.86801739640435,65.4000558024169,0.5799999833106995,0.461067259311676
2679423647654051025,267.9423647145073,65.4051025599645,2.740000009536743,3.1854774951934814
2676061164654068714,267.6061164735086,65.4068714048566,1.0499999523162842,1.0422499179840088
2675478967654069845,267.54789677180094,65.40698458886864,2.8399999141693115,2.904322862625122
2677297186654070383,267.729718670521,65.40703839864067,1.9500000476837158,2.0547189712524414
2678698163654073631,267.86981632465216,65.40736319699307,0.5299999713897705,0.548337996006012
2678625366654080649,267.8625366753474,65.40806496244477,4.090000152587891,4.55177640914917
2679371171654099038,267.9371171320272,65.40990383129578,0.5699999928474426,0.21710409224033356
2675953340654129180,267.5953340997716,65.41291804667877,2.109999895095825,2.1070501804351807
2677490852654126974,267.74908522941473,65.41269740224254,0.6700000166893005,0.6797698736190796
2679702773654129540,267.97027733878764,65.41295402299657,0.18000000715255737,0.1617187112569809
2677133046654138648,267.7133046042455,65.41386484992707,0.6800000071525574,0.6705838441848755
2679520890654132070,267.95208901918716,65.41320700908416,0.6100000143051147,0.6254516839981079
2676375416654152239,267.6375416658566,65.41522398343028,3.130000114440918,3.4321537017822266
2674199109654164383,267.419910964505,65.41643838313034,0.7099999785423279,0.6275762319564819
2676274684654179002,267.627468432086,65.41790023054652,1.9700000286102295,2.2370545864105225
2676530511654185655,267.65305116341057,65.41856551255927,3.75,4.59161901473999
2677059276654185441,267.705927653905,65.41854413407795,0.6100000143051147,0.6283928751945496
2676494421654198244,267.64944216461726,65.41982443313988,1.9500000476837158,2.054349184036255
2678731682654208086,267.87316822841893,65.42080862378111,0.7200000286102295,0.7496501803398132
2674942234654220068,267.49422349537616,65.42200687203653,2.390000104904175,3.0572798252105713
2676801291654231937,267.68012911380663,65.42319373391257,1.7699999809265137,1.7893421649932861
2675593147654240650,267.5593147405991,65.42406508814452,1.190000057220459,1.2044637203216553
2678963117654249470,267.8963117601699,65.42494703061095,2.049999952316284,2.122570276260376
2679656366654255319,267.96563661786803,65.42553198519697,1.6399999856948853,1.1789573431015015
2677322467654311127,267.73224672351154,65.431112712154,0.9100000262260437,0.9243634343147278
2678597858654336504,267.85978582822224,65.4336504298936,0.8999999761581421,0.9278861880302429
2679658859654326525,267.9658859764518,65.43265259414372,3.2100000381469727,3.211069345474243
2678695690654341665,267.86956904716885,65.43416650315928,1.8899999856948853,0.22717390954494476
2676586545654356053,267.6586545098636,65.43560536665487,2.5,3.0045478343963623
2673589457654362498,267.3589457793125,65.43624980131622,2.880000114440918,2.988685369491577
2675903146654370285,267.5903146100079,65.43702858139461,3.3499999046325684,3.5235767364501953
2676333609654370333,267.63336091818934,65.43703333391302,0.2800000011920929,0.2605530917644501
2674665440654379606,267.46654404147813,65.43796064315045,0.7200000286102295,0.745118260383606
2676986206654423662,267.69862063603057,65.44236627917437,0.8600000143051147,0.8642796277999878
2675111191654449887,267.51111910774915,65.44498873338566,0.5699999928474426,0.5483186841011047
2679648968654511717,267.9648968972951,65.45117176867929,1.1399999856948853,1.1563928127288818
2673557694654526348,267.35576946843855,65.45263482152015,0.17000000178813934,0.1696096509695053
2674460486654536270,267.44604869062454,65.45362708596834,0.3199999928474426,0.2638384699821472
2676326313654552235,267.632631340982,65.45522350083448,1.5099999904632568,1.5010676383972168
2673610222654559163,267.3610222353397,65.4559163156013,1.1299999952316284,0.9228044748306274
2675692248654569697,267.5692248563171,65.4569697003626,0.800000011920929,0.3860892951488495
2677574917654571523,267.75749175306737,65.45715230375139,0.9900000095367432,0.949313759803772
2673815819654594651,267.3815819920267,65.4594651082723,2.4800000190734863,2.700575828552246
2678838600654591455,267.88386000795384,65.4591455760462,0.3799999952316284,0.3801308870315552
2676474586654599575,267.64745868226953,65.45995756560154,1.8200000524520874,1.8257275819778442
2679208855654599075,267.9208855227688,65.45990751546806,3.180000066757202,3.253413677215576
2677395743654630888,267.7395743648889,65.46308882210838,0.07999999821186066,0.0760103315114975
2678560243654698843,267.8560243438786,65.46988437440889,0.8299999833106995,0.8367722034454346
2677303158654713674,267.73031583996595,65.47136749823785,1.8300000429153442,1.7114753723144531
2676246352654726161,267.62463525051595,65.47261611001952,0.23000000417232513,0.21443797647953033
2677605158654733001,267.7605158920227,65.4733001823554,1.1799999475479126,0.6903302073478699
2677574809654745864,267.7574809774671,65.4745864102264,0.44999998807907104,0.3833951950073242
2677200012654764523,267.7200012886292,65.4764523812866,1.7999999523162842,1.784035325050354
2676838855654772203,267.68388556173096,65.4772203418968,0.9800000190734863,0.8899167776107788
2678725406654778620,267.87254063442185,65.47786207704826,3.1600000858306885,3.832773208618164
2673625079654811691,267.36250796126296,65.4811691673143,0.8600000143051147,0.8546363711357117
2673621678654812791,267.3621678847589,65.4812791163947,0.8799999952316284,0.8557113409042358
2676555150654811045,267.65551509158615,65.4811045235696,2.25,2.7497942447662354
2676419106654822515,267.64191065338406,65.48225158777359,0.25,0.2560316026210785
2678360329654824615,267.83603293544996,65.4824615021718,0.6399999856948853,0.6483513116836548
2679531503654833685,267.9531503241445,65.48336850926222,1.3200000524520874,1.3024494647979736
2673537495654852084,267.35374950560424,65.48520847413542,0.4099999964237213,0.4091655910015106
2675140054654858195,267.51400540725456,65.48581955520775,0.6899999976158142,0.7238942384719849
2675623755654880506,267.56237551664236,65.48805065852021,2.5299999713897705,2.5084428787231445
2673697205654925668,267.36972052785046,65.49256680211663,4.829999923706055,4.861837387084961
2678823640654937186,267.88236404278064,65.4937186724815,0.9300000071525574,0.9901015758514404
2679020283654958912,267.90202832445897,65.49589123244522,1.5099999904632568,1.0044515132904053
2675197878654978570,267.5197878442977,65.49785700017881,0.3100000023841858,0.3163287341594696
2677842140654976733,267.784214072755,65.49767337435513,4.019999980926514,4.246434688568115
2673182778655007067,267.3182778843592,65.50070678163539,1.1799999475479126,1.1845619678497314
2677838671655008486,267.7838671795607,65.50084865152685,0.7099999785423279,3.3408217430114746
2675793806655045337,267.5793806212748,65.50453376681635,0.47999998927116394,0.4605735242366791
2674319243655046728,267.43192434977453,65.50467281881437,0.5299999713897705,0.3594914674758911
2679363862655064379,267.9363862125054,65.50643796929451,1.9800000190734863,1.9673494100570679
2676043708655080950,267.6043708328393,65.50809503939801,3.640000104904175,4.222434043884277
2675436657655083794,267.5436657000409,65.5083794243283,2.190000057220459,2.2354400157928467
2675440112655093649,267.54401128602103,65.50936494117853,0.8899999856948853,0.9834567308425903
2675043218655106164,267.504321886961,65.51061641537835,2.2699999809265137,2.783500909805298
2674272264655107598,267.42722646873466,65.51075988453066,2.2899999618530273,1.5596541166305542
2673387774655127054,267.3387774429148,65.5127054817903,3.3299999237060547,4.374244689941406
2679175043655120745,267.9175043976067,65.51207453694742,1.8300000429153442,2.053849697113037
2673618271655295620,267.36182715785105,65.5295620116744,1.6699999570846558,1.5278137922286987
2673042104655354111,267.3042104405689,65.53541110154252,1.2000000476837158,0.15794122219085693
2676569417655364091,267.6569417826036,65.53640911846838,0.699999988079071,0.6254646182060242
2679354376655356740,267.9354376161647,65.53567407455886,1.7899999618530273,3.5123932361602783
2676143502655370200,267.6143502699857,65.53702008574753,0.5699999928474426,0.27950480580329895
2677370485655384964,267.7370485973031,65.53849640823582,0.550000011920929,0.6284998655319214
2675568594655405239,267.55685942152303,65.5405239828162,0.49000000953674316,0.49368569254875183
2679475207655400547,267.947520762676,65.54005478204206,2.1500000953674316,2.6326537132263184
2673244139655421360,267.32441395006776,65.5421360238239,2.6600000858306885,2.7277255058288574
2674502520655426473,267.4502520924071,65.54264736214381,0.18000000715255737,0.1736743301153183
2676242698655454896,267.6242698550911,65.5454896623507,4.670000076293945,4.717187881469727
2673316098655467708,267.33160980002316,65.5467708694798,1.0800000429153442,0.9413161873817444
2673215932655477114,267.3215932964301,65.54771143606818,,
2673771855655480276,267.3771855511117,65.54802764805477,1.1200000047683716,1.0097209215164185
2676845455655481945,267.68454552666543,65.54819450392348,4.690000057220459,4.674224376678467
2676398537655489730,267.639853708757,65.54897306692901,2.059999942779541,2.145204544067383
2673418556655534596,267.3418556329261,65.55345961767816,1.1799999475479126,1.2100005149841309
2678072935655533991,267.8072935029478,65.55339915853384,3.549999952316284,3.4290921688079834
2673918265655556671,267.3918265357843,65.55566712663341,1.600000023841858,1.41685152053833
2679073819655552235,267.90738192424703,65.55522353455018,0.5899999737739563,0.6139879822731018
2678038706655555931,267.80387061609946,65.55559312176896,0.4699999988079071,0.3691563308238983
2676435970655584446,267.64359708213846,65.55844462650529,2.559999942779541,3.1977083683013916
2673977134655590431,267.3977134208395,65.55904316541633,0.9100000262260437,0.9280664324760437
2675470207655603929,267.5470207403647,65.5603929898914,0.4300000071525574,0.268220990896225
2674673084655607268,267.4673084885327,65.56072686002524,4.550000190734863,4.661478042602539
2673421208655654912,267.34212086784333,65.56549128295711,2.440000057220459,0.8588846325874329
2673685506655655106,267.36855061769194,65.56551067111951,3.2699999809265137,4.114247798919678
2679483246655668946,267.94832468584184,65.5668946244514,2.049999952316284,2.752531051635742
2678587449655678603,267.8587449544056,65.56786032905985,0.4399999976158142,0.4630280137062073
2673232561655688207,267.3232561522034,65.5688207100334,0.75,0.7372828722000122
2673438649655690779,267.3438649901276,65.56907790634665,0.4300000071525574,0.410309761762619
2674128142655700197,267.41281422332355,65.57001971347326,1.159999966621399,1.2460814714431763
2673504861655739907,267.35048610544305,65.5739907685478,1.2400000095367432,1.2589056491851807
2673618437655755778,267.36184371067645,65.57557782919847,1.409999966621399,3.058168411254883
2678942169655751752,267.8942169211885,65.57517528442952,0.8500000238418579,0.8195792436599731
2677435323655756179,267.743532374403,65.57561799676921,1.0099999904632568,0.9343551397323608
2678514735655768347,267.8514735613795,65.57683470317424,1.649999976158142,0.4635908305644989
2677498611655779502,267.74986113108275,65.57795022473411,0.5699999928474426,0.462588906288147
2674446458655789924,267.4446458070161,65.57899241087314,4.360000133514404,4.37440299987793
2673649142655790008,267.3649142323974,65.57900089892397,1.1299999952316284,0.3579879701137543
2676644031655796285,267.66440311210965,65.57962859619303,1.8799999952316284,1.927088737487793
2678682594655791596,267.8682594391362,65.57915969384887,0.7200000286102295,0.7942162156105042
2677373685655795651,267.7373685388224,65.57956512044677,3.0999999046325684,0.6292544007301331
2675042109655823356,267.50421093637937,65.58233568863957,0.800000011920929,0.7968869209289551
2674253995655840388,267.425399523717,65.58403882859695,0.8799999952316284,0.8401849269866943
2676236212655835624,267.62362125626646,65.5835624937534,1.909999966621399,1.225860595703125
2678407172655874229,267.840717203395,65.58742299994819,1.149999976158142,1.0411312580108643
2677150507655900299,267.7150507415806,65.59002991326702,0.23999999463558197,0.23674096167087555
2678780835655906807,267.8780835403071,65.59068074865728,4.809999942779541,4.862443447113037
2676128137655931510,267.6128137515369,65.59315107854988,0.6800000071525574,0.6782921552658081
2677627041655983380,267.7627041844685,65.59833808253507,1.0,0.9941146373748779
2675803025656001320,267.58030255354254,65.6001320797259,1.2400000095367432,1.202944278717041
2676749135656003775,267.6749135415662,65.6003775642121,1.6299999952316284,1.770722508430481
2674851425656028336,267.4851425115833,65.60283368927675,3.0399999618530273,3.027477741241455
2674665703656045353,267.46657032662904,65.6045353085554,5.519999980926514,5.556759357452393
2677768243656056487,267.7768243201581,65.60564878854252,0.699999988079071,0.7021634578704834
2676988417656057967,267.6988417628916,65.60579675351468,1.2699999809265137,0.9646146893501282
2674976351656071221,267.4976351174444,65.60712215258556,3.430000066757202,3.3864755630493164
2674286006656093147,267.42860063352316,65.60931474992447,1.5700000524520874,0.9313241839408875
2676215202656111108,267.62152022608467,65.61111087181406,0.6499999761581421,0.4643952250480652
2677014968656205241,267.701496803187,65.6205241190469,1.4700000286102295,0.8882191777229309
2678472258656207470,267.84722589588023,65.62074705874326,0.7799999713897705,0.7777938842773438
2679290850656235084,267.92908509341447,65.62350843040812,0.18000000715255737,0.25844934582710266
2674623626656283820,267.4623626194892,65.62838204305636,2.930000066757202,3.04199481010437
2675614616656284927,267.56146169405866,65.62849274268378,2.059999942779541,2.17435622215271
2674320434656362174,267.4320434419573,65.63621742396083,1.0700000524520874,0.9903339743614197
2674075123656386030,267.40751237832745,65.63860300432033,2.8399999141693115,2.9370570182800293
2674757757656397915,267.47577573932426,65.63979158904536,1.7699999809265137,2.3817601203918457
2676785329656400165,267.6785329445746,65.64001650008618,1.8799999952316284,1.8995674848556519
2679213693656440233,267.92136935744344,65.64402338743444,1.7699999809265137,1.5597493648529053
2674680196656460729,267.46801969156945,65.64607293649338,1.1100000143051147,0.9811192750930786
2678980202656494338,267.8980202662988,65.6494338470639,2.9000000953674316,3.9689526557922363
2678232928656497397,267.82329285462276,65.64973974375886,0.1599999964237213,0.15953411161899567
2674963392656510959,267.4963392975784,65.6510959791585,1.75,1.7560056447982788
2674284643656527967,267.42846439219716,65.65279671612053,0.07999999821186066,0.08019430190324783
2679175921656540612,267.9175921063101,65.65406124977228,0.7200000286102295,0.712769627571106
2677481559656595441,267.74815599263434,65.65954414208359,1.059999942779541,1.0427894592285156
2679000327656603663,267.9000327447255,65.66036633952746,2.1500000953674316,2.1796412467956543
2675201185656636959,267.52011854251964,65.66369595344501,4.150000095367432,5.279170513153076
2675439649656637012,267.54396494145533,65.66370124600667,2.0299999713897705,2.1476566791534424
2679692472656626833,267.96924728471043,65.66268337677846,0.9599999785423279,0.9534643292427063
2675663740656642075,267.566374089655,65.66420757638632,2.059999942779541,2.1171040534973145
2677084032656681789,267.708403221455,65.66817895978613,2.990000009536743,2.987987995147705
2674736330656694668,267.47363305631546,65.669466868839,1.559999942779541,1.5589072704315186
2674665472656700089,267.4665472882455,65.67000896827285,1.9600000381469727,2.0358681678771973
2677995123656725569,267.79951232593845,65.67255693598511,4.320000171661377,4.244728088378906
2678762610656728990,267.87626101179404,65.67289905656237,0.5299999713897705,0.581584632396698
2679166408656740285,267.9166408228328,65.6740285851943,3.4600000381469727,3.3954989910125732
2675596805656752888,267.5596805398609,65.67528888282015,3.7300000190734863,4.406634330749512
2675783006656773633,267.5783006666255,65.67736331109332,0.6000000238418579,0.6060253381729126
2678519039656792758,267.8519039512073,65.67927584658655,,
2676020015656815505,267.6020015343833,65.68155053706337,0.9599999785423279,0.8491866588592529
2679512937656825107,267.9512937001496,65.68251071689197,1.75,2.0543410778045654
2679312007656842588,267.93120071349415,65.68425883129191,3.640000104904175,3.683412551879883
2676673103656865651,267.66731034350835,65.68656512199576,0.28999999165534973,0.28263941407203674
2674863833656885367,267.4863833663346,65.68853672831774,1.25,0.9325531721115112
2676682530656893567,267.66825300061043,65.68935671164037,2.049999952316284,0.2614724338054657
2678249835656903600,267.82498359072724,65.69036004550226,1.3200000524520874,4.025609016418457
2676171902656917499,267.6171902232575,65.69174999041971,0.6200000047683716,0.6195709705352783
2679530980656969801,267.95309800426895,65.69698017357429,4.440000057220459,4.405149459838867
2677855263656981955,267.7855263129347,65.6981955461255,0.6600000262260437,0.6717492341995239
2678485178657008905,267.8485178341169,65.70089053583878,0.11999999731779099,0.1275288462638855
2679266991657028717,267.9266991721776,65.70287173430232,1.9500000476837158,1.95231032371521
2676741419657040531,267.6741419514707,65.70405315451023,3.5999999046325684,3.6257541179656982
2678665689657059542,267.86656890728415,65.70595424849012,,
2677102001657085730,267.71020017955914,65.70857305055162,1.5700000524520874,1.4112180471420288
2677304525657096802,267.73045256821734,65.70968029324331,0.7799999713897705,0.780470609664917
2677954792657125009,267.79547924269275,65.71250096087093,2.319999933242798,2.745544910430908
2677997941657162736,267.79979417334897,65.71627366456804,1.4299999475479126,1.4418609142303467
2678304279657172603,267.83042797211937,65.71726032039417,0.1899999976158142,0.17468729615211487
2678428582657258227,267.84285820471183,65.72582274961096,2.049999952316284,2.0540847778320312
2677408675657296309,267.7408675496658,65.72963097629409,3.759999990463257,4.610060214996338
2679095901653601899,267.90959014207596,65.36018992863256,2.700000047683716,1.556241512298584
2677132169653622524,267.71321696693224,65.36225245365847,4.150000095367432,4.751998424530029
2678243802653680267,267.8243802965322,65.36802671169525,2.4000000953674316,1.5578255653381348
2679665267653746660,267.9665267121392,65.37466604709977,2.8399999141693115,2.9902477264404297
2676330878653797554,267.63308780393527,65.37975549977837,2.440000057220459,1.9382632970809937
2675566437653858542,267.5566437685979,65.38585428195431,2.259999990463257,2.0538556575775146
2675613152653886233,267.56131527990954,65.3886233393513,1.059999942779541,1.3757480382919312
2675523875653982805,267.55238752109824,65.3982805238641,1.4600000381469727,1.410088062286377
2677252481654016903,267.7252481776118,65.40169033551118,2.5,1.4087716341018677
2679688562654117285,267.96885628046067,65.41172856790425,1.309999942779541,1.3751758337020874
2676167686654133129,267.6167686598078,65.41331291099374,2.130000114440918,2.5429341793060303
2678566560654136034,267.8566560275196,65.41360345253914,1.600000023841858,1.4100265502929688
2677014520654203402,267.70145209812,65.42034020062131,2.1600000858306885,0.932939350605011
2678868132654249277,267.8868132182068,65.42492777677938,1.899999976158142,1.702610969543457
2674250765654335828,267.42507659051535,65.43358288352813,3.390000104904175,4.136558532714844
2677317179654345191,267.7317179619048,65.43451916057688,1.3899999856948853,1.380635142326355
2673798088654369794,267.379808878929,65.43697942979026,2.450000047683716,2.8326241970062256
2675082589654377787,267.508258942518,65.43777879668453,2.6600000858306885,1.5616569519042969
2676840658654379720,267.68406586472025,65.43797206038613,1.1699999570846558,1.135560154914856
2677330886654393783,267.73308864141967,65.4393783692964,1.440000057220459,1.478955864906311
2679651927654389772,267.96519270811285,65.43897724381073,2.4100000858306885,2.562652349472046
2677650629654465683,267.765062925016,65.44656831882097,1.5399999618530273,1.3760192394256592
2675308637654479325,267.53086371778056,65.4479325163318,2.0799999237060547,1.5772713422775269
2675120454654505296,267.51204545181486,65.45052964191021,1.2999999523162842,1.0476841926574707
2678399028654785395,267.8399028429761,65.4785395132795,2.549999952316284,3.3583030700683594
2676166339654799019,267.61663399397713,65.47990192023198,1.2400000095367432,1.4063321352005005
2678322570654839983,267.83225704739806,65.4839983657896,1.5499999523162842,1.5650089979171753
2678471245654853221,267.8471245813735,65.4853221705298,2.2200000286102295,2.417327880859375
2676446298655004158,267.6446298598737,65.50041584030502,0.6100000143051147,0.27970704436302185
2673802975655031354,267.38029755908894,65.50313540081987,0.8700000047683716,0.9281350374221802
2674665489655213463,267.46654891557745,65.52134634266523,1.059999942779541,0.9915187954902649
2673249131655416993,267.32491319144196,65.5416993083242,2.4200000762939453,2.6857850551605225
2677384842655586703,267.7384842145496,65.55867036518747,1.8300000429153442,2.054065227508545
2676200183655606885,267.6200183847891,65.56068854796922,1.4600000381469727,1.488398551940918
2674828118655701167,267.48281189726504,65.57011671885125,1.75,1.7019743919372559
2679530185655715348,267.9530185103751,65.57153488480743,1.5299999713897705,1.277901291847229
2678424722655722650,267.8424722519759,65.57226505695255,1.649999976158142,1.3652939796447754
2677094326655766408,267.7094326549326,65.57664080964376,0.9599999785423279,1.2134166955947876
2676958319655773780,267.6958319523626,65.57737805928683,1.5299999713897705,1.213402271270752
2674902131655800554,267.49021313751206,65.58005544692848,5.380000114440918,5.607831954956055
2676794197655818594,267.6794197157404,65.58185948863382,2.309999942779541,1.1929032802581787
2677793764655892571,267.7793764663388,65.5892571494363,0.9399999976158142,0.7887166738510132
2679403386655921726,267.9403386944011,65.59217262555751,1.7300000190734863,1.4899120330810547
2679358936656039022,267.9358936027668,65.60390223163513,1.7799999713897705,1.3755393028259277
2676655134656076351,267.6655134287522,65.60763519392069,1.2599999904632568,1.2470781803131104
2679260807656122512,267.92608076225423,65.61225125007066,1.2000000476837158,1.2178716659545898
2675167064656161032,267.51670641953774,65.6161032327295,2.5199999809265137,0.8360499143600464
2677943552656213605,267.7943552657943,65.62136051499414,1.399999976158142,1.3758842945098877
2679791347656276037,267.9791347890115,65.62760370875466,1.4600000381469727,1.511708378791809
2677092410656311179,267.70924102633035,65.63111799714291,1.4500000476837158,1.3910070657730103
2673789949656393310,267.3789949448223,65.63933106273826,2.890000104904175,3.9618990421295166
2675417165656401727,267.54171654752076,65.6401727920213,0.05999999865889549,0.06044752523303032
2678444150656402264,267.8444150715352,65.64022641203674,3.1700000762939453,3.55326247215271
2677173745656429381,267.7173745079722,65.6429381586519,2.119999885559082,2.0534613132476807
2676137936656523193,267.61379365907493,65.65231934318298,2.25,0.9132567048072815
2674286661656597452,267.42866619993447,65.65974528113581,1.25,0.9964520931243896
2675552809656601138,267.55528097228586,65.66011381206168,1.6399999856948853,1.3063220977783203
2676777659656617557,267.6777659558821,65.66175572011257,1.4199999570846558,1.3434854745864868
2675127530656674936,267.5127530267658,65.66749369592691,1.0099999904632568,1.1102120876312256
2675785469656650347,267.57854695238194,65.66503474518161,1.399999976158142,1.5090696811676025
2677060568656723081,267.7060568760016,65.67230814546208,2.2100000381469727,2.524106502532959
2679561852656770406,267.9561852588255,65.67704066658891,2.619999885559082,3.043539047241211
2677988929656795294,267.798892921084,65.67952949102033,2.0899999141693115,2.035429000854492
2676750163656965086,267.67501639242886,65.69650864891013,1.590000033378601,0.6236451268196106
2675692889656982385,267.5692889169302,65.69823859933287,2.0,1.5609440803527832
2679510149657031904,267.9510149630482,65.70319043990885,1.3899999856948853,0.9354044795036316
2678185308657043942,267.81853083449374,65.70439420966333,5.369999885559082,5.412739276885986
2679263554657122861,267.9263554583643,65.71228611067913,1.7599999904632568,1.7823152542114258
2676947719657170850,267.69477197396895,65.71708505332187,2.049999952316284,1.5116640329360962
2676743578657206493,267.6743578566146,65.72064937399209,3.7100000381469727,3.800413131713867
2678609546657204604,267.86095461214387,65.7204604372931,3.009999990463257,0.28701165318489075
2678411857657206459,267.84118579651056,65.72064591294607,2.700000047683716,1.139324426651001
2677311598657272959,267.73115982255126,65.72729594835545,4.519999980926514,4.619218826293945
2678567649653451799,267.8567649552345,65.34517993424814,0.8299999833106995,0.8199378252029419
2677556840653474086,267.7556840680709,65.34740863910704,2.9200000762939453,3.097670793533325
2678642341653475931,267.8642341276646,65.34759312573873,1.9500000476837158,1.9625780582427979
2678946716653489442,267.89467162147207,65.3489442093249,1.4700000286102295,1.3775548934936523
2675727538653581164,267.5727538080833,65.35811642986103,0.9800000190734863,0.9862891435623169
2677251426653614887,267.7251426062432,65.36148877345067,1.8700000047683716,1.806349277496338
2676307940653640730,267.63079407987203,65.36407307346123,0.8299999833106995,0.6905865669250488
2675531027653643040,267.5531027406047,65.36430406222047,2.140000104904175,2.278939723968506
2679490874653667290,267.94908744771027,65.36672908297822,1.159999966621399,1.2088173627853394
2676663464653683709,267.66634640818313,65.36837094267787,0.6000000238418579,0.6151509881019592
2678335583653699092,267.83355834631203,65.36990920057137,1.5399999618530273,1.4469763040542603
2676454496653719959,267.64544963011696,65.37199592843986,4.489999771118164,4.575044631958008
2678666153653731258,267.86661534684134,65.3731258235584,2.0799999237060547,2.5460517406463623
2677786520653747792,267.7786520475816,65.37477925074333,2.9000000953674316,3.0878543853759766
2679534520653744989,267.95345203522646,65.37449894703019,0.17000000178813934,0.163286954164505
2677197816653767578,267.7197816233878,65.37675787986863,2.509999990463257,2.900743007659912
2678870991653764476,267.88709918210884,65.37644763439005,2.259999990463257,2.440572738647461
2674720634653799108,267.47206347878176,65.37991081705815,0.10999999940395355,0.10587909817695618
2679768128653810590,267.9768128830243,65.38105901170341,2.3499999046325684,2.5793039798736572
2678290820653832940,267.82908200483155,65.38329409206708,2.0199999809265137,2.226693630218506
2679621613653865730,267.96216136591255,65.38657303018215,2.7200000286102295,2.7954461574554443
2676006119653875714,267.6006119588715,65.3875714876246,3.630000114440918,4.813807964324951
2675302200653883027,267.5302200000795,65.38830273342573,0.9900000095367432,1.1411168575286865
2675229163653927959,267.52291631334356,65.39279592168842,0.8899999856948853,0.8515228033065796
2676657812653934102,267.6657812404151,65.39341023759346,0.3199999928474426,0.2826382517814636
2679315006653954283,267.93150068322865,65.39542833510848,2.1700000762939453,2.417299747467041
2679077194653976257,267.90771949278957,65.3976257544797,1.1699999570846558,1.4003524780273438
2678445986653980405,267.84459861201907,65.39804050794018,0.7300000190734863,0.4610716700553894
2677519617653984286,267.75196171520497,65.39842862373459,0.699999988079071,0.46471598744392395
2679405488653995785,267.940548878344,65.3995785368206,1.899999976158142,1.8360280990600586
2674676600654017773,267.4676600576076,65.40177730287175,1.4700000286102295,1.4150538444519043
2676906673654031519,267.6906673801114,65.40315196540567,1.2799999713897705,1.2776588201522827
2677607853654046836,267.76078538127973,65.4046836603888,1.440000057220459,0.7669729590415955
2674438906654060165,267.443890668743,65.4060165768034,3.5899999141693115,3.6703481674194336
2675961141654076762,267.5961141049035,65.40767621121506,2.2300000190734863,2.600801944732666
2675033085654093760,267.5033085443129,65.40937601486888,3.9800000190734863,4.013395309448242
2676393337654126404,267.63933372958803,65.41264041454929,1.2000000476837158,1.040000081062317
2676011652654128860,267.6011652101829,65.41288608713384,0.9599999785423279,0.7665625810623169
2677328217654129959,267.73282176113486,65.41299596676112,1.1699999570846558,1.2367461919784546
2678937611654157125,267.89376116304214,65.41571251942491,0.7799999713897705,0.8619073033332825
2679354755654159183,267.93547558185867,65.41591839715079,1.0,0.8449539542198181
2677762176654168476,267.77621764410503,65.41684768778217,0.6299999952316284,0.46246737241744995
2677202616654185291,267.7202616010242,65.41852910241603,1.840000033378601,1.2384971380233765
2678182254654182974,267.8182254131528,65.41829744056564,2.2200000286102295,1.2128851413726807
2677138611654202692,267.7138611455002,65.42026920656919,1.6100000143051147,1.4095052480697632
2676721289654206751,267.6721289751777,65.42067513715973,1.2000000476837158,1.2092517614364624
2676559658654245759,267.65596580345976,65.42457590278086,1.2200000286102295,1.214132308959961
2673884570655451967,267.3884570841275,65.5451967948075,3.5,4.112146854400635
2676262571655468061,267.6262571072545,65.54680614386389,4.559999942779541,4.8328938484191895
2677592765655489455,267.7592765351503,65.54894551079003,0.7300000190734863,0.7324920296669006
2674623986655496809,267.46239864521397,65.54968090266998,2.130000114440918,2.423598289489746
2675796225655500883,267.5796225996905,65.55008836517814,1.1200000047683716,1.0781322717666626
2673216269655531490,267.3216269197752,65.55314906554734,1.2999999523162842,1.3032095432281494
2678200032655528242,267.8200032412381,65.55282421878674,1.5800000429153442,0.26613950729370117
2676701916655575795,267.6701916147937,65.55757950555517,1.3700000047683716,1.3751322031021118
2675052647655582574,267.50526476799183,65.5582574869011,0.6700000166893005,0.6773092746734619
2679061431655588828,267.90614319524553,65.558882842736,0.9700000286102295,1.041661024093628
2673335047655605965,267.33350478894386,65.5605965985861,0.6800000071525574,0.45973750948905945
2679244997655601976,267.92449972671466,65.56019768709663,1.899999976158142,2.3282155990600586
2675356977655614729,267.5356977024757,65.5614729437358,1.1299999952316284,1.1315866708755493
2673589385655652020,267.3589385080893,65.56520209206504,0.12999999523162842,0.035576194524765015
2676638919655654807,267.66389198201273,65.56548078462312,3.140000104904175,0.4636234939098358
2674650090655658479,267.46500901119185,65.56584799909938,1.399999976158142,1.236489176750183
2678487937655666081,267.8487937317797,65.56660817087543,3.9100000858306885,4.59445858001709
2674045558655689483,267.4045558728538,65.56894830898948,1.4199999570846558,0.27522385120391846
2675197116655691387,267.51971168681655,65.56913874686828,0.6100000143051147,0.6116651296615601
2673332861655710447,267.33328613994723,65.57104470073911,1.2799999713897705,1.2591298818588257
2674621845655726031,267.4621845791637,65.57260317037984,0.7599999904632568,0.769845724105835
2674913380655770921,267.49133800653897,65.57709214134712,4.889999866485596,5.0463762283325195
2678147987655790235,267.8147987275888,65.57902356946259,0.550000011920929,0.23532778024673462
2677682136655808543,267.7682136739597,65.58085435149513,1.5800000429153442,2.0544798374176025
2677288754655836879,267.72887547712185,65.58368793213086,3.5399999618530273,3.789870023727417
2675579494655841358,267.55794945698193,65.58413585263078,2.490000009536743,2.9071943759918213
2678956131655865218,267.89561311926775,65.58652187963398,0.15000000596046448,0.08020996302366257
2679510215655864839,267.9510215333924,65.58648394127245,0.9200000166893005,0.7308140993118286
2679275418655872879,267.92754183203243,65.5872879810182,1.159999966621399,0.8591783046722412
2677564237655887702,267.75642375735896,65.58877025266345,0.5899999737739563,0.6190586686134338
2675917474655892634,267.5917474940104,65.58926344265987,2.7100000381469727,3.23112154006958
2674678776655907693,267.46787761329915,65.59076930938268,0.9800000190734863,1.0407439470291138
2677074523655908142,267.70745232995483,65.59081426690179,0.05999999865889549,0.06005975976586342
2678174832655921618,267.8174832827095,65.59216181465383,0.8799999952316284,0.8878655433654785
2678822156655922122,267.8822156063095,65.59221223487971,2.450000047683716,4.609823226928711
2673408477655978552,267.3408477215068,65.59785522756876,1.090000033378601,1.042881727218628
2679427632655969657,267.9427632513962,65.59696579611455,2.009999990463257,1.7181087732315063
2674338637656005243,267.4338637550848,65.60052438525975,1.1699999570846558,1.2082736492156982
2676268759656008665,267.6268759980639,65.600866541084,0.9100000262260437,0.8710282444953918
2674581628656050498,267.4581628618721,65.6050498983587,3.569999933242798,3.6387581825256348
2679541177656082987,267.9541177377289,65.60829875042302,0.5799999833106995,0.62614506483078
2675929539656150290,267.59295394957,65.61502901722602,0.5799999833106995,0.6038723587989807
2674548349656140887,267.4548349606053,65.61408875970842,3.259999990463257,3.375553846359253
2678612548656099804,267.8612548980637,65.60998048218819,0.18000000715255737,0.17811566591262817
2678216150656167136,267.8216150874582,65.61671361582516,1.559999942779541,1.5575579404830933
2675619522656178767,267.56195222642975,65.61787671153996,0.3400000035762787,0.3127609193325043
2674403035656186217,267.440303540375,65.61862175453798,0.9800000190734863,0.9516506195068359
2677366924656187402,267.73669241381066,65.61874022041873,2.3499999046325684,2.5511527061462402
2676854196656211054,267.68541964911293,65.62110549167097,1.809999942779541,1.7421963214874268
2679540639656205268,267.9540639559841,65.62052684167188,2.440000057220459,2.789318799972534
2675234073656225982,267.52340732134536,65.6225982413848,0.17000000178813934,0.16801030933856964
2679405620656219851,267.9405620718789,65.6219851546975,2.25,2.6718287467956543
2677332251656256536,267.73322513820233,65.6256536335523,2.130000114440918,1.5370854139328003
2676690289656263452,267.6690289560987,65.6263452608176,2.009999990463257,1.5352370738983154
2674800395656289523,267.48003958027283,65.62895238710051,0.7300000190734863,0.6905890107154846
2675839382656292882,267.5839382321098,65.6292882508872,2.3299999237060547,2.5240893363952637
2676676581656305409,267.66765815651587,65.63054092851142,2.450000047683716,3.1237549781799316
2676826762656309055,267.68267626213475,65.63090559287731,,
2675776079656318238,267.5776079695597,65.63182381902256,0.8299999833106995,0.8539232611656189
2674648225656328124,267.46482257793565,65.63281245873365,2.109999895095825,2.4039835929870605
2677949202656328608,267.7949202749823,65.63286085365276,0.07999999821186066,0.07999999821186066
2674325409656366588,267.43254091176294,65.63665889074817,0.5899999737739563,0.6251872777938843
2675846930656374750,267.58469307091235,65.63747501998525,1.6100000143051147,1.556104063987732
2678081767656383328,267.80817679186305,65.63833282077019,0.8700000047683716,0.33043041825294495
2676710919656404124,267.67109198231566,65.6404124450544,2.0199999809265137,2.2382047176361084
2679483462656410193,267.94834620681496,65.64101935622591,0.9700000286102295,0.9562935829162598
2676880616656435743,267.6880616987108,65.64357438223763,1.2300000190734863,1.2194135189056396
2676491087656436226,267.64910878764573,65.64362264434237,0.9300000071525574,0.6948906183242798
2674940112656477210,267.4940112512548,65.64772103700702,0.8199999928474426,0.7646170258522034
2676027824656498654,267.60278241268526,65.64986540697097,0.9200000166893005,0.6816133856773376
2679426900656496819,267.9426900344763,65.64968196437812,0.07000000029802322,0.06759507209062576
2676068428656532203,267.6068428435175,65.65322033482478,3.119999885559082,3.4116833209991455
2676625806656563911,267.6625806291757,65.65639113446237,0.5400000214576721,0.46419647336006165
2675397339656597540,267.53973398252145,65.6597540787156,1.2100000381469727,1.1930203437805176
2679214908656609868,267.92149089365887,65.66098682225203,5.619999885559082,5.659669876098633
2676112204656670630,267.6112204284854,65.66706306673686,1.590000033378601,1.3346267938613892
2679569734656666033,267.9569734513218,65.666603352104,4.059999942779541,4.121804237365723
2678646898656694078,267.8646898361858,65.66940788689597,0.7300000190734863,0.7675502300262451
2676416754656708110,267.6416754390362,65.67081109810663,0.2800000011920929,0.24006879329681396
2678301694656704378,267.83016945140855,65.67043783171054,0.6899999976158142,0.8627517819404602
2675478231656709907,267.54782312984867,65.67099076054916,1.4600000381469727,1.5292490720748901
2674816379656756851,267.4816379691741,65.67568517248728,2.4700000286102295,0.7991210222244263
2675972644656758901,267.59726448306986,65.67589019384872,1.9900000095367432,3.1899893283843994
2678868033656775158,267.8868033527797,65.67751586781792,1.7999999523162842,1.5600858926773071
2676953671656781217,267.69536717740965,65.67812177555261,0.7099999785423279,0.7091803550720215
2675211435656801241,267.52114353823595,65.68012418361636,0.8299999833106995,0.8365387916564941
2677219396656801639,267.7219396206602,65.68016398855367,0.23000000417232513,0.23604321479797363
2676536897656813431,267.65368977414647,65.68134311166608,2.809999942779541,3.3394815921783447
2678057036656853791,267.805703607725,65.68537911505705,1.2899999618530273,0.5067203640937805
2675312439656892179,267.53124393222794,65.68921792296372,3.0199999809265137,3.1554698944091797
2679421324656890993,267.9421324748932,65.68909934911943,0.7400000095367432,0.7327879071235657
2675991533656900275,267.59915330872434,65.69002758674215,0.8199999928474426,0.7415518760681152
2678789388656898425,267.8789388717619,65.68984251214806,1.7999999523162842,1.833965539932251
2675130542656906312,267.51305428989554,65.69063124080473,2.740000009536743,2.788750410079956
2677669456656911971,267.766945641465,65.69119714672276,1.7000000476837158,1.6420531272888184
2677140133656914750,267.7140133880359,65.69147509601783,1.8799999952316284,1.5599673986434937
2677779001656924853,267.77790013761535,65.69248531821836,1.6799999475479126,1.5612823963165283
2677195534656934967,267.71955343834554,65.69349671361384,0.38999998569488525,0.3129004240036011
2678981202656992702,267.89812022771764,65.6992702785894,0.07000000029802322,0.06999946385622025
2676260713656998977,267.6260713816346,65.6998977542485,2.319999933242798,2.2360665798187256
2676480784657031523,267.64807847866797,65.70315237390763,0.03999999910593033,0.04020974040031433
2677553714657058411,267.7553714533452,65.7058411917469,1.059999942779541,0.9939206838607788
2676910941657088663,267.691094163276,65.70886631191455,2.3399999141693115,2.596015214920044
2677914622657104729,267.79146225842425,65.7104729562029,1.7300000190734863,1.5620001554489136
2678472759657102517,267.8472759028197,65.710251710975,0.7200000286102295,0.7323576807975769
2679438677657136967,267.94386770129586,65.71369672938152,1.0700000524520874,0.9239116311073303
2678399707657170102,267.83997077448447,65.71701028569055,0.6700000166893005,0.6319653987884521
2678232807657172360,267.823280734519,65.71723600221374,1.5700000524520874,1.311146855354309
2677112089657222573,267.7112089294204,65.72225732147919,3.4600000381469727,3.5153861045837402
2677689629653332390,267.76896293005757,65.33323905920552,1.4700000286102295,1.408704161643982
2676701787653396111,267.67017876539416,65.33961110776418,0.5,0.45938366651535034
2677123538653488088,267.7123538679437,65.34880889823977,2.4100000858306885,1.5216186046600342
2675856346653524091,267.5856346539234,65.35240918389111,1.2599999904632568,1.281749963760376
2676196018653523824,267.6196018556903,65.3523824325937,0.8600000143051147,0.28695082664489746
2677011258653530217,267.7011258401626,65.35302176559755,4.21999979019165,4.414048671722412
2677868775653533594,267.78687758266415,65.35335949586965,2.880000114440918,2.943413734436035
2676650422653566116,267.66504222650707,65.35661163901753,1.8300000429153442,2.054746150970459
2676511455653612448,267.65114557626544,65.36124488286642,1.7699999809265137,0.45925527811050415
2676495104653619052,267.6495104902502,65.3619052949913,1.600000023841858,1.5105948448181152
2677097346653718864,267.70973463041383,65.37188641017953,2.390000104904175,0.9311834573745728
2678104375653731839,267.8104375387511,65.37318399782072,3.609999895095825,4.374779224395752
2677911847653775598,267.7911847091406,65.3775598941163,1.4299999475479126,1.3864973783493042
2675756875653862079,267.57568751494784,65.38620798064645,1.340000033378601,1.4081841707229614
2677038820653970175,267.70388207730593,65.39701753977583,1.6299999952316284,1.5646482706069946
2676063382653971671,267.6063382059095,65.39716719159689,0.9200000166893005,0.18028613924980164
2678197196654069346,267.8197196083753,65.406934671112,2.190000057220459,0.9269924759864807
2674639478654087859,267.46394782492683,65.4087859949993,1.3899999856948853,1.5146645307540894
2677027010654108246,267.70270107827923,65.41082465676655,3.130000114440918,4.651642799377441
2674202901654145981,267.4202901094798,65.41459813621931,1.2999999523162842,1.2994744777679443
2679630846654144649,267.9630846055002,65.41446499164341,1.690000057220459,1.5581481456756592
2676983439654168503,267.6983439742317,65.41685038580516,1.3600000143051147,1.2982031106948853
2678398603654217974,267.83986030140704,65.42179740278914,1.5299999713897705,1.408523678779602
2676236504654237943,267.6236504305352,65.42379432867267,2.0199999809265137,2.0947351455688477
2679319750654307024,267.9319750933208,65.43070246192438,2.380000114440918,1.5639398097991943
2676242439654325326,267.62424391781684,65.4325326446248,2.700000047683716,0.7044798731803894
2679287345654388367,267.9287345057646,65.43883677153536,3.5199999809265137,5.241275787353516
2678146642654470864,267.8146642569703,65.44708644549688,0.36000001430511475,0.31250664591789246
2675887507654559997,267.5887507314507,65.45599971322041,1.8200000524520874,0.7657049894332886
2675026843654666593,267.5026843801345,65.46665936226691,1.7400000095367432,1.39820396900177
2678032346654704520,267.803234609376,65.47045202041153,1.5199999809265137,1.3687273263931274
2678699380654755424,267.8699380466043,65.47554243276356,1.8200000524520874,1.513344645500183
2673787724654807419,267.3787724662093,65.48074194815459,0.8600000143051147,0.8561981320381165
2677810668654886185,267.78106687014434,65.48861858780303,2.740000009536743,3.3741443157196045
2676126165654891261,267.61261656465877,65.48912612899505,2.2100000381469727,2.198866605758667
2678679318654894702,267.86793187745496,65.48947028302591,2.0299999713897705,1.865820288658142
2678498042654957359,267.8498042250399,65.49573593028927,0.6700000166893005,0.4575047492980957
2676942880654957505,267.69428802984606,65.49575050824133,1.1299999952316284,1.0425715446472168
2675305937655027436,267.5305937760613,65.50274363064635,1.1699999570846558,1.2531675100326538
2678904014655078933,267.8904014964169,65.50789335889712,1.5099999904632568,1.304738163948059
2675669536655103955,267.56695362116216,65.51039552990757,1.590000033378601,1.5604175329208374
2673193471655157360,267.3193471955655,65.51573608903188,1.2599999904632568,1.1391371488571167
2676096725655188842,267.60967258552455,65.51888422555145,1.5800000429153442,1.4029662609100342
2673227968655220657,267.322796803106,65.52206575598638,1.3799999952316284,0.46079790592193604
2676526560655338333,267.65265605046284,65.53383331764691,2.069999933242798,1.9942371845245361
2678414073655342026,267.8414073324263,65.5342026999882,1.75,1.567550539970398
2678923103655442804,267.892310357223,65.54428042527978,1.0299999713897705,1.040711760520935
2673257607655507921,267.32576077734416,65.5507921913268,2.009999990463257,1.9626539945602417
2677644103655522536,267.7644103268352,65.55225365114264,4.75,4.70073938369751
2673515052655615175,267.35150528952556,65.56151752403645,2.0899999141693115,2.147097587585449
2673074661655666615,267.30746613490385,65.56666153231447,2.4600000381469727,2.832383632659912
2673657601655670658,267.3657601678729,65.56706582162917,1.690000057220459,1.4119961261749268
2676059555655775611,267.605955573107,65.57756114020331,2.069999933242798,1.375119686126709
2675933021655783415,267.59330210963014,65.57834154336835,3.0899999141693115,0.8357412219047546
2679393644655783823,267.93936445782845,65.57838232652878,1.2200000286102295,1.306423306465149
2673974637655845393,267.3974637228391,65.58453930315027,2.5799999237060547,1.212031364440918
2676604849655883716,267.66048491570075,65.58837168109525,2.809999942779541,2.914768934249878
2674178761655929154,267.41787614246846,65.59291547091688,1.7100000381469727,1.3254153728485107
2673667909655974424,267.36679098520176,65.59744242177074,1.2599999904632568,1.2991899251937866
2673533932656070202,267.3533932080648,65.60702029091155,2.799999952316284,4.718260765075684
2677495523656129307,267.7495523758036,65.61293074960803,0.4399999976158142,0.27614182233810425
2674574291656157381,267.4574291900691,65.61573810458371,1.600000023841858,1.2144700288772583
2673492973656166240,267.34929738443253,65.61662401878138,1.6399999856948853,1.5572834014892578
2673868469656240436,267.38684691983354,65.62404367968061,1.7799999713897705,1.5120207071304321
2678219601656317729,267.8219601950316,65.63177297174472,2.809999942779541,3.192066192626953
2674663477656445926,267.46634774424143,65.64459262568641,1.5,1.2232186794281006
2677275794656578178,267.7275794719189,65.65781787154113,1.1100000143051147,1.1870986223220825
2675400627656757321,267.5400627714323,65.67573219648035,1.5,1.5124434232711792
2677311322656829809,267.73113227241333,65.68298093239228,1.350000023841858,1.3763483762741089
2677584089656902037,267.7584089642557,65.69020376146123,1.7300000190734863,1.2777544260025024
2675520013656965145,267.55200131089964,65.69651454235847,3.140000104904175,3.283195972442627
2677117843657023760,267.7117843315351,65.70237602934147,1.350000023841858,1.3740873336791992
2676221176657129515,267.6221176787509,65.71295154298159,1.6299999952316284,1.5598889589309692
2677766657657139342,267.77666572403115,65.71393426268736,1.6799999475479126,1.4878079891204834
2678762643657143893,267.8762643834035,65.71438937673825,4.420000076293945,4.379108428955078
2677630735653322944,267.763073535545,65.33229440901313,4.079999923706055,4.37405252456665
2678658674653342663,267.8658674279544,65.33426639909,1.5700000524520874,1.415711760520935
2677268162653431115,267.7268162678636,65.3431115050438,0.8600000143051147,0.8607757091522217
2678894730653461979,267.88947304348665,65.34619793713274,0.6899999976158142,0.6980863809585571
2678207489653470739,267.8207489967535,65.34707395532706,0.9800000190734863,0.8590438961982727
2676489587653486232,267.64895873905584,65.34862329335526,0.7200000286102295,0.72443026304245
2676287240653587122,267.62872400116055,65.35871225240484,1.7100000381469727,1.7379329204559326
2678344190653643024,267.8344190829188,65.36430245614251,0.7799999713897705,0.8401673436164856
2676526108653647249,267.65261088706137,65.36472490913869,0.5299999713897705,0.5709234476089478
2677178767653688678,267.7178767102854,65.3688678499982,2.259999990463257,2.5498404502868652
2679345892653682401,267.9345892701364,65.36824010921602,0.550000011920929,0.6801932454109192
2677430220653691682,267.7430220328619,65.36916821850254,5.53000020980835,5.723871231079102
2675536186653701617,267.5536186003187,65.37016177186668,0.9700000286102295,0.9577930569648743
2676595673653704074,267.6595673776029,65.37040748884759,1.340000033378601,1.3708864450454712
2676446991653761869,267.64469910581886,65.37618698952376,,
2675701738653815223,267.57017387238983,65.3815223308958,1.7300000190734863,0.4363834857940674
2676632326653848526,267.66323269454614,65.38485268544324,1.1200000047683716,0.9918854832649231
2678331707653899278,267.83317071549027,65.38992787694046,0.6899999976158142,0.7065353989601135
2676922097653929038,267.6922097127629,65.3929038809077,4.179999828338623,4.438510894775391
2675318584653936488,267.53185847301137,65.39364880544245,0.4699999988079071,0.5512897372245789
2676112438653934493,267.6112438416345,65.39344933499791,1.0499999523162842,1.5528151988983154
2677270899653942861,267.72708991107254,65.39428618480096,1.9299999475479126,1.5701148509979248
2676533594653946095,267.65335943998906,65.39460955747772,2.180000066757202,1.2996997833251953
2679327854653963239,267.93278540081684,65.39632392870078,1.9500000476837158,1.960193395614624
2677253985653969715,267.72539857301985,65.39697159107406,0.6600000262260437,0.7132811546325684
2675348702653979674,267.53487024567903,65.39796749036356,1.5299999713897705,1.557335615158081
2678976542653988060,267.897654264288,65.39880601898035,1.3600000143051147,1.3400856256484985
2677329198654018033,267.73291982550523,65.40180339898437,1.1100000143051147,0.6674648523330688
2676621511654049383,267.66215118503084,65.40493838420825,1.9299999475479126,1.9461573362350464
2679772006654057848,267.9772006758505,65.40578484817186,1.3700000047683716,1.3430891036987305
2674623467654084570,267.4623467025281,65.40845700527822,1.559999942779541,1.5564520359039307
2675765521654091222,267.5765521667921,65.40912225833219,1.0399999618530273,0.12650269269943237
2676047363654091590,267.6047363156368,65.40915907405952,0.75,0.7655074000358582
2678590180654103458,267.8590180905629,65.41034587748665,4.389999866485596,4.379020690917969
2678220548654128716,267.822054893168,65.41287163244564,3.559999942779541,3.991175413131714
2675625029654154123,267.56250290663405,65.41541230723969,2.059999942779541,2.1444790363311768
2679737931654169975,267.97379316531664,65.41699753613055,1.1200000047683716,1.2029614448547363
2679339889654183194,267.9339889059799,65.41831940612492,1.6200000047683716,1.4865559339523315
2674694990654204401,267.4694990588837,65.42044016685422,1.2000000476837158,1.2387946844100952
2676523606654213146,267.6523606481038,65.42131467147182,1.899999976158142,2.0538783073425293
2676691157654215003,267.66911577447496,65.42150034770057,0.3199999928474426,0.3038675785064697
2677112153654219840,267.71121536628425,65.4219840271899,5.389999866485596,5.713563919067383
2678067518654226742,267.8067518318532,65.42267425337755,3.490000009536743,4.016015529632568
2675088770654231897,267.508877074267,65.42318972744287,2.2300000190734863,2.1510932445526123
2678652248654233167,267.8652248977296,65.42331672538442,0.05000000074505806,0.048403602093458176
2674975229654247313,267.4975229992344,65.42473134941639,1.4199999570846558,1.5591750144958496
2677019743654248988,267.70197432699587,65.4248988733386,1.4299999475479126,1.5202689170837402
2675320775654266470,267.53207750448314,65.42664700744984,2.430000066757202,2.458314895629883
2675829494655242497,267.5829494715739,65.52424977368082,1.2000000476837158,1.2214727401733398
2674795060655246987,267.4795060655108,65.52469871383528,0.5099999904632568,0.4613724648952484
2677476241655254473,267.74762416075356,65.52544739455169,4.340000152587891,4.37300968170166
2674623484655261667,267.4623484656746,65.52616673608541,0.8899999856948853,0.7681733965873718
2673140956655270556,267.3140956920228,65.5270556380528,3.180000066757202,3.4010989665985107
2676771983655288524,267.6771983597295,65.52885244979666,1.559999942779541,1.5353201627731323
2677112501655302589,267.7112501590368,65.53025892698807,2.2799999713897705,2.562950849533081
2674292240655310048,267.42922400461737,65.53100484346696,0.6399999856948853,0.6661914587020874
2679304952655303055,267.9304952571146,65.53030553828489,0.6600000262260437,0.36638006567955017
2679671456655316419,267.9671456731994,65.53164194891002,0.8600000143051147,0.3249223530292511
2677449190655327004,267.7449190898956,65.53270047956218,4.590000152587891,4.5960373878479
2677416537655337183,267.74165374568213,65.53371839516363,4.239999771118164,4.2448225021362305
2673532588655344924,267.3532588043012,65.53449249364058,0.4399999976158142,0.42072004079818726
2676060548655371668,267.6060548669075,65.53716682573237,3.509999990463257,3.884239912033081
2674995532655400509,267.4995532937841,65.54005090518412,1.690000057220459,1.5605943202972412
2673576523655410537,267.35765234401936,65.5410537842068,4.360000133514404,4.375072479248047
2677290527655418993,267.7290527769736,65.54189933522137,0.2199999988079071,0.2331533133983612
2676803286655431540,267.6803286866122,65.54315403833888,1.9199999570846558,1.6638325452804565
2675898488655437698,267.58984882534793,65.54376985797064,1.600000023841858,1.5555412769317627
2674213942655457533,267.42139421339283,65.54575333246609,1.940000057220459,2.0544986724853516
2677455002655459697,267.7455002251095,65.54596970333546,0.5600000023841858,0.5055326223373413
2674813460655472262,267.4813460017511,65.54722624922172,2.0799999237060547,2.5888781547546387
2676607547655516364,267.6607547532723,65.55163642423136,3.5399999618530273,4.373049736022949
2677820827655524293,267.7820827520322,65.55242936838535,3.309999942779541,3.6537322998046875
2678905468655531444,267.8905468192423,65.55314443369413,1.4700000286102295,1.4126020669937134
2675966191655542276,267.5966191818651,65.55422761067489,1.600000023841858,0.9326300621032715
2677212620655567989,267.7212620484015,65.55679899011953,0.6899999976158142,0.6967589259147644
2673337146655582382,267.3337146680872,65.5582382494955,0.6299999952316284,0.3157499432563782
2679486303655571971,267.9486303163671,65.55719710965691,1.2400000095367432,5.296852111816406
2673351995655598723,267.3351995564246,65.5598723870772,0.11999999731779099,0.15939874947071075
2676723038655602987,267.6723038587723,65.56029871782467,1.7599999904632568,1.5621328353881836
2679210876655602614,267.9210876395391,65.56026147358207,3.0999999046325684,3.3423941135406494
2673561740655616996,267.3561740895214,65.56169962520352,0.75,0.6431174874305725
2677139662655639034,267.7139662845299,65.5639034153727,0.4699999988079071,0.08107534795999527
2674147552655670477,267.41475524150735,65.56704775383976,0.8500000238418579,0.8392403721809387
2675627055655722611,267.56270557218573,65.57226118474362,0.5600000023841858,0.5738904476165771
2675311277655737032,267.5311277103519,65.57370327043382,2.0,2.0279922485351562
2674352349655740018,267.4352349302774,65.57400185847538,0.8799999952316284,0.8724117279052734
2676450609655753495,267.64506097389693,65.57534954954961,2.859999895095825,3.060245990753174
2675548033655757207,267.5548033727805,65.57572073028781,1.6200000047683716,2.1865105628967285
2680522231653828316,268.05222316472344,65.38283163017206,2.0299999713897705,2.119011878967285
2680405951653879967,268.04059511368524,65.38799679336111,2.4200000762939453,2.2334811687469482
2680101073653978267,268.01010737238033,65.39782675518062,2.5299999713897705,2.740797996520996
2680558383654006505,268.0558383278594,65.40065059854811,1.4700000286102295,1.4048656225204468
2681377421654047048,268.1377421508862,65.40470484639094,3.0,3.158963918685913
2679989270654105181,267.99892707008183,65.41051810013467,0.6299999952316284,0.6117013096809387
2680235043654122945,268.02350432707044,65.41229454193834,1.7799999713897705,1.260416030883789
2681744364654357186,268.17443647371397,65.43571862095499,0.9200000166893005,0.9072807431221008
2682110420654446907,268.21104201587724,65.44469075232387,0.9100000262260437,0.7736694812774658
2682161868654493095,268.21618683564395,65.4493095826432,2.9000000953674316,3.6567766666412354
2681284905654529345,268.1284905388188,65.45293459517691,1.7400000095367432,1.4021588563919067
2681352242654632878,268.1352242957207,65.46328780274096,1.940000057220459,3.0438969135284424
2679991426654637525,267.99914260605135,65.46375257110202,0.1599999964237213,0.15167108178138733
2681512311654700031,268.1512311886352,65.47000314438056,1.840000033378601,1.557817816734314
2681604106654739075,268.16041065969057,65.47390757368753,1.0800000429153442,0.7677730321884155
2682010639654783311,268.20106396721354,65.47833118209847,0.17000000178813934,0.17958274483680725
2682093649654815195,268.20936496867193,65.48151951797304,4.389999866485596,4.378140449523926
2680632889654834771,268.06328892611043,65.48347715540034,0.4099999964237213,0.3698098957538605
2680934794654907763,268.0934794590581,65.49077632543543,0.7400000095367432,0.26670461893081665
2682337815655011945,268.23378157735743,65.50119459310419,0.25999999046325684,0.12364289164543152
2680021891655083540,268.00218917788595,65.50835409776906,0.6200000047683716,0.342953085899353
2682580048655112588,268.2580048240121,65.51125884333312,0.28999999165534973,0.27020394802093506
2680580737655173877,268.0580737622448,65.51738771805346,4.170000076293945,4.223547458648682
2679995852655213047,267.99958529178406,65.52130474629293,1.4700000286102295,1.4153735637664795
2681137455655298086,268.1137455498188,65.52980864793432,0.47999998927116394,0.5080744624137878
2679828621655297777,267.98286214448945,65.5297777098156,1.409999966621399,1.2134084701538086
2680328436655319932,268.03284366276705,65.53199327414482,1.659999966621399,1.6230531930923462
2680576634655346076,268.0576634327357,65.53460763647773,0.6700000166893005,0.6881250739097595
2682078345655352335,268.20783457676663,65.53523354927275,1.0099999904632568,1.0193113088607788
2681528059655388422,268.15280595677524,65.53884227214715,0.6700000166893005,0.6161479353904724
2680822829655422149,268.08228295156243,65.54221497451186,2.240000009536743,2.1402950286865234
2680281377655424216,268.02813773566817,65.54242163039507,0.949999988079071,0.9068239331245422
2681196801655714570,268.1196801688891,65.57145704331022,1.6699999570846558,1.3071938753128052
2680546348655788977,268.0546348062272,65.57889775186247,0.6200000047683716,0.3896445631980896
2682166405655863154,268.21664058557474,65.58631541347228,0.7900000214576721,0.7931574583053589
2681293232655878139,268.1293232269488,65.58781397845037,4.230000019073486,4.374411582946777
2681863536655884795,268.18635362422106,65.58847956597829,0.6899999976158142,0.6820005774497986
2680743916655898053,268.0743916122709,65.58980534779494,1.3600000143051147,1.4087255001068115
2681077182655958141,268.1077182369044,65.59581412173021,1.5199999809265137,1.594670295715332
2680220442655956166,268.0220442740815,65.59561669607808,0.699999988079071,0.7006025910377502
2682117579655972162,268.2117579175011,65.59721625596225,2.009999990463257,2.765000820159912
2680141370656037648,268.0141370903726,65.60376489817789,0.47999998927116394,0.5192227959632874
2679865344656056692,267.9865344430488,65.60566927262849,0.75,0.11254537105560303
2681331497656125810,268.1331497503709,65.61258107131584,0.8600000143051147,0.8404216170310974
2681058961656386948,268.1058961496642,65.63869485896645,0.25,0.24182026088237762
2681086001656399304,268.10860011312957,65.63993045508923,1.2300000190734863,0.9630888104438782
2681620469656469087,268.162046954707,65.6469087524468,2.309999942779541,2.8463921546936035
2681140247656600725,268.11402470780604,65.66007250377396,1.190000057220459,0.6812394261360168
2680209253656675727,268.020925381715,65.66757272479424,0.6100000143051147,0.622331440448761
2680237014656930623,268.023701418315,65.69306235781958,1.0700000524520874,1.0729389190673828
2679796626657090149,267.97966266894264,65.70901493652849,3.3499999046325684,3.7412991523742676
2680948372653941199,268.09483720664247,65.39411991985293,1.409999966621399,1.299010157585144
2680888454654178861,268.0888454353168,65.41788618795904,1.809999942779541,1.8713650703430176
2680282333654235555,268.0282333458017,65.42355553244575,2.5199999809265137,1.0422219038009644
2681646659654278151,268.16466599070736,65.42781519384027,1.5499999523162842,1.2805893421173096
2681055263654295575,268.10552630332484,65.42955752519843,2.0,1.4072314500808716
2680149498654474172,268.01494985663226,65.44741724210496,2.1600000858306885,2.224545478820801
2681370893654534794,268.13708933144306,65.45347946477024,2.4700000286102295,2.813145875930786
2680773361654538536,268.07733616609073,65.45385363554321,3.7799999713897705,4.023734092712402
2680054678654637499,268.00546780478265,65.46374995078149,2.049999952316284,0.835229218006134
2679731667654739847,267.97316677071285,65.47398475187062,2.4800000190734863,1.5159580707550049
2680641823654751176,268.06418234669803,65.47511762273352,3.069999933242798,3.698909282684326
2680050900654761531,268.00509001350594,65.47615318051838,2.200000047683716,2.2075579166412354
2679807697654814568,267.98076974666446,65.48145686997123,1.5099999904632568,0.26234522461891174
2679830649654978156,267.98306491428275,65.49781563739954,4.769999980926514,4.774310111999512
2681607290655067007,268.16072908955493,65.50670078909407,2.640000104904175,0.2270621657371521
2681987859655129324,268.1987859516472,65.51293242776889,5.380000114440918,5.510219573974609
2682347782655288905,268.23477827473823,65.52889051915844,1.059999942779541,1.2762067317962646
2680508796655319990,268.0508796680365,65.53199908008723,1.3300000429153442,1.3870569467544556
2682430333655350840,268.2430333274848,65.53508401214101,1.3300000429153442,1.3701081275939941
2680797250655396556,268.0797250879996,65.53965562837564,1.3899999856948853,1.044472098350525
2681234604655419177,268.1234604985897,65.54191773295908,2.940000057220459,2.9675073623657227
2680273431655449139,268.0273431040475,65.54491396096047,1.840000033378601,1.737653136253357
2681281129655961040,268.1281129076201,65.59610403743908,0.5400000214576721,0.5335416197776794
2679753168656082688,267.97531686080384,65.60826885109354,2.2100000381469727,2.2108044624328613
2680213536656189470,268.02135365213013,65.61894704928143,0.7400000095367432,0.6813259124755859
2681761570656217199,268.1761570425423,65.62171992551684,3.309999942779541,4.776634693145752
2681236268656228832,268.1236268005249,65.62288323138458,2.799999952316284,1.3760327100753784
2680126856656538386,268.01268564354774,65.65383864999613,0.9900000095367432,1.2106389999389648
2680306735656596189,268.0306735842129,65.65961891146209,1.909999966621399,1.2131565809249878
2681255162656627745,268.1255162392753,65.66277458848117,1.190000057220459,1.2177283763885498
2681139605656627861,268.11396050228836,65.66278617478757,2.190000057220459,0.20355558395385742
2680100954653637704,268.01009546033816,65.36377040358838,2.630000114440918,3.1629724502563477
2679808268653935045,267.9808268753311,65.3935045750543,0.6499999761581421,0.6527854204177856
2680813987653981772,268.0813987255436,65.39817721540463,2.309999942779541,2.2079529762268066
2680574584653993610,268.05745840128765,65.39936103486848,1.7300000190734863,1.6147680282592773
2679872264654029541,267.98722642932853,65.40295411815633,0.09000000357627869,0.08991606533527374
2681128384654089472,268.1128384238759,65.4089472398468,3.4000000953674316,3.427873373031616
2681688016654148028,268.16880165879263,65.41480286329076,1.2699999809265137,1.272135853767395
2680781907654228220,268.07819072974206,65.42282202327966,1.0499999523162842,0.31454217433929443
2679947200654243183,267.99472004871745,65.42431832636272,0.6800000071525574,0.6935980916023254
2680260010654301244,268.02600101480556,65.4301244232658,0.7799999713897705,0.9176616668701172
2681133268654404045,268.1133268793763,65.44040457341897,1.6699999570846558,1.5096763372421265
2680834919654405119,268.08349198327466,65.44051192831147,1.8200000524520874,1.85263991355896
2681402937654531801,268.1402937101786,65.45318017953402,0.8999999761581421,0.9097485542297363
2681926837654572340,268.1926837526993,65.4572340442753,3.0199999809265137,4.623680114746094
2681165538654587230,268.1165538301724,65.45872306402741,1.3799999952316284,1.4044480323791504
2679926139654587624,267.9926139510818,65.45876248549273,3.380000114440918,3.6116724014282227
2681718521654626466,268.1718521491626,65.46264660440345,2.819999933242798,3.043306589126587
2681646880654696139,268.164688086924,65.46961396928728,1.1399999856948853,1.1371533870697021
2681144717654696048,268.1144717966719,65.46960484064189,1.0700000524520874,1.0426641702651978
2680746130654695256,268.0746130432161,65.46952568177367,1.399999976158142,1.2715703248977661
2681126066654734437,268.11260665189974,65.47344378327232,1.5199999809265137,1.5645098686218262
2681608207654765993,268.16082079533254,65.47659937949534,0.5099999904632568,0.18265964090824127
2680202297654788438,268.020229720877,65.47884380165797,1.5399999618530273,1.4793462753295898
2682209273654796496,268.22092731611065,65.47964967569641,1.1799999475479126,1.1962815523147583
2680204603654815204,268.02046036727114,65.48152047244378,0.5,0.517673671245575
2682042454654840845,268.2042454539821,65.4840845805867,0.5099999904632568,0.5366712212562561
2680569208654842981,268.0569208361562,65.48429818452249,1.340000033378601,1.261741042137146
2680570618654868308,268.0570618248409,65.48683087839089,2.2300000190734863,2.209869146347046
2681794980654874680,268.1794980091064,65.48746801481244,0.9100000262260437,0.8836995959281921
2680935784654902293,268.0935784970784,65.49022932765713,0.7400000095367432,0.7462816834449768
2679998520654937985,267.9998520538439,65.49379855737646,3.0399999618530273,3.6135318279266357
2680749555655033997,268.07495556580255,65.50339977121993,0.9300000071525574,0.9302436113357544
2680174456655033527,268.01744567059137,65.5033527469937,1.4900000095367432,1.557372808456421
2680986773655061653,268.0986773239011,65.50616538813125,,
2680311489653651770,268.03114899714075,65.3651770237912,1.5299999713897705,1.5279796123504639
2680282230653780128,268.02822308226877,65.37801285299393,0.47999998927116394,0.23433418571949005
2679987772653839245,267.99877722151894,65.38392451224333,0.7099999785423279,0.7186257243156433
2680266820653912112,268.0266820667556,65.3912112019285,2.049999952316284,2.0547235012054443
2680688620653976379,268.0688620124956,65.39763790469206,1.5399999618530273,1.4905850887298584
2680533354654076222,268.05333545974725,65.40762224721576,3.259999990463257,3.2924556732177734
2681252437654244056,268.12524372566486,65.42440568196903,2.25,0.3365558981895447
2680117411654277002,268.0117411229106,65.42770024704869,2.950000047683716,3.4496943950653076
2680234068654294858,268.0234068233669,65.4294858478468,3.369999885559082,3.986104726791382
2681949727654305337,268.1949727011384,65.43053379331855,2.5299999713897705,3.0629191398620605
2681869087654307259,268.18690878614547,65.43072590853163,1.7899999618530273,0.07852652668952942
2681978552654396941,268.1978552520374,65.4396941685238,1.100000023841858,0.9402437806129456
2680077812654414907,268.00778127757735,65.44149073303775,0.10000000149011612,0.07830167561769485
2680692482654504575,268.0692482572004,65.45045755456935,0.1599999964237213,0.17177817225456238
2680743579654554509,268.0743579277176,65.45545099501538,0.9200000166893005,0.9262956380844116
2680560216654578715,268.05602165811115,65.45787151052126,1.4600000381469727,1.378731369972229
2680034994654599225,268.0034994885944,65.45992259105563,3.190000057220459,3.419687271118164
2681583895654627890,268.1583895127124,65.46278906948316,0.8899999856948853,0.8509835004806519
2680331988654634069,268.0331988359703,65.46340693004086,1.7699999809265137,1.224064588546753
2682083580654660880,268.208358098657,65.46608809313929,2.5299999713897705,2.740605592727661
2681347222654665309,268.1347222096561,65.46653095165232,2.140000104904175,2.1868865489959717
2681006035654700816,268.10060350156436,65.47008165690619,0.9700000286102295,1.0735677480697632
2679903512654710770,267.99035129404564,65.47107704660424,2.799999952316284,3.460420608520508
2680384544654714759,268.0384544767392,65.47147596489704,2.9200000762939453,2.987391471862793
2681076781654727007,268.10767810454166,65.4727007557095,1.159999966621399,0.7146683931350708
2681181184654768442,268.1181184658071,65.4768442679117,0.6899999976158142,0.6971774697303772
2680228504654802279,268.02285043219496,65.48022796127321,1.1799999475479126,0.93598473072052
2680640778654825132,268.06407782861487,65.48251326415424,0.8199999928474426,0.8188990950584412
2679748250654902368,267.9748250004011,65.49023689194543,1.5,1.4967361688613892
2681711798655038852,268.17117983543267,65.50388529903725,3.5,3.684141159057617
2681917198655112528,268.1917198792945,65.51125280019048,1.8200000524520874,2.054893970489502
2682121839655129486,268.2121839064513,65.51294863824327,1.7699999809265137,2.053967237472534
2680897951655130759,268.0897951702241,65.51307597783203,0.800000011920929,0.7922075986862183
2680305051655152117,268.03050512754623,65.51521178871351,0.07000000029802322,0.07014802098274231
2680752347655149394,268.07523471793223,65.51493943246189,0.5199999809265137,0.625522792339325
2679926878655147888,267.9926878765833,65.51478885889033,0.6000000238418579,0.5944823622703552
2679773493655163906,267.97734935531804,65.51639067497845,1.899999976158142,2.0541129112243652
2682098049655195141,268.20980490858057,65.51951411931444,0.5600000023841858,0.46140360832214355
2680602036655254756,268.06020365914054,65.52547563887163,4.460000038146973,4.356491565704346
2682550357655265954,268.25503579985224,65.52659540849386,3.630000114440918,3.693220853805542
2682277276655341166,268.22772767513624,65.53411665182998,0.5699999928474426,0.07304486632347107
2682184445655347134,268.21844453156535,65.53471349272418,0.6100000143051147,0.26479724049568176
2679953549655343695,267.9953549403815,65.53436954151246,0.6700000166893005,0.6252045631408691
2681153705655562389,268.115370515253,65.55623896241228,0.6700000166893005,0.23729906976222992
2682352676655572858,268.2352676409239,65.55728586011662,2.4800000190734863,2.5126428604125977
2682015149655790375,268.2015149013086,65.57903757902044,4.369999885559082,4.417317867279053
2682145353655818351,268.214535309465,65.58183516344518,3.950000047683716,4.146279335021973
2680210217655861336,268.0210217120852,65.5861336739272,2.3299999237060547,1.0458992719650269
2681592457655873608,268.1592457956294,65.58736085422555,1.6699999570846558,1.5601814985275269
2680851339655909962,268.0851339583361,65.59099625891636,3.1700000762939453,3.180248737335205
2681700626655967364,268.1700626009406,65.59673640575086,3.4000000953674316,3.250760316848755
2681141409656090015,268.1141409239616,65.60900157337724,0.9300000071525574,1.0417617559432983
2680451113656107043,268.0451113096098,65.6107043872087,4.25,4.540824890136719
2680525367656166928,268.0525367819894,65.61669284003744,0.07000000029802322,0.05528797209262848
2680018810656230802,268.0018810996391,65.62308023483119,0.27000001072883606,0.30273663997650146
2679824113656231847,267.98241136018,65.62318472977731,0.6200000047683716,0.6242100596427917
2680544313656244320,268.05443133113147,65.62443206461023,3.380000114440918,4.022980213165283
2681062231656317839,268.1062231104004,65.63178390272446,1.3200000524520874,1.2981438636779785
2680677091656318848,268.06770911944534,65.63188488789982,2.049999952316284,0.32939815521240234
2680185696656330493,268.01856965540907,65.6330493943802,1.4800000190734863,1.3467756509780884
2680924857656394536,268.0924857616821,65.63945362917755,1.2400000095367432,1.3785758018493652
2681296649656451191,268.1296649025953,65.6451191105721,2.4700000286102295,2.5990302562713623
2679910908656695945,267.9910908145819,65.66959450757274,0.9900000095367432,1.042262315750122
2679955304656781784,267.99553046965855,65.67817841763504,2.450000047683716,2.9272730350494385
2680086266656967118,268.00862664826667,65.69671181560189,0.9100000262260437,1.005732774734497
2679820816653745305,267.9820816705397,65.37453052194493,2.259999990463257,2.2114102840423584
2680876658654432813,268.0876658231956,65.44328137674746,2.5199999809265137,2.605922222137451
2681296198654491729,268.12961989178405,65.449172904209,1.7599999904632568,1.0429933071136475
2680333088654490266,268.03330889979947,65.44902667510722,3.619999885559082,3.628849744796753
2680744806654917902,268.0744806099375,65.49179020078256,1.899999976158142,1.9545649290084839
2681101278654961550,268.1101278460194,65.49615503883169,2.430000066757202,0.7926710844039917
2682356592654976176,268.2356592730908,65.49761767073329,0.7400000095367432,0.22662806510925293
2681311760655129693,268.1311760448152,65.51296936326112,1.4299999475479126,1.3615490198135376
2680300678655295208,268.0300678157039,65.5295208024703,1.649999976158142,1.6086901426315308
2680309378655389496,268.0309378228333,65.5389496441831,1.059999942779541,1.0177345275878906
2682079602655440844,268.2079602197563,65.54408446821972,2.359999895095825,1.5699297189712524
2681964007655576765,268.19640071887125,65.55767650850959,1.4900000095367432,1.3766640424728394
2680245394655831360,268.02453943528684,65.58313607289548,0.9100000262260437,0.6939593553543091
2680377974656082811,268.0377974714772,65.60828119983633,1.3300000429153442,1.3713085651397705
2680785575656621090,268.07855752875474,65.66210903584566,2.4700000286102295,3.310171365737915
2680672247656769551,268.0672247600464,65.67695515740242,5.860000133514404,5.959867477416992
2680520430656842015,268.0520430092089,65.68420159795573,1.350000023841858,1.3780474662780762
2680454874656922368,268.04548748330274,65.69223689813292,2.390000104904175,0.9303364157676697
2679922641656994519,267.99226410070276,65.69945197253132,0.9700000286102295,0.23951712250709534
2679859746653501721,267.98597463000016,65.35017216872366,2.880000114440918,2.898987293243408
2680502469653701281,268.05024690487215,65.37012814934066,1.0399999618530273,1.041087031364441
2680647690653737305,268.0647690735977,65.37373057867678,0.5699999928474426,0.30447888374328613
2680910189653938439,268.09101898824287,65.39384397011905,0.7200000286102295,0.7171147465705872
2679806298653956064,267.9806298588321,65.39560649277159,0.75,0.7410621643066406
2680305490653982912,268.0305490360693,65.39829122738863,1.2100000381469727,1.068240761756897
2680820348654068071,268.08203485727216,65.4068071992425,0.11999999731779099,0.07312636822462082
2680941132654076570,268.0941132615198,65.40765702316166,3.009999990463257,3.612227439880371
2681687521654195661,268.16875219961815,65.41956610569449,1.5299999713897705,1.5923658609390259
2681917461654281015,268.1917461958536,65.42810154495002,0.8199999928474426,0.6291101574897766
2680812095654324607,268.08120952830086,65.43246075754013,1.149999976158142,1.1073215007781982
2680865122654374289,268.0865122230359,65.43742894221081,2.450000047683716,2.4415533542633057
2680930772654437905,268.09307727977654,65.44379052407726,2.880000114440918,2.9752719402313232
2680620460654470017,268.0620460482035,65.44700173395718,1.600000023841858,1.5609352588653564
2681983845654584328,268.198384544157,65.45843283741894,0.1899999976158142,0.10246871411800385
2681143448654608637,268.11434488427545,65.46086375103573,0.6800000071525574,0.7370980978012085
2679785276654627989,267.978527696309,65.46279899237115,2.0299999713897705,0.4589252471923828
2681872409654678639,268.1872409214428,65.46786391282737,1.4800000190734863,0.9332199096679688
2680369732654716924,268.0369732880979,65.47169249669312,0.8799999952316284,0.6730380058288574
2680747526654888313,268.0747526385012,65.48883130543639,0.75,0.7703362703323364
2681979762654934649,268.19797625467265,65.49346498648161,0.9399999976158142,0.9326287508010864
2680611133654952286,268.061113331269,65.4952286690375,2.5299999713897705,2.6031432151794434
2681856463654982236,268.1856463660126,65.49822369360714,0.09000000357627869,0.09369096904993057
2681926504655064311,268.19265043431324,65.50643118966148,1.2000000476837158,1.2705323696136475
2682435908655115644,268.24359080152504,65.51156446019671,2.049999952316284,2.0537984371185303
2682350805655127046,268.2350805429862,65.51270467627917,3.390000104904175,6.0
2681416463655129696,268.14164630367907,65.51296964747387,0.3700000047683716,0.24442890286445618
2680414883655166964,268.0414883475982,65.51669648833854,4.090000152587891,4.2109055519104
2681733121655225115,268.1733121191204,65.52251158804577,0.5099999904632568,0.5294991135597229
2681407947655261356,268.14079475491184,65.52613569880629,1.090000033378601,1.141749620437622
2680898710655295415,268.08987108380205,65.52954155047148,4.289999961853027,5.163968086242676
2681922075655367749,268.1922075782592,65.53677496189373,1.2899999618530273,1.2140543460845947
2680159287653705871,268.015928742882,65.37058710327844,0.9300000071525574,0.9221267104148865
2679911139653832825,267.99111398854524,65.38328256272695,2.2899999618530273,3.2471182346343994
2680352786653980049,268.03527867785874,65.39800491045077,4.110000133514404,4.2925872802734375
2680933890653989173,268.09338905461675,65.39891738362934,1.7300000190734863,1.6527621746063232
2681277341653998498,268.1277341023289,65.39984982278571,2.3499999046325684,3.179478406906128
2679902379654040719,267.99023791641906,65.40407194803623,0.49000000953674316,0.27410414814949036
2680070949654038970,268.00709496580214,65.4038970411284,0.33000001311302185,0.3295298218727112
2680050205654123595,268.00502051427253,65.41235953387884,0.4399999976158142,0.4587681293487549
2680880160654145013,268.0880160034767,65.41450135610054,2.1600000858306885,2.5084452629089355
2680999133654175694,268.0999133894943,65.41756947694064,1.3300000429153442,1.0426028966903687
2679975129654243289,267.99751292745896,65.42432897107594,0.9599999785423279,0.9689949750900269
2680504804654328149,268.0504804321789,65.43281494120389,3.450000047683716,3.44861102104187
2680535817654342019,268.0535817136666,65.43420193188814,2.1700000762939453,2.3033292293548584
2681031057654347417,268.10310575758655,65.43474177098238,3.9800000190734863,4.016515731811523
2680988156654375758,268.09881561312045,65.4375758169834,0.6899999976158142,0.7077509760856628
2681755827654395378,268.1755827170089,65.43953785552162,1.1799999475479126,0.6174570322036743
2680295381654395969,268.0295381186827,65.43959691508141,0.4699999988079071,0.46064072847366333
2682100469654417312,268.2100469475875,65.44173128437166,2.880000114440918,3.038170099258423
2679973838654439134,267.9973838487245,65.44391348850736,1.559999942779541,1.5554426908493042
2680565797654464499,268.0565797300509,65.44644993141755,1.159999966621399,0.6935944557189941
2681238227654530111,268.1238227744585,65.45301112063827,0.6800000071525574,0.7571043968200684
2680667823654577665,268.06678236434914,65.45776658412294,0.44999998807907104,0.4610288143157959
2682340232654628355,268.234023231124,65.46283559455838,2.4100000858306885,2.714451313018799
2681799877654645207,268.1799877344585,65.46452077627598,0.36000001430511475,0.37962812185287476
2681531101654708418,268.1531101286939,65.47084180623173,0.8199999928474426,0.8185004591941833
2681015305654724772,268.1015305269976,65.47247729969052,0.6800000071525574,0.4618706703186035
2680757379654757671,268.0757379894371,65.47576710831022,3.119999885559082,3.3018901348114014
2680949602654766729,268.09496027576114,65.4766729637145,0.3700000047683716,0.2905353903770447
2680732537654840569,268.0732537257056,65.48405697937112,0.3700000047683716,0.35283881425857544
2680265989654861637,268.0265989677505,65.48616376448436,0.41999998688697815,0.46169301867485046
2681640388654935070,268.1640388720302,65.49350709318216,1.9700000286102295,1.8682465553283691
2682293519654944493,268.2293519953894,65.4944493246553,0.8500000238418579,0.8471306562423706
2681873777655115774,268.1873777816098,65.51157741658176,1.5099999904632568,1.5127333402633667
2682529298655120329,268.25292981390413,65.51203290311192,,
2680272104655124417,268.0272104535014,65.51244176594201,0.10000000149011612,0.10066662728786469
2682397480655176182,268.2397480851632,65.51761820033742,1.1200000047683716,1.0069385766983032
2680640344655212670,268.064034403322,65.52126706741971,2.190000057220459,2.237865686416626
2681581231655226781,268.1581231635729,65.52267814980432,0.3400000035762787,0.32260850071907043
2681772678655256324,268.17726786503243,65.52563244170184,0.699999988079071,0.8096967339515686
2680814627655270934,268.0814627778667,65.52709346077471,0.9399999976158142,0.28762006759643555
2680370378655269741,268.03703782351096,65.52697410278888,3.8299999237060547,4.617042541503906
2681402114655285864,268.1402114852904,65.52858644667695,0.5400000214576721,0.35284414887428284
2680629057655324357,268.0629057124444,65.53243571826535,0.12999999523162842,0.08040603250265121
2680991404655329929,268.0991404246349,65.53299291033082,2.119999885559082,2.621669054031372
2680871820655384789,268.0871820738517,65.53847898617289,1.2400000095367432,1.2126091718673706
2681409395655413072,268.1409395173704,65.54130728259666,2.819999933242798,2.883331537246704
2680240695655412085,268.0240695586947,65.5412085587268,1.2000000476837158,0.8856580257415771
2681360829655443159,268.13608291367063,65.54431590635335,2.2200000286102295,2.2188680171966553
2681407849655447064,268.1407849462197,65.54470645799228,2.3499999046325684,2.6601309776306152
2681198571655454904,268.1198571866283,65.54549048292787,0.7599999904632568,0.8714380264282227
2681216356655460783,268.1216356196422,65.54607832947936,0.6000000238418579,0.5898146033287048
2682455052655612362,268.2455052012467,65.56123621628322,0.4699999988079071,0.46203458309173584
2681786442655680203,268.1786442077514,65.56802034768523,1.2799999713897705,1.2767058610916138
2681549573655683468,268.1549573870278,65.56834687362696,0.9399999976158142,0.9074020385742188
2680216940655686271,268.02169408517625,65.56862718222763,1.7999999523162842,1.658968210220337
2682356579655837880,268.2356579077535,65.58378800332528,2.690000057220459,2.776193141937256
2680854527655930623,268.0854527926904,65.59306239234674,1.5700000524520874,1.0416051149368286
2680280405655935587,268.02804058740475,65.5935587721,0.75,0.7572686076164246
2681387416656047407,268.13874161734987,65.60474073976805,0.8700000047683716,0.8672939538955688
2681605606656044964,268.16056061810815,65.60449647653608,0.6899999976158142,0.6813848614692688
2681898678656155393,268.18986782816233,65.61553935070931,1.1200000047683716,1.1918686628341675
2681577791656160842,268.15777915670617,65.61608425303807,4.340000152587891,4.393260478973389
2680467398656289359,268.0467398651099,65.62893593495447,1.3200000524520874,0.7602542638778687
2680261510656289336,268.02615106496376,65.62893362323727,2.0199999809265137,1.873730182647705
2680966338656307960,268.0966338896544,65.63079601132286,1.9299999475479126,2.0548439025878906
2681542248656398513,268.1542248479551,65.63985136349862,2.359999895095825,2.4072303771972656
2680087616656409909,268.0087616157599,65.64099095973744,2.119999885559082,1.7850172519683838
2680573195656523985,268.0573195040224,65.65239854633758,2.490000009536743,2.6647889614105225
2676618113655775684,267.66181131862913,65.57756843145683,0.9300000071525574,0.9304145574569702
2677508893655785810,267.7508893436528,65.57858103013606,0.44999998807907104,0.32717934250831604
2676570793655803693,267.65707939462726,65.58036934732608,,
2676080262655827078,267.608026254768,65.5827078877463,0.6700000166893005,0.7143599987030029
2679325444655842151,267.93254441673463,65.58421513756542,3.630000114440918,3.8727779388427734
2674689084655861524,267.4689084015884,65.58615244047259,1.649999976158142,1.3750580549240112
2679653535655866418,267.9653535205168,65.58664189914528,0.9300000071525574,0.9289901852607727
2676311933655865056,267.63119330438724,65.58650566498854,1.659999966621399,2.054577350616455
2678329017655873340,267.8329017644283,65.58733405134574,1.059999942779541,1.0566543340682983
2676395375655882861,267.6395375563477,65.58828611331839,0.8899999856948853,0.8174614906311035
2676807102655891030,267.68071022557564,65.58910305761798,0.6299999952316284,0.6264575123786926
2678130784655907988,267.8130784525561,65.59079889244381,0.46000000834465027,0.42284461855888367
2678747120655914192,267.87471205656016,65.59141929634117,0.7200000286102295,0.7575539350509644
2677675677655917879,267.7675677455918,65.59178793446539,0.41999998688697815,0.40704265236854553
2678263276655920718,267.8263276418967,65.59207185823428,0.6600000262260437,0.6301147937774658
2675493965655935892,267.5493965481465,65.59358925222483,0.550000011920929,0.5987377166748047
2675187896655950065,267.5187896337805,65.59500656838622,0.5899999737739563,0.4640815854072571
2679170584655945389,267.91705842003734,65.59453890661045,1.1200000047683716,1.1440361738204956
2678818285655945039,267.88182851997414,65.59450399174244,4.690000057220459,4.684174537658691
2675940397655967340,267.5940397526055,65.5967340742023,2.450000047683716,2.6655735969543457
2678583816655971041,267.8583816222193,65.59710410642113,0.03999999910593033,0.013688174076378345
2678150660655988343,267.8150660985235,65.59883435698521,0.9300000071525574,0.957912027835846
2678490544656010828,267.84905444139395,65.60108282665827,4.150000095367432,4.563844203948975
2678882952656025406,267.888295278384,65.60254061355707,0.9599999785423279,0.9209272861480713
2673451503656046869,267.3451503512835,65.60468694358552,0.5400000214576721,0.6206151247024536
2676109052656052123,267.610905228164,65.60521233989907,0.6299999952316284,0.5326967835426331
2674945076656058959,267.49450764365554,65.60589595352327,0.8600000143051147,0.8662214875221252
2677526956656059890,267.7526956387502,65.60598904294032,2.7799999713897705,2.814710855484009
2675861234656072124,267.5861234891811,65.60721249126007,0.9200000166893005,0.844180166721344
2679474961656076227,267.9474961292097,65.60762274762693,1.7100000381469727,0.6160862445831299
2677526024656087235,267.752602418043,65.60872355748629,0.12999999523162842,0.1302146464586258
2674479387656135115,267.44793871316676,65.61351157965389,2.569999933242798,2.6812775135040283
2675865575656119391,267.58655758782743,65.61193918829994,1.5099999904632568,1.5145533084869385
2673663579656143188,267.3663579546062,65.61431881942735,1.090000033378601,1.0445674657821655
2673627352656146318,267.3627352154978,65.61463183030354,1.3700000047683716,1.375061273574829
2678802110656158967,267.88021104973126,65.61589675652846,0.7900000214576721,0.8073819875717163
2675143211656194286,267.5143211261464,65.61942865418865,0.7599999904632568,0.8157032132148743
2674359569656220483,267.43595691009153,65.62204831305047,0.6299999952316284,0.6264745593070984
2676123082656245124,267.6123082871613,65.62451247342351,0.5099999904632568,0.5120209455490112
2677655862656252190,267.7655862296466,65.62521907465548,0.8899999856948853,0.7949581146240234
2675253624656296246,267.5253624146802,65.62962464411922,2.0399999618530273,0.10185182094573975
2673902691656305629,267.39026912395747,65.6305629143906,0.3700000047683716,0.2963348925113678
2677225303656339493,267.7225303646252,65.63394938222807,3.190000057220459,3.306264877319336
2675765301656396137,267.5765301839109,65.63961371185758,1.600000023841858,1.5576503276824951
2676225562656396627,267.6225562498304,65.63966277964337,0.5099999904632568,0.4800928831100464
2676646041656422136,267.66460412893207,65.64221363346653,3.0999999046325684,3.154561996459961
2675669715656458992,267.56697150504095,65.64589927382103,,
2679587832656448976,267.9587832295114,65.64489766264693,0.6000000238418579,0.6162291765213013
2675940950656472207,267.594095066908,65.64722070779558,1.9500000476837158,2.1197192668914795
2675044087656480184,267.50440870911297,65.6480184247757,0.8799999952316284,0.859032392501831
2675824319656489770,267.58243195856056,65.64897703763495,3.75,4.374171257019043
2677305442656492624,267.7305442959443,65.64926247504866,0.2199999988079071,0.22810503840446472
2677831774656493373,267.7831774295615,65.6493373020789,2.7699999809265137,3.1836581230163574
2679630328656513008,267.9630328510058,65.65130085065547,1.9900000095367432,0.40749603509902954
2674647811656561306,267.46478116039094,65.65613068343478,2.619999885559082,2.724144458770752
2677246939656577325,267.7246939412655,65.65773259685218,0.49000000953674316,0.4643304944038391
2677749554656623469,267.774955406574,65.6623469731827,0.800000011920929,0.7822772860527039
2678491461656624915,267.8491461549304,65.66249154521746,2.0199999809265137,1.7304096221923828
2676498913656638873,267.64989131828924,65.66388737727901,0.5099999904632568,0.28010550141334534
2674876680656642367,267.4876680400308,65.66423673696693,3.049999952316284,3.329364061355591
2675872247656645786,267.5872247195148,65.66457863468284,1.1100000143051147,1.05381178855896
2676627361656664372,267.6627361443613,65.66643725696629,1.0499999523162842,1.0215964317321777
2674669919656699506,267.466991970113,65.66995061659559,1.9199999570846558,2.328927993774414
2678029154656701360,267.80291543302286,65.67013603287579,4.340000152587891,4.3744683265686035
2675956289656729707,267.5956289631136,65.67297074293585,1.2300000190734863,1.2779310941696167
2679151777656728389,267.91517772647717,65.67283890885305,2.2699999809265137,2.3106632232666016
2677482385656735093,267.74823859293423,65.67350933638932,0.8100000023841858,0.8634146451950073
2674583514656739795,267.4583514331974,65.6739795036075,3.0199999809265137,3.887667179107666
2677967590656757136,267.7967590732848,65.67571363711615,4.099999904632568,4.113719940185547
2676593736656772157,267.65937366680487,65.67721578350749,1.159999966621399,1.0424493551254272
2675297630656817502,267.529763044555,65.6817502739447,1.6799999475479126,3.0611307621002197
2677953314656872500,267.79533144137906,65.68725008349914,1.1100000143051147,0.1709192991256714
2678882826656882657,267.8882826176073,65.68826579950318,1.8700000047683716,1.8289622068405151
2677445418656892579,267.7445418796271,65.68925796351277,0.4399999976158142,0.462922066450119
2678146679656931793,267.8146679561228,65.69317937740773,0.1899999976158142,0.18180817365646362
2678793235656946401,267.8793235595236,65.69464013312708,3.619999885559082,3.638550281524658
2676407859656971522,267.6407859368749,65.697152238431,0.47999998927116394,0.664885401725769
2676398502656989808,267.6398502677382,65.69898087604462,0.5199999809265137,3.3835904598236084
2678828787656998530,267.88287875154157,65.69985305648979,0.7699999809265137,0.7651459574699402
2679444058657032294,267.94440582053926,65.70322947093487,0.699999988079071,0.12630805373191833
2675690364657100918,267.5690364914744,65.71009184410634,1.149999976158142,1.3280130624771118
2677301185657117642,267.73011852473854,65.71176422204414,1.0399999618530273,1.0419490337371826
2679223524657113076,267.9223524074169,65.71130769661485,1.4500000476837158,1.4129467010498047
2676344847657155163,267.6344847562291,65.71551631714458,1.6100000143051147,0.9604257941246033
2677285664657193630,267.72856643704705,65.71936306336961,0.27000001072883606,0.19581568241119385
2678279410657198349,267.8279410671758,65.71983499895488,0.6100000143051147,0.7648465037345886
2676875317657205729,267.68753173255743,65.72057296425044,2.450000047683716,2.524772882461548
2678173192657206692,267.8173192749914,65.7206692570733,1.909999966621399,1.8903518915176392
2676741690657253178,267.6741690536548,65.72531782530419,0.47999998927116394,0.5139762759208679
2677798083653415241,267.7798083302607,65.34152412811059,2.869999885559082,2.9313671588897705
2678762860653459352,267.8762860937803,65.345935293758,2.700000047683716,3.2455637454986572
2678292648653565332,267.829264845726,65.35653320565268,2.640000104904175,2.9156134128570557
2674579332653830725,267.45793320041884,65.38307253657703,1.340000033378601,1.3629072904586792
2675534170653865166,267.553417059184,65.38651664613498,0.800000011920929,0.6950922608375549
2675477972653876043,267.54779724717366,65.38760430501885,1.350000023841858,1.377233862876892
2675564713653883503,267.55647136657035,65.38835033224142,1.3300000429153442,1.2357858419418335
2675143068653936294,267.5143068623515,65.3936294860404,1.7300000190734863,0.45893439650535583
2675402777653948426,267.54027770941855,65.3948426273276,1.1699999570846558,0.7662166357040405
2679247866653986713,267.92478663394525,65.39867135287466,1.6200000047683716,1.2672841548919678
2676448264654025651,267.6448264880361,65.4025651079362,1.2699999809265137,1.2149388790130615
2676231651654082414,267.6231651773785,65.4082414606386,1.9800000190734863,2.1175317764282227
2678940704654097912,267.8940704132554,65.40979127489815,3.6600000858306885,3.655468702316284
2679138893654106516,267.91388936816105,65.4106516823159,2.4200000762939453,2.441148042678833
2675562906654139144,267.55629068662506,65.41391442858493,1.7000000476837158,1.1272401809692383
2679132932654161391,267.91329322425355,65.41613915489731,1.2799999713897705,1.2350562810897827
2676293232654290922,267.6293232638443,65.4290922941721,1.1200000047683716,1.151973843574524
2674381685654437425,267.4381685164755,65.44374251528275,1.7699999809265137,1.5627318620681763
2675519729654442908,267.5519729271981,65.44429085175373,1.4500000476837158,0.6674298048019409
2676111465654499057,267.61114659202747,65.44990577247337,0.8100000023841858,0.46231216192245483
2675541901654507950,267.5541901984424,65.45079508299392,1.5299999713897705,1.4101380109786987
2675171660654526868,267.517166053509,65.45268686097342,1.5499999523162842,0.8156604766845703
2674139004654540428,267.41390046277655,65.45404280901325,1.75,1.4471036195755005
2673673467654630129,267.36734679672895,65.46301298165493,3.5999999046325684,3.904452323913574
2675182263654657742,267.5182263445757,65.46577422504126,1.409999966621399,1.3036761283874512
2678754412654652148,267.8754412518083,65.46521480414303,1.4900000095367432,1.3721282482147217
2677521095654694812,267.7521095946829,65.46948127765582,1.7899999618530273,1.7219194173812866
2675372310654725396,267.5372310473254,65.47253961346028,3.299999952316284,3.4360733032226562
2679716262654785840,267.9716262008206,65.47858404162947,1.8899999856948853,3.3550686836242676
2678171772654816949,267.8171772036981,65.48169493042141,2.309999942779541,2.6973092555999756
2677095828654890662,267.70958286195844,65.48906623752313,1.3700000047683716,1.280910849571228
2677869091654923431,267.78690915446396,65.49234315582517,1.8300000429153442,1.391968011856079
2674729517655138346,267.47295172341126,65.51383469033671,0.6800000071525574,0.34018224477767944
2674758820655230091,267.47588209351994,65.52300919936941,0.8700000047683716,0.7234908938407898
2676136644655323756,267.61366445689833,65.53237566302145,2.759999990463257,1.5139902830123901
2678558770655391720,267.855877009105,65.5391720490577,1.090000033378601,0.4077545702457428
2675818438655535110,267.5818438689347,65.55351105317109,1.4500000476837158,1.3034515380859375
2673548170655604819,267.35481708640606,65.56048194728601,1.5499999523162842,1.6031453609466553
2676303591655616919,267.63035910802313,65.56169194152534,1.2000000476837158,1.2117607593536377
2673304423655800573,267.3304423918583,65.5800573860274,0.9900000095367432,0.7890616059303284
2679249938655847995,267.9249938046081,65.58479956825322,3.049999952316284,3.3083066940307617
2674311937655860111,267.4311937509432,65.58601113533093,1.9900000095367432,1.5188463926315308
2679500344655869006,267.95003440076266,65.58690065774533,1.899999976158142,1.0249773263931274
2674544927655898939,267.4544927760835,65.58989392193146,0.9300000071525574,0.7947355508804321
2673340426655994575,267.33404261171586,65.59945751770643,1.4199999570846558,0.9279349446296692
2673601723656076891,267.36017238105256,65.60768913969468,3.5199999809265137,3.9527292251586914
2674739158656141246,267.47391582448586,65.61412464789953,1.4600000381469727,0.7374195456504822
2678787736656133608,267.87877361597094,65.61336088488831,1.159999966621399,1.1983897686004639
2674804254656172757,267.4804254563939,65.61727577575626,1.5199999809265137,1.483661413192749
2677779629656177456,267.7779629283523,65.61774565913237,1.3200000524520874,1.3666876554489136
2676696954656231880,267.6696954631755,65.62318805728472,0.75,0.17278677225112915
2677269169656248752,267.72691693743656,65.62487528152865,2.5899999141693115,0.7898569703102112
2677565967656271868,267.75659675966943,65.62718689864388,2.549999952316284,2.7176597118377686
2679093629656324985,267.9093629741546,65.63249857579704,1.7000000476837158,1.5649049282073975
2679125997656446607,267.91259973679865,65.64466078899594,1.409999966621399,1.4078831672668457
2676395450656526669,267.639545002283,65.65266696094557,1.6699999570846558,1.7958883047103882
2679417323656526411,267.94173238885287,65.65264110735868,1.4900000095367432,1.3686970472335815
2674607098656595965,267.4607098943263,65.65959653852617,2.3399999141693115,2.2105629444122314
2677765437656660762,267.7765437723341,65.66607629925814,1.2599999904632568,1.3010419607162476
2678962423656668556,267.89624239965303,65.66685560686808,1.309999942779541,1.0612437725067139
2677204968656734705,267.72049687473555,65.67347054811799,1.4199999570846558,1.5153886079788208
2675508156656775456,267.5508156941841,65.67754566115343,2.3399999141693115,1.4085538387298584
2679745936656861865,267.97459365324374,65.68618653315318,0.9900000095367432,0.8305832743644714
2677625917656915622,267.7625917181394,65.69156228417448,1.3799999952316284,1.235964298248291
2675780362656936555,267.57803622671355,65.69365554133438,1.409999966621399,0.8367390036582947
2676230002656983713,267.62300023420687,65.69837133966016,1.3600000143051147,1.2982401847839355
2679732244657115099,267.9732244956047,65.71150992544308,2.859999895095825,2.793184280395508
2678119810657155813,267.8119810158309,65.71558133386633,1.4900000095367432,1.401973843574524
2678060336653375219,267.80603369293345,65.33752194643529,1.7300000190734863,1.2176127433776855
2676750020653391036,267.6750020610376,65.33910361437052,0.7300000190734863,0.6800469160079956
2678428243653480964,267.8428243406044,65.34809640518556,0.7300000190734863,0.726045548915863
2677532651653506465,267.75326510386645,65.35064658449456,2.059999942779541,2.0352232456207275
2676984165653543784,267.6984165168554,65.35437841000595,0.8199999928474426,0.8527165055274963
2677456845653584388,267.7456845720233,65.35843884695322,1.2999999523162842,0.9830489754676819
2676215981653617576,267.6215981259546,65.36175760894176,1.0,1.0395170450210571
2676190530653649410,267.6190530302111,65.36494106567599,3.75,3.6898975372314453
2678885149653673338,267.88851495094656,65.36733388352252,0.07000000029802322,0.07056689262390137
2675106774653674238,267.5106774193675,65.36742384176095,2.0,0.24296997487545013
2676137038653681093,267.6137038247655,65.36810935285814,0.8999999761581421,0.8651134371757507
2678171195653681445,267.8171195083341,65.36814453692625,0.6000000238418579,0.5908100605010986
2676752519653726836,267.6752519824281,65.37268365069879,0.4699999988079071,0.35140272974967957
2676828307653773186,267.6828307548384,65.37731862610073,1.2100000381469727,1.3749477863311768
2675647921653815582,267.5647921968802,65.38155828434343,0.6299999952316284,0.6306056976318359
2676525086653849748,267.65250865231263,65.38497485817079,0.8799999952316284,0.8852658867835999
2676216394653860788,267.62163946685615,65.38607883739603,2.9100000858306885,3.173848867416382
2678951759653856519,267.8951759098581,65.3856519469614,1.2000000476837158,1.404959797859192
2678162444653877558,267.81624448951237,65.38775582932522,2.609999895095825,2.7234506607055664
2678819264653874653,267.8819264705607,65.38746539780036,1.75,1.6697801351547241
2677630585653905406,267.7630585508458,65.39054061403267,2.0899999141693115,2.20307993888855
2677004145653925846,267.70041455174817,65.39258469271878,1.5700000524520874,1.49001944065094
2677200304653933204,267.7200304177588,65.39332048326376,1.5,0.10732530057430267
2677028513653938146,267.7028513877839,65.39381460543142,2.049999952316284,2.1636464595794678
2675121338653955541,267.51213385752027,65.39555418252779,0.5699999928474426,0.5785238146781921
2678163039653968225,267.81630396667936,65.3968225956556,4.610000133514404,4.608057498931885
2678129054654002375,267.812905435847,65.40023755608316,1.0,0.9890987277030945
2677995363654011186,267.7995363935935,65.40111865119695,0.5299999713897705,0.625511884689331
2674914694654013294,267.4914694796676,65.40132947585201,1.4900000095367432,1.4122852087020874
2677707708654015785,267.7707708713323,65.40157853588096,,
2678579162654013854,267.8579162359553,65.40138544228535,3.9100000858306885,4.0148468017578125
2677097402654021089,267.70974026047344,65.40210890564312,0.9800000190734863,0.979308009147644
2675555393654044146,267.5555393045086,65.40441460384973,1.4500000476837158,0.27044159173965454
2674649138654061468,267.46491383833956,65.40614688957592,2.2100000381469727,2.410943031311035
2676842129654131892,267.6842129518606,65.413189221029,0.4000000059604645,0.35267654061317444
2679320972654238537,267.9320972222679,65.4238537245496,1.5,1.5133546590805054
2677473958654266605,267.7473958671388,65.4266605391094,3.559999942779541,3.9907407760620117
2679021336654270405,267.90213369206685,65.42704050373356,0.07999999821186066,0.07631414383649826
2676503354654288182,267.6503354782564,65.42881820788233,0.20000000298023224,0.11108934134244919
2678750359654292395,267.8750359058722,65.42923957013392,3.619999885559082,4.565145492553711
2677662162654297356,267.76621625934985,65.42973568627816,0.8399999737739563,0.6798288822174072
2674273042654307435,267.42730423056753,65.43074358555111,1.3200000524520874,1.0817958116531372
2676620501654311317,267.6620501959782,65.43113172282908,0.4000000059604645,0.4060632884502411
2676843296654346480,267.68432968752063,65.43464800798685,0.5899999737739563,0.38301241397857666
2675491813654352462,267.5491813783981,65.4352462528621,2.9600000381469727,1.1431865692138672
2679349596654348162,267.9349596739145,65.43481622261989,1.7599999904632568,1.7527680397033691
2677808899654402363,267.7808899433878,65.44023637825501,0.3499999940395355,0.1729467511177063
2675202865654425884,267.5202865169739,65.44258847250131,2.059999942779541,2.054717540740967
2679358390654423967,267.9358390180437,65.44239676780549,0.27000001072883606,0.24764683842658997
2674045919654466560,267.40459196731376,65.44665606635671,1.409999966621399,1.3784071207046509
2678969494654468494,267.8969494782727,65.44684943103346,0.6000000238418579,0.6625915169715881
2676028911654488816,267.60289112687167,65.44888165752454,1.9700000286102295,2.1102135181427
2677351315654487427,267.7351315263169,65.44874276886333,3.6600000858306885,4.300201892852783
2679067335654496346,267.9067335340517,65.44963464649395,1.6799999475479126,1.232640027999878
2678226550654533197,267.82265506904616,65.45331970773698,0.07999999821186066,0.07969412207603455
2677907566654537111,267.79075664425153,65.45371111345334,0.7599999904632568,0.7665987014770508
2679500624654556732,267.9500624968738,65.45567321652234,0.6299999952316284,0.40214481949806213
2674045276654577563,267.4045276354823,65.45775633339875,0.3100000023841858,0.30995792150497437
2678277079654594346,267.82770792278274,65.4594346864601,1.7799999713897705,1.4950779676437378
2677543024654607981,267.75430245978305,65.46079819712541,0.7200000286102295,0.703949511051178
2679411752654606974,267.941175201021,65.46069742187588,3.0199999809265137,3.023482322692871
2673866301654651274,267.3866301042453,65.46512743760191,1.6100000143051147,1.2117018699645996
2674819932654668043,267.48199326914846,65.46680433286254,0.6100000143051147,0.35801228880882263
2674806714654691558,267.4806714435058,65.46915585183011,1.25,1.2482861280441284
2677250423654719678,267.72504233059027,65.47196785558839,1.7000000476837158,1.689534306526184
2676887245654734467,267.6887245845762,65.47344672167377,1.9199999570846558,0.768236517906189
2674990414654761648,267.49904148844655,65.47616489774917,1.4900000095367432,1.4091931581497192
2677144563654762588,267.71445630585833,65.47625886437754,2.490000009536743,2.5186400413513184
2678167111654770236,267.8167111708718,65.47702362846348,3.450000047683716,3.4213199615478516
2673957725654777167,267.39577256267927,65.47771673092433,3.569999933242798,3.977342128753662
2678942806654772880,267.89428063618595,65.47728802660183,0.27000001072883606,0.2931858003139496
2676871018654782096,267.6871018810554,65.47820964977876,1.9500000476837158,1.4022719860076904
2679159447654782391,267.91594473401636,65.47823911998279,0.3199999928474426,0.30448973178863525
2673762440654815499,267.37624405340154,65.48154994030489,0.8500000238418579,0.8732556700706482
2673305762654819316,267.3305762765785,65.48193163545785,3.7899999618530273,3.840471029281616
2676407903654825489,267.64079033423445,65.48254898840135,2.9200000762939453,2.949679136276245
2673837096654830213,267.38370963244006,65.48302134725793,1.8799999952316284,3.186838388442993
2676584310654841443,267.6584310778123,65.48414437444985,1.399999976158142,1.2547699213027954
2679362884654838557,267.93628841166515,65.48385578943672,1.1799999475479126,1.2715306282043457
2675731154654879162,267.5731154843876,65.48791629225614,1.690000057220459,1.881945013999939
2678304781654872776,267.8304781963397,65.48727764858779,0.9200000166893005,0.8627031445503235
2679604803654872529,267.960480340213,65.48725294367283,2.299999952316284,2.6339375972747803
2675894430654892844,267.58944303079085,65.48928440826361,0.7300000190734863,0.7564311027526855
2674491354654898183,267.4491354264172,65.48981836252614,2.450000047683716,2.648736000061035
2677327522654911829,267.7327522333046,65.49118293550929,0.18000000715255737,0.10879343748092651
2678670044654917141,267.8670044799186,65.4917141668216,0.20000000298023224,0.19518794119358063
2675260307654952303,267.5260307314672,65.49523033070528,0.49000000953674316,0.28255563974380493
2677558713654975423,267.7558713071926,65.49754233139961,3.509999990463257,3.6388955116271973
2673294200654981706,267.3294200797295,65.49817063726125,1.4299999475479126,1.3033256530761719
2677241877654982129,267.7241877817837,65.49821297804338,1.7799999713897705,1.644179105758667
2673464742655001711,267.34647420608206,65.50017110171878,0.6600000262260437,0.40755894780158997
2673548060655033338,267.3548060337944,65.5033338143437,4.480000019073486,4.542758464813232
2674527812655066278,267.4527812315037,65.50662782650555,1.149999976158142,0.9964578151702881
2673702493655101307,267.37024933898084,65.51013076985633,0.3499999940395355,0.37760382890701294
2678793401655115373,267.87934010732374,65.51153739882432,1.5700000524520874,1.3768240213394165
2678008066655122124,267.80080663377953,65.51221241112744,1.090000033378601,1.0419774055480957
2677598572655130418,267.7598572990787,65.51304181059176,0.4699999988079071,0.4606051445007324
2674080992655134278,267.40809924417204,65.5134278176283,0.8500000238418579,0.8490031361579895
2676657242655140512,267.6657242017901,65.51405121313174,1.5299999713897705,1.3570443391799927
2673637202655145494,267.3637202470976,65.51454945079674,0.9700000286102295,0.9762080311775208
2674389131655150659,267.4389131820842,65.51506592481273,0.8600000143051147,0.8918832540512085
2678971217655166647,267.8971217225766,65.51666473122947,,
2673711611655187410,267.37116119055065,65.51874105881349,0.9100000262260437,0.9190435409545898
2677042125655187695,267.7042125888887,65.51876951606907,0.8199999928474426,0.8250008225440979
2674147407655203234,267.4147407485239,65.52032349838882,2.2699999809265137,2.2377634048461914
2676591587655202739,267.6591587079192,65.52027392403294,1.909999966621399,2.1626336574554443
2677181276655205671,267.71812768875645,65.52056715865344,2.2799999713897705,2.783571720123291
2674392936655247243,267.43929364325925,65.52472436120817,1.0399999618530273,0.927808940410614
2678226637655294024,267.8226637123099,65.52940243218106,4.300000190734863,4.247673511505127
2676743926655324332,267.6743926401167,65.53243323589929,1.909999966621399,1.812059760093689
2676585069655334056,267.65850690610296,65.53340562528308,0.07000000029802322,0.06988885998725891
2678304694655331199,267.8304694020363,65.53311996554251,4.730000019073486,4.748504161834717
2676765850655358758,267.67658500622326,65.53587580337629,1.4900000095367432,1.5586836338043213
2675018742655366063,267.50187425738187,65.53660637706587,0.7699999809265137,0.7698166966438293
2677190736655400496,267.71907366496606,65.54004966663489,3.319999933242798,5.4287848472595215
2674296187655443936,267.4296187983445,65.54439366815946,0.4300000071525574,0.2647818922996521
2677108015655474524,267.71080154641925,65.54745243502124,2.390000104904175,3.0697879791259766
2673669860655480647,267.36698603995967,65.54806479695183,1.1100000143051147,1.074526309967041
2673511718655482512,267.35117189904685,65.54825126376261,1.1799999475479126,1.1763702630996704
2677364063655486272,267.73640630365793,65.54862720503436,2.799999952316284,3.002227306365967
2677342873655497331,267.73428732814904,65.54973319700942,3.049999952316284,3.170457601547241
2675012755655502130,267.5012755268022,65.55021300817636,1.3200000524520874,0.23976580798625946
2674797037655512647,267.4797037977873,65.55126475848022,0.25999999046325684,0.23165398836135864
2676728998655525509,267.6728998258483,65.55255099324063,1.309999942779541,1.2719441652297974
2678297758655522326,267.82977584593806,65.55223262880644,1.7400000095367432,1.4549533128738403
2679583895655543708,267.95838954693625,65.5543708787616,1.0499999523162842,1.0413674116134644
2675790329655583144,267.5790329090224,65.55831442370769,2.8499999046325684,3.4023168087005615
2674005283655586246,267.40052836050063,65.55862462164836,2.440000057220459,0.8172726035118103
2673163964655590084,267.31639647369235,65.55900846274756,2.319999933242798,2.6095669269561768
2678520616655588362,267.852061691512,65.55883620756943,0.800000011920929,0.7706584334373474
2676823751655603930,267.68237519393847,65.56039301429539,2.5899999141693115,2.6610567569732666
2677042158655614983,267.70421583231837,65.56149836704543,0.3499999940395355,0.2854376435279846
2677814845655663284,267.78148454466475,65.56632840555837,0.07999999821186066,0.07994876056909561
2674312660655662132,267.4312660355203,65.5662132306248,1.3799999952316284,1.4022775888442993
2677473390655672225,267.74733902969655,65.56722255115407,1.4700000286102295,1.3151543140411377
2679608805655687810,267.96088056644896,65.56878100356676,0.9399999976158142,0.9207693338394165
2677555689655701197,267.75556892125314,65.57011974154847,0.8799999952316284,0.8568934798240662
2677354103655705967,267.73541030702194,65.57059674973542,2.1500000953674316,2.2167959213256836
2675292196655705227,267.52921964604013,65.57052271071736,0.5699999928474426,0.5636497735977173
2675329850655722540,267.53298503380574,65.57225406209234,1.1100000143051147,0.2628859281539917
2674589014655756816,267.4589014085965,65.57568163480468,1.9299999475479126,1.781333565711975
2678511460655785188,267.85114605745514,65.57851882965764,1.2899999618530273,1.364734172821045
2676838372655806149,267.6838372003221,65.58061490795768,1.149999976158142,0.943203866481781
2679427898655805911,267.9427898610603,65.58059111402925,0.6299999952316284,0.6263813376426697
2675443758655810604,267.5443758123397,65.58106040543518,0.10000000149011612,0.10017893463373184
2678018417655829154,267.8018417885711,65.58291541730414,2.4100000858306885,2.4243993759155273
2676230603655834740,267.6230603273896,65.58347402741762,0.7599999904632568,0.46049588918685913
2675695745655838153,267.5695745337891,65.58381537182586,2.549999952316284,0.49747413396835327
2678464193655839653,267.8464193430326,65.58396530083425,1.7999999523162842,2.0542593002319336
2673845246655868953,267.384524663526,65.58689538548599,1.9600000381469727,2.0547826290130615
2678811417655864641,267.8811417583374,65.58646419763798,3.319999933242798,3.3531064987182617
2673234255655887009,267.3234255107469,65.58870093933527,1.840000033378601,0.8642740845680237
2677181653655885605,267.71816539830724,65.58856054123605,0.9800000190734863,0.9284754395484924
2677043893655927387,267.70438930123436,65.59273878652307,0.09000000357627869,0.09038358926773071
2679514605655943765,267.95146052830904,65.59437657240785,1.5299999713897705,2.891029119491577
2678551312655975774,267.8551312934397,65.59757745968916,1.0499999523162842,1.040980577468872
2676446690655983295,267.6446690664259,65.59832951425109,3.569999933242798,3.6700375080108643
2673643940655991172,267.3643940197305,65.59911723590302,3.7699999809265137,4.13348913192749
2674220937655995405,267.42209379012644,65.59954055984532,0.8100000023841858,0.6808696985244751
2678537858655990720,267.8537858071965,65.59907207739863,0.30000001192092896,0.3005578815937042
2678351124656002814,267.8351124110186,65.60028146058862,0.3400000035762787,0.3477923274040222
2678702495656015116,267.87024953072927,65.60151163530989,4.130000114440918,5.138675212860107
2674896925656030156,267.4896925940027,65.60301562376307,4.670000076293945,4.6595258712768555
2679208512656035951,267.920851226322,65.60359516377059,4.619999885559082,4.62621545791626
2676182600656056453,267.6182600162185,65.60564536633876,1.6699999570846558,1.646546721458435
2675884544656063349,267.58845449996124,65.60633490108398,0.5799999833106995,0.621540904045105
2676531707656062766,267.65317070130953,65.60627665871556,1.659999966621399,0.27569547295570374
2678775858656083230,267.8775858095751,65.60832306971204,1.149999976158142,1.0789958238601685
2679050600656209130,267.9050600210698,65.62091301342642,0.7099999785423279,0.8834827542304993
2679238509656215286,267.92385099599124,65.62152866923913,0.9300000071525574,0.9647074937820435
2674700000656225518,267.47000000627975,65.62255182401383,1.8200000524520874,1.398818016052246
2678387376656245295,267.8387376677757,65.62452953414464,1.090000033378601,0.8147186040878296
2673590560656257681,267.3590560119731,65.62576816746832,0.36000001430511475,0.28427770733833313
2676744984656273432,267.6744984148773,65.62734323780012,0.23999999463558197,0.22082208096981049
2679612844656313245,267.9612844222176,65.63132455781727,0.6000000238418579,0.5971405506134033
2676151215656338494,267.6151215542721,65.63384942901011,2.069999933242798,2.0546646118164062
2676863767656350133,267.68637672243574,65.63501330708714,0.6499999761581421,0.6816959977149963
2676722248656350473,267.6722248119181,65.63504731194205,0.28999999165534973,0.23570553958415985
2675727686656368624,267.5727686001786,65.6368624861825,1.350000023841858,1.3522905111312866
2676211901656393136,267.6211901993425,65.63931364913695,0.4399999976158142,0.34932899475097656
2675854905656397123,267.5854905285729,65.63971234934388,0.9900000095367432,1.042142629623413
2677768570656399687,267.77685706470567,65.63996874749164,0.8999999761581421,0.8976392149925232
2675690123656418811,267.5690123361511,65.6418811926207,0.6399999856948853,0.6777498126029968
2677648593656518963,267.7648593399843,65.65189637603861,0.6899999976158142,0.7123045325279236
2675690170656524804,267.56901706091276,65.65248042519559,1.100000023841858,1.100695252418518
2676769938656528117,267.6769938077681,65.65281173842655,1.0800000429153442,1.0422265529632568
2678973513656539144,267.8973513637866,65.65391441896256,0.9900000095367432,0.9328380823135376
2676436250656545754,267.6436250293143,65.65457541476809,2.1600000858306885,2.2810943126678467
2676707942656545512,267.6707942438468,65.65455126135434,3.869999885559082,3.9619431495666504
2678498478656596957,267.84984784149793,65.65969577634436,0.949999988079071,0.9324098825454712
2679410028656611927,267.9410028440172,65.66119277974411,1.149999976158142,1.0978909730911255
2675908188656652936,267.5908188330614,65.66529361808568,2.4100000858306885,2.700511932373047
2679750521656643310,267.9750521187294,65.66433106406579,0.33000001311302185,0.322328120470047
2677065699656657783,267.7065699474242,65.66577832738476,0.3100000023841858,0.3131202757358551
2675324579656692513,267.53245794428045,65.66925137836837,0.33000001311302185,0.31455808877944946
2676520690656700406,267.6520690231675,65.67004063783027,1.1100000143051147,1.0138990879058838
2678073299656700059,267.8073299795752,65.67000597599329,4.039999961853027,4.062161922454834
2678244621656707016,267.82446217809184,65.67070166369221,0.44999998807907104,0.43502452969551086
2676811418656768929,267.6811418461044,65.67689298507955,2.240000009536743,2.7617785930633545
2679611855656788494,267.96118559356285,65.67884941098775,1.090000033378601,0.8890072107315063
2679084022656794662,267.90840228807775,65.67946628645294,3.319999933242798,3.3298542499542236
2677258906656820378,267.72589061821657,65.68203784902073,1.409999966621399,1.3929452896118164
2679299747656878087,267.9299747249457,65.68780875572067,0.9399999976158142,0.9228843450546265
2678207915656968211,267.82079151004194,65.69682112021562,2.450000047683716,3.049396276473999
2679471617656964494,267.94716174571573,65.69644941090074,0.9200000166893005,0.8573402166366577
2675287302656992060,267.5287302655884,65.69920601702808,2.380000114440918,2.837329864501953
2678888092657001269,267.8888092228775,65.70012692855403,1.159999966621399,1.1373690366744995
2679448358657009783,267.94483585506987,65.70097836035407,1.309999942779541,1.3050307035446167
2677110816657026961,267.7110816702942,65.70269619629917,1.3200000524520874,1.2762004137039185
2679251386657143430,267.92513864181444,65.71434307767201,0.20999999344348907,0.15942184627056122
2678982789657195307,267.89827898921686,65.71953076724643,0.4300000071525574,0.45960521697998047
2678328839657219590,267.83288393397254,65.72195901139784,1.340000033378601,1.3948699235916138
2677986583653357133,267.79865831096515,65.33571332416217,2.1600000858306885,3.041595935821533
2677104796653382028,267.7104796045574,65.33820284661701,4.670000076293945,4.661214828491211
2679209339653454587,267.920933986903,65.34545871030393,2.200000047683716,2.239328384399414
2676422773653577933,267.6422773435172,65.35779338236732,1.3600000143051147,1.3779672384262085
2677593977653620197,267.75939772452836,65.36201975014531,1.4700000286102295,1.5138269662857056
2679003776653806331,267.9003776739658,65.38063316708568,0.9599999785423279,1.21464204788208
2678958393653929326,267.89583932050544,65.39293263692709,1.3799999952316284,1.4058375358581543
2675182475653964322,267.51824750517494,65.39643225477332,1.409999966621399,1.3726781606674194
2675937874653974015,267.5937874839099,65.39740159044192,1.2000000476837158,1.193453073501587
2678697892653975656,267.8697892420531,65.39756569496635,3.0,3.618922233581543
2677289599653985910,267.7289599102528,65.39859109310594,0.6700000166893005,0.6730360388755798
2676678427653992012,267.6678427230332,65.39920123694704,1.2400000095367432,1.3002595901489258
2674350899654000569,267.43508991544786,65.40005698271503,0.7400000095367432,0.6995065212249756
2678747227654028628,267.8747227759409,65.40286288404005,1.149999976158142,1.2081860303878784
2679447814654080203,267.9447814533814,65.40802033641305,5.409999847412109,5.627811431884766
2677757840654093596,267.7757840920979,65.40935966852733,2.1600000858306885,2.1489484310150146
2677925511654147408,267.7925511154868,65.41474088060829,1.7899999618530273,1.0195701122283936
2675172511654164820,267.5172511345461,65.4164820024679,1.6399999856948853,1.8001405000686646
2676086677654187910,267.6086677767037,65.41879101431809,3.0899999141693115,1.1575199365615845
2677802517654194537,267.78025178820906,65.4194537519916,0.9300000071525574,0.18595543503761292
2679644354654220413,267.9644354883282,65.42204134679433,2.190000057220459,2.227156400680542
2673736376654327127,267.3736376324059,65.4327127836636,2.440000057220459,1.710313320159912
2674673004654436794,267.46730040322706,65.44367943698161,,
2678724024654448689,267.872402487658,65.44486895385909,1.3200000524520874,1.358821988105774
2679398667654453306,267.93986670894674,65.44533061423712,3.5399999618530273,4.877800464630127
2676340563654463525,267.63405631438627,65.44635251354224,1.899999976158142,1.4003021717071533
2677758226654483033,267.77582262345305,65.44830337578652,1.340000033378601,1.3659483194351196
2678564627654490031,267.8564627962574,65.44900319705025,1.340000033378601,1.368200421333313
2676007587654539723,267.6007587344646,65.45397239636242,1.9900000095367432,1.9613120555877686
2677878288654672986,267.7878288079454,65.46729863477486,1.2100000381469727,1.1410771608352661
2676751724654689599,267.6751724387309,65.46895994079586,0.8999999761581421,0.9614576697349548
2678870168654691782,267.8870168066018,65.46917820343062,1.659999966621399,1.5707447528839111
2677701281654699351,267.7701281025445,65.4699351105339,1.2599999904632568,1.2450790405273438
2675798163654705180,267.57981636913394,65.47051802989793,1.600000023841858,1.5276257991790771
2675943266654723685,267.59432663378936,65.4723685847447,2.9800000190734863,2.9458131790161133
2678884340654750635,267.88843400223544,65.47506358127373,3.240000009536743,3.981955051422119
2675434136654766574,267.54341363633955,65.47665747140809,1.6200000047683716,1.5587692260742188
2676361903654921076,267.6361903031566,65.4921076853191,3.4800000190734863,5.9485859870910645
2677354136654919173,267.73541365426934,65.49191731407414,2.2300000190734863,2.2630860805511475
2675980829655000346,267.59808296747144,65.5000346983224,1.840000033378601,1.9350292682647705
2673388095655027847,267.3388095484089,65.50278471252685,3.7300000190734863,3.8694865703582764
2673277397655035312,267.32773970330055,65.50353128012912,1.3300000429153442,1.2755308151245117
2677524430655053420,267.7524430558424,65.50534203325826,3.7899999618530273,5.438281536102295
2673402736655068871,267.3402736953581,65.50688714328516,1.2799999713897705,1.3609657287597656
2675820972655090551,267.5820972509673,65.5090551043807,1.6200000047683716,1.5643017292022705
2673162684655182584,267.31626846870273,65.51825845870867,1.350000023841858,1.3666391372680664
2674154090655189940,267.4154090011557,65.51899405868957,1.840000033378601,1.9480526447296143
2674641058655202796,267.464105816841,65.52027965025017,1.2100000381469727,1.2377389669418335
2677557167655232942,267.7557167721693,65.52329425724315,1.0800000429153442,0.9507143497467041
2672999876655290005,267.2999876825488,65.52900057305848,2.069999933242798,1.1477582454681396
2676058873655298661,267.60588730880806,65.52986612257503,1.8300000429153442,1.700259804725647
2675213658655329545,267.52136580844905,65.53295450277547,1.5700000524520874,1.5126497745513916
2678234864655351812,267.823486488726,65.53518123326648,4.0,4.029434680938721
2677388112655388114,267.7388112857596,65.53881142839379,0.5299999713897705,0.6499818563461304
2675271722655429464,267.5271722938452,65.54294643396929,1.2100000381469727,1.2487443685531616
2674073016655461230,267.4073016266012,65.54612306801326,1.159999966621399,0.7908392548561096
2677893515655513126,267.7893515668009,65.55131267455991,4.699999809265137,4.738704681396484
2674249733655555025,267.4249733013955,65.55550255605269,,
2674801588655636513,267.4801588862973,65.56365132401038,1.6299999952316284,1.4020617008209229
2675357826655727469,267.53578260430515,65.57274690343972,1.440000057220459,1.5133860111236572
2678926558655721330,267.89265583508916,65.5721330856922,0.800000011920929,0.7686517834663391
2674099895655823406,267.40998959750334,65.58234063251179,4.039999961853027,5.724165439605713
2675004675655842356,267.5004675458828,65.58423561576987,1.6200000047683716,1.21958589553833
2675962741655875331,267.59627413798904,65.58753311660656,1.6699999570846558,0.40574347972869873
2676671423655975092,267.66714238193964,65.59750924343108,2.2300000190734863,2.5414164066314697
2679125696656075775,267.91256962908517,65.60757759390802,5.860000133514404,5.908500671386719
2675475566656147176,267.54755665733046,65.61471768755035,1.3600000143051147,0.4611155390739441
2675482361656181039,267.5482361889521,65.61810396631898,1.340000033378601,1.3755918741226196
2678730540656264153,267.8730540446347,65.6264153415033,4.820000171661377,4.8412981033325195
2677312519656289825,267.73125197610284,65.62898259538149,0.38999998569488525,0.15904869139194489
2676893168656433770,267.6893168854243,65.64337708710019,0.8700000047683716,0.8360494375228882
2677811878656531900,267.7811878940029,65.65319006443654,0.75,0.7512032389640808
2678256863656543237,267.8256863682872,65.65432376541219,2.9700000286102295,3.1053738594055176
2677008368656553270,267.70083680765384,65.65532702466241,1.2200000286102295,1.3570436239242554
2678774702656753176,267.8774702256634,65.67531769982148,1.1699999570846558,1.2126318216323853
2676694378656804711,267.6694378196591,65.68047117440467,2.049999952316284,2.1827011108398438
2679380995656868092,267.9380995809334,65.68680921275896,3.2200000286102295,3.2387142181396484
2677220692656976718,267.7220692885139,65.69767188122866,3.799999952316284,3.9452245235443115
2676191828657000452,267.6191828573479,65.70004526858827,1.9700000286102295,2.1176586151123047
2676580203657083636,267.6580203048066,65.70836360846336,1.649999976158142,1.359529972076416
2676300352657096928,267.6300352013313,65.70969289340086,1.4299999475479126,0.36655810475349426
2677688587657163889,267.76885871496387,65.7163889230298,1.9700000286102295,2.0542943477630615
2678924636657166017,267.89246366195886,65.71660172080256,3.7799999713897705,3.995195150375366
2678059021657193679,267.80590211801353,65.71936795845923,1.8300000429153442,0.1452111005783081
2677038870653361914,267.7038870356824,65.33619143364332,1.0299999713897705,1.0430108308792114
2676707974653370272,267.6707974285351,65.33702727565992,0.9100000262260437,0.8399430513381958
2678154139653403654,267.81541397867267,65.34036542311009,0.3400000035762787,0.2994750440120697
2678343170653421823,267.83431708266306,65.34218239330878,1.9600000381469727,1.9835952520370483
2678350629653436789,267.8350629350992,65.34367893676043,1.8200000524520874,1.9616700410842896
2678608022653461587,267.8608022738619,65.34615875899757,2.1600000858306885,2.254586696624756
2677428635653490866,267.74286353364533,65.34908661744086,0.49000000953674316,0.5569272637367249
2676844541653534148,267.68445414094515,65.35341488848934,1.059999942779541,0.27911409735679626
2679523145653552508,267.95231451249555,65.35525083947252,3.049999952316284,3.223646402359009
2679046351653579054,267.90463518372985,65.3579054861515,3.740000009536743,4.107420444488525
2679103877653617905,267.9103877532329,65.36179050800291,0.949999988079071,0.8957192897796631
2677821301653630109,267.7821301925917,65.36301092179552,0.10999999940395355,0.08442254364490509
2678504235653651710,267.8504235047401,65.36517102737206,2.640000104904175,3.1675899028778076
2675749555653661225,267.5749555032034,65.36612250093997,2.7899999618530273,4.006438732147217
2675056133653670234,267.505613381323,65.36702341266694,2.509999990463257,0.45953282713890076
2679255906653700735,267.92559064199565,65.37007352502168,0.7400000095367432,0.7686339616775513
2675291438653715170,267.5291438969112,65.37151709265962,0.9900000095367432,0.10871384292840958
2675751660653724083,267.5751660566295,65.37240837496076,0.7400000095367432,0.4644412398338318
2679396130653744611,267.93961307267807,65.3744611269389,0.36000001430511475,0.36499491333961487
2677959289653759763,267.79592898598776,65.37597630048452,1.2699999809265137,1.3716304302215576
2677537500653783341,267.7537500394222,65.37833415517902,1.0800000429153442,2.7135188579559326
2675195577653838458,267.5195577103086,65.38384585739719,2.140000104904175,2.283888101577759
2678581545653863581,267.85815452953534,65.38635811815503,3.109999895095825,3.3028483390808105
2678610109653866697,267.86101091262765,65.38666971227593,0.5799999833106995,0.6873758435249329
2678445406653869420,267.84454063124224,65.38694205348976,1.440000057220459,0.9452089071273804
2675647656653902411,267.56476562131945,65.390241143149,2.819999933242798,3.3790700435638428
2675280032653905343,267.5280032617824,65.39053432681355,0.3499999940395355,0.16007034480571747
2677749482653905913,267.7749482312432,65.39059130418036,1.0800000429153442,0.9458953142166138
2676933325653923517,267.69333257655006,65.39235176116038,1.9500000476837158,0.23598848283290863
2678969671653924101,267.89696714535165,65.3924101171864,1.059999942779541,1.0277353525161743
2679356691653940171,267.93566917921595,65.39401719379632,1.9299999475479126,1.4055861234664917
2677370495653954591,267.7370495397486,65.39545919340763,2.069999933242798,2.504835367202759
2676129959653976874,267.6129959998736,65.39768749940195,0.6700000166893005,0.35039591789245605
2676836851653979629,267.6836851911151,65.39796294318012,3.109999895095825,3.3865976333618164
2678941935653975626,267.8941935716851,65.3975626986567,1.0499999523162842,1.0313466787338257
2676739523653992764,267.673952376939,65.39927648868682,0.49000000953674316,0.5189604759216309
2678314800653998513,267.8314800209909,65.39985134127922,2.1700000762939453,3.963188886642456
2679270141654009372,267.92701419948816,65.40093724932996,0.9200000166893005,0.9186347126960754
2675066669654098089,267.5066669859155,65.40980890168808,0.5799999833106995,0.6181427240371704
2676845875654113199,267.68458754420766,65.41131995231513,1.440000057220459,1.5119014978408813
2679270569654115369,267.9270569227776,65.41153691407735,1.2799999713897705,1.30890953540802
2674934998654144516,267.4934998079114,65.41445163989255,0.28999999165534973,0.2638876736164093
2679033977654144798,267.9033977683383,65.41447984903112,0.9399999976158142,0.1032014712691307
2674433053654171248,267.4433053310017,65.41712481941327,1.4800000190734863,1.3769375085830688
2676773961654170350,267.67739611100706,65.41703508655662,1.690000057220459,2.3990564346313477
2678673647654181615,267.8673647428839,65.41816154478913,3.990000009536743,4.056423664093018
2677367796654188879,267.7367796503692,65.41888795738424,2.259999990463257,2.6903505325317383
