object_id,right_ascension,declination,phz_median,phz_mode_1
-531966389282459491,53.19663896148288,-28.245949156663517,2.619999885559082,2.903203010559082
-531347533282455851,53.13475334394342,-28.245585161203447,3.630000114440918,4.028598308563232
-531713528282445822,53.17135288766233,-28.24458228445134,1.409999966621399,1.1446170806884766
-532279586282400347,53.22795865514716,-28.240034717289006,0.33000001311302185,0.2346174716949463
-529814597282398810,52.98145972778179,-28.2398810535332,1.2100000381469727,1.3133137226104736
-532309702282382441,53.23097024722987,-28.23824418777464,1.1799999475479126,0.5217137336730957
-529996086282376242,52.99960865848708,-28.23762428746799,1.340000033378601,1.2649632692337036
-530843208282367139,53.084320863406,-28.236713970932822,1.1200000047683716,1.1075345277786255
-530453218282361710,53.045321897477045,-28.236171065559226,0.6399999856948853,0.7730518579483032
-530384075282323924,53.03840755974319,-28.232392496658527,3.440000057220459,4.337960243225098
-530095536282319536,53.00955360084859,-28.231953671978438,2.740000009536743,2.8349409103393555
-530955990282281063,53.095599030119374,-28.228106325893307,0.75,0.7758961915969849
-530084567282224127,53.00845675764947,-28.222412705551353,3.700000047683716,4.179553031921387
-530639157282221396,53.06391576129674,-28.2221396462029,0.25999999046325684,0.2502093017101288
-531478307282220224,53.14783072995128,-28.222022416395347,1.4500000476837158,1.3676915168762207
-530011715282191465,53.00117156305704,-28.21914653973114,0.25,0.1732621043920517
-532494162282168639,53.24941627529473,-28.21686396006734,0.6200000047683716,0.5570369958877563
-531583109282167033,53.15831094220466,-28.216703318198267,1.5800000429153442,1.409979224205017
-530390059282145535,53.03900590111161,-28.214553558583294,1.559999942779541,1.4917471408843994
-531591601282135986,53.15916013689892,-28.213598630525585,3.0,3.25247859954834
-532380600282106038,53.23806006689398,-28.21060381470095,0.6499999761581421,0.7905110716819763
-532378854282105316,53.23788544145597,-28.210531600217816,0.6600000262260437,0.7042592763900757
-532141520282085205,53.21415200442347,-28.208520576269652,1.8799999952316284,1.9807077646255493
-530435051282050548,53.04350517088337,-28.205054800108584,0.8700000047683716,0.927952229976654
-529383211281956234,52.938321122738465,-28.195623464218507,3.009999990463257,0.4856790006160736
-532025362281952884,53.20253626682427,-28.195288425458212,0.5600000023841858,0.6375166773796082
-532610003281939895,53.26100030856433,-28.193989540455078,1.8300000429153442,1.6661885976791382
-530000137281930057,53.000013727279295,-28.193005780122437,0.5600000023841858,0.5836494565010071
-532256296281923819,53.22562964701206,-28.192381962609634,3.3499999046325684,3.4104249477386475
-529777532281889593,52.97775329338172,-28.188959365986364,0.7099999785423279,0.4815812408924103
-531547372281872630,53.15473723836618,-28.187263037153468,0.75,1.5620348453521729
-529995498281859823,52.99954988676626,-28.18598231778255,1.7799999713897705,0.4797627031803131
-530433032281858041,53.04330323114641,-28.18580410179426,1.9199999570846558,2.054842472076416
-531647953281820027,53.164795338641625,-28.182002791412383,1.4900000095367432,1.3111867904663086
-531288239281818388,53.128823937253316,-28.18183880158861,0.4699999988079071,0.32363635301589966
-532058891281812872,53.20588919214653,-28.181287234816136,2.2200000286102295,2.5722014904022217
-530878967281796806,53.08789670559536,-28.179680604600033,0.8999999761581421,0.943874716758728
-532592452281788160,53.25924525475748,-28.178816083460543,0.6100000143051147,0.15979938209056854
-531215421281786803,53.121542184641655,-28.178680345435318,4.730000019073486,4.8832292556762695
-531347418281776455,53.134741833797136,-28.17764558363028,2.640000104904175,3.6139075756073
-532588757281753008,53.2588757372239,-28.175300870953567,1.3799999952316284,0.6884219646453857
-531226541281745337,53.12265418586299,-28.174533774070333,1.6100000143051147,0.9415625333786011
-531450527281710030,53.14505276079888,-28.171003018865026,0.5799999833106995,0.6473420858383179
-530126064281709075,53.01260640547828,-28.170907542771076,3.380000114440918,4.088804721832275
-530936574281704482,53.09365749011317,-28.170448227446155,2.859999895095825,3.1345643997192383
-529291997281699599,52.92919976114668,-28.169959968287053,3.2799999713897705,3.2883875370025635
-530857742281688176,53.085774288204924,-28.168817648441728,1.7100000381469727,1.0182254314422607
-531370933281675611,53.137093391207785,-28.167561180426937,2.609999895095825,3.202845811843872
-531074452281672245,53.10744527940908,-28.16722456931198,0.5899999737739563,0.29834261536598206
-529943770281665006,52.99437704888691,-28.16650064659055,1.3799999952316284,1.412972331047058
-529994571281647172,52.99945714595598,-28.164717295177418,0.25999999046325684,0.2627226710319519
-531922299281596558,53.192229917077626,-28.159655812725617,3.369999885559082,3.329763174057007
-532092496281553474,53.20924961200825,-28.155347490631343,2.4600000381469727,2.2670726776123047
-529563571281525368,52.95635716147912,-28.152536888337423,2.9700000286102295,3.0668413639068604
-531317286281493046,53.13172869673959,-28.149304667579248,0.7900000214576721,0.7899878025054932
-530589785281486544,53.05897852369454,-28.148654402214216,1.850000023841858,1.3578763008117676
-531958710281444391,53.195871018660725,-28.144439151477176,1.7200000286102295,1.5840798616409302
-529432907281429253,52.94329077956566,-28.14292533616843,2.1600000858306885,2.20369291305542
-530742886281418695,53.07428862666074,-28.14186955421678,1.059999942779541,1.0646483898162842
-532432146281348291,53.24321467104345,-28.134829104218237,0.8700000047683716,0.8333962559700012
-529991436281339715,52.99914366168905,-28.133971572357286,1.559999942779541,1.5599700212478638
-529303977281339231,52.930397714158055,-28.133923171768924,2.119999885559082,2.3207075595855713
-529900960281336972,52.990096059709515,-28.13369726876592,1.840000033378601,1.959457516670227
-530437103281335136,53.04371039734238,-28.133513627063227,0.6600000262260437,0.6555688977241516
-531050045281319538,53.10500459120474,-28.13195386178171,2.880000114440918,3.6686480045318604
-532311588281293044,53.2311588871589,-28.129304421553062,2.430000066757202,3.4017255306243896
-529314077281291654,52.931407702613484,-28.129165420894886,1.5299999713897705,1.3046115636825562
-530410145281286378,53.04101454643482,-28.12863780863833,1.3899999856948853,1.4003068208694458
-530843957281273224,53.084395752637676,-28.12732240781818,0.8899999856948853,0.8474327921867371
-531343213281261916,53.1343213229662,-28.126191640917803,1.100000023841858,1.082904577255249
-531800880281235413,53.18008800942804,-28.123541331894952,0.9399999976158142,0.8958099484443665
-531389509281226137,53.138950982322164,-28.122613782000045,2.009999990463257,2.0517630577087402
-530463011281184871,53.046301174479545,-28.118487189769855,1.6200000047683716,0.1593870222568512
-530573442281175329,53.057344228199774,-28.11753294043336,2.069999933242798,1.5332043170928955
-529325439281152507,52.932543966597706,-28.115250728328864,0.6299999952316284,0.17941422760486603
-532650838281118747,53.26508382299537,-28.11187479553111,0.7799999713897705,0.7924789190292358
-530411849281121258,53.04118491936066,-28.1121258086874,2.2699999809265137,2.3219497203826904
-529190743281120754,52.91907439507408,-28.11207545464844,2.0899999141693115,2.4136672019958496
-531589994281119371,53.15899942633009,-28.111937185942054,0.4000000059604645,0.15993431210517883
-529964231281082004,52.99642314536156,-28.108200453405725,2.049999952316284,2.1985719203948975
-529226155281077421,52.92261558022963,-28.10774219079859,0.6600000262260437,0.7019332647323608
-531579052281059829,53.157905237951766,-28.105982998141016,2.140000104904175,2.373180627822876
-530590935281053796,53.05909358242035,-28.105379658008715,1.6200000047683716,1.5320115089416504
-531132056281042618,53.11320566903544,-28.104261832494096,2.7100000381469727,3.167832374572754
-531044915281041414,53.104491581929636,-28.1041414996304,2.7200000286102295,3.0507137775421143
-531763125281039570,53.176312591226356,-28.10395704551511,0.550000011920929,0.5081622004508972
-530650180280975417,53.06501805061733,-28.097541758948424,0.8299999833106995,0.6943128705024719
-532406736280960178,53.24067361597413,-28.096017874290567,3.2100000381469727,3.6510426998138428
-530980320280953659,53.09803206082163,-28.095365935029577,0.9599999785423279,0.9465617537498474
-530564757280933207,53.05647570701916,-28.093320720341566,0.9700000286102295,0.09367747604846954
-532533735280928352,53.25337355194566,-28.09283528653157,1.5499999523162842,1.6371947526931763
-529618502280914190,52.96185021003425,-28.09141904164389,2.6700000762939453,3.2222607135772705
-531158914280892710,53.11589149863341,-28.089271066396652,0.550000011920929,0.50560462474823
-531385815280891551,53.13858152085253,-28.089155177791813,2.369999885559082,2.294408082962036
-530996828280866312,53.09968282241459,-28.08663125116827,2.509999990463257,3.2317054271698
-530899426280849343,53.089942613212735,-28.084934326103777,2.2300000190734863,2.7903058528900146
-531673787280832105,53.16737877461425,-28.08321053871844,2.2899999618530273,2.991456985473633
-530982606280820666,53.09826068782227,-28.082066619402728,1.059999942779541,1.073032021522522
-532203143280791358,53.22031433853723,-28.079135806498616,,
-532143564280789533,53.21435645031772,-28.078953301115703,1.2400000095367432,1.3013564348220825
-530688715280743927,53.068871509666494,-28.074392763133464,0.5299999713897705,0.42000266909599304
-531573446280728322,53.15734464477686,-28.072832257356055,0.4099999964237213,0.3525019586086273
-532696499280721341,53.26964998794993,-28.07213415780787,1.0,0.979205310344696
-530493496280686704,53.049349618628824,-28.06867046587324,0.7599999904632568,0.1591128259897232
-530898162280669071,53.089816272893934,-28.06690714593762,0.9399999976158142,0.9166675209999084
-529880414280662748,52.98804140002663,-28.06627489222206,2.640000104904175,2.7816343307495117
-529750773280660079,52.97507730540813,-28.06600797004395,1.309999942779541,1.2821038961410522
-532163503280657027,53.21635033149978,-28.065702742941586,0.9100000262260437,0.9170663952827454
-530619212280649944,53.06192122032329,-28.06499443966804,1.8600000143051147,1.3095576763153076
-530094531280626945,53.0094531087673,-28.062694576415133,0.9399999976158142,1.041155219078064
-529965110280593690,52.99651109302742,-28.059369057308427,2.700000047683716,2.652559757232666
-531565190280586663,53.15651906494253,-28.05866636392731,0.8600000143051147,0.8351190686225891
-532600784280573359,53.26007848999219,-28.057335951230296,0.6499999761581421,0.6924121975898743
-532423743280540727,53.24237430552154,-28.05407276340392,2.130000114440918,2.201547145843506
-531177157280507439,53.117715795406326,-28.050743986007006,1.3899999856948853,1.2866994142532349
-531343081280495989,53.13430813113994,-28.049598937221525,0.47999998927116394,0.1603742241859436
-530894974282521002,53.08949740693309,-28.2521002754539,2.819999933242798,3.192034959793091
-530724677282496320,53.07246775002969,-28.249632006295137,2.109999895095825,2.0547869205474854
-530093966282462864,53.00939663126197,-28.246286446920283,0.5899999737739563,0.3045664131641388
-531922819282432331,53.19228195342389,-28.24323317238609,0.8700000047683716,0.8703251481056213
-531184876282420856,53.1184876771804,-28.242085685738818,0.9900000095367432,0.12842440605163574
-531006012282389992,53.10060121580798,-28.23899922703682,0.6399999856948853,0.6389520764350891
-532566386282360841,53.25663862146012,-28.236084142366074,2.0399999618530273,2.2067711353302
-530650300282329950,53.06503009330515,-28.232995094507952,1.6399999856948853,1.36750328540802
-531785882282284378,53.17858823308629,-28.228437806641594,2.859999895095825,2.860405445098877
-530992083282245717,53.09920832068012,-28.224571770534894,2.549999952316284,2.9311680793762207
-531319670282237560,53.13196707280696,-28.22375602273102,0.4699999988079071,0.2492883950471878
-530694905282232572,53.06949057045485,-28.223257284510133,1.3899999856948853,1.327289342880249
-532281795282202587,53.22817953555521,-28.22025874932659,0.5699999928474426,0.35298892855644226
-531118203282202973,53.1118203403747,-28.220297386645044,1.3700000047683716,1.3914798498153687
-530464307282194081,53.04643075436033,-28.219408124280232,2.140000104904175,2.2718822956085205
-530835015282114839,53.0835015727824,-28.21148397085839,1.6399999856948853,1.587428092956543
-531627786282103447,53.16277860261947,-28.21034475943064,2.059999942779541,1.561264157295227
-529756741282100250,52.97567413343895,-28.210025094194325,1.2300000190734863,0.3687242865562439
-531715904282081888,53.17159045188075,-28.208188806615432,3.4000000953674316,3.6878411769866943
-530906726282019365,53.09067262392075,-28.20193659708996,4.360000133514404,4.374841213226318
-530609820281905066,53.06098205198845,-28.190506649257525,1.6200000047683716,0.1902768313884735
-530892758281888136,53.08927584936279,-28.18881362269587,0.36000001430511475,0.3563169836997986
-532105728281882472,53.21057285691106,-28.188247246126885,1.600000023841858,1.5620523691177368
-530911824281833794,53.091182498521896,-28.18337946781049,0.699999988079071,0.7172103524208069
-531972417281823125,53.19724179814163,-28.182312547907642,1.4700000286102295,1.32133150100708
-532257371281794112,53.22573710446328,-28.179411217465553,1.6299999952316284,1.3717354536056519
-532392160281768624,53.23921606035266,-28.176862491529022,1.2200000286102295,0.32298389077186584
-530754735281752036,53.07547350815894,-28.17520364268595,0.6399999856948853,0.7934173941612244
-532162243281726357,53.216224399552225,-28.17263577988819,1.9199999570846558,1.8683427572250366
-531612166281679511,53.16121666234217,-28.167951127372042,0.75,0.506536602973938
-531123011281673507,53.11230114066606,-28.167350700011458,1.5,1.716336727142334
-529551116281668576,52.95511168139442,-28.166857622116826,1.8700000047683716,2.0541954040527344
-529850212281643340,52.98502126196166,-28.16433408193749,1.3899999856948853,1.3291807174682617
-531529987281637636,53.152998705290095,-28.16376369871013,0.8600000143051147,0.8621224164962769
-530364907281614617,53.03649077273925,-28.161461748895405,2.509999990463257,0.42342302203178406
-530002162281591559,53.00021626431318,-28.159155949224303,0.8600000143051147,0.4791403114795685
-529400639281569270,52.94006393038276,-28.1569270634407,4.21999979019165,4.37399435043335
-529307584281520945,52.93075844043679,-28.152094548792718,2.1700000762939453,2.5585203170776367
-529768269281519951,52.976826955463174,-28.151995149798672,0.5600000023841858,0.5599806308746338
-531627674281474690,53.16276743010709,-28.147469075016602,2.0,2.054861068725586
-529645253281459367,52.9645253296459,-28.145936794958978,1.159999966621399,1.141746997833252
-529196624281447671,52.91966248886131,-28.144767146129663,3.2300000190734863,3.633808135986328
-530083377281430995,53.00833776334291,-28.143099526528065,1.4800000190734863,1.6525354385375977
-529337800281397927,52.93378000973432,-28.13979272596313,1.7699999809265137,0.5118017196655273
-532072150281393944,53.20721500702169,-28.13939447873901,1.3200000524520874,1.147528052330017
-532216293281380832,53.221629396989876,-28.138083204168755,2.0799999237060547,1.7220070362091064
-529413732281305167,52.94137325159993,-28.13051670010571,2.059999942779541,1.760583519935608
-530424880281240020,53.042488011993086,-28.12400208271342,3.509999990463257,3.5865981578826904
-532395940281237916,53.23959407482196,-28.123791684082818,0.6700000166893005,0.6821479797363281
-531912483281229224,53.19124830904336,-28.122922417936742,2.2899999618530273,2.2714104652404785
-531718413281188603,53.17184133298854,-28.118860324762995,0.38999998569488525,0.3415352702140808
-531448486281149785,53.14484869092838,-28.114978570637213,1.7899999618530273,0.28111210465431213
-532619014281140107,53.261901414800406,-28.114010728206985,0.8899999856948853,0.7883897423744202
-531631234281130544,53.16312346460991,-28.113054420403866,1.559999942779541,1.2915719747543335
-530099839281123799,53.00998395147728,-28.112379964414618,1.3899999856948853,1.04246985912323
-529890731281070783,52.98907313956929,-28.107078370218435,2.109999895095825,2.228543758392334
-532557067281063469,53.25570674923579,-28.106346970656414,2.4100000858306885,2.4323112964630127
-530817301281048599,53.08173014327916,-28.104859931285223,2.5299999713897705,3.0045440196990967
-531282778281046151,53.1282778227507,-28.104615113109368,0.18000000715255737,0.05836987867951393
-529531681281024583,52.95316813139863,-28.102458360124874,2.9700000286102295,3.611649990081787
-532191465280999654,53.21914656194844,-28.099965410031196,0.6100000143051147,0.7200360894203186
-531206351280995239,53.120635194234325,-28.099523925652264,1.6699999570846558,1.6955472230911255
-531333416280977000,53.13334162258045,-28.097700025530727,1.6699999570846558,1.6417174339294434
-531454219280971086,53.145421908750784,-28.097108654383568,2.1700000762939453,1.6972072124481201
-531411888280961819,53.141188872272366,-28.096181989261822,1.1799999475479126,1.1532682180404663
-532648839280917218,53.26488399646939,-28.091721857678056,0.36000001430511475,0.1601819097995758
-532599353280896960,53.25993531150403,-28.08969601746401,0.6100000143051147,0.6278910040855408
-531876656280871136,53.187665653675616,-28.087113680166755,1.2100000381469727,1.1047093868255615
-531562400280841057,53.15624008678084,-28.08410573156588,2.2899999618530273,2.569124221801758
-532493108280818444,53.249310877657685,-28.081844472654492,4.239999771118164,4.2415289878845215
-530012110280792523,53.00121106143002,-28.079252382226016,0.7599999904632568,0.7978615164756775
-529694606280792249,52.96946062076528,-28.07922497851584,0.6399999856948853,0.67911297082901
-529051405280761665,52.905140518401026,-28.076166584821554,1.340000033378601,1.0973904132843018
-532530047280663686,53.25300479379826,-28.06636862561821,1.1399999856948853,1.1317378282546997
-531165029280646387,53.11650292112329,-28.064638700894537,0.4699999988079071,0.5287261009216309
-532251104280582451,53.22511040431094,-28.058245146678168,1.7400000095367432,1.7917379140853882
-529740561280531335,52.97405617159494,-28.05313356493769,0.41999998688697815,0.42002350091934204
-531134176280529939,53.11341761305511,-28.052993975169233,1.0399999618530273,0.4537845849990845
-529991693280502054,52.99916931745776,-28.05020540953927,2.4700000286102295,3.3099095821380615
-529648856280445861,52.96488562664022,-28.044586157463865,0.9900000095367432,0.9063887000083923
-532346323280435342,53.234632315995995,-28.043534275326653,0.4000000059604645,0.2786567211151123
-530550653280423210,53.05506535753767,-28.042321060954468,,
-530860341280405349,53.08603412885548,-28.040534959207054,2.0299999713897705,1.7115626335144043
-529671580280353358,52.96715808873172,-28.035335829054922,0.6200000047683716,0.3764518201351166
-531941154280347418,53.1941154104229,-28.034741865401752,4.590000152587891,4.6203389167785645
-531676585280342350,53.16765856327354,-28.034235011772154,1.5199999809265137,1.564136266708374
-530829629280342676,53.082962995538566,-28.0342676877319,3.009999990463257,0.8019487857818604
-531165756280308808,53.11657567457581,-28.030880836422433,1.909999966621399,3.0678176879882812
-531055309280300869,53.10553097806865,-28.030086970705323,2.5,2.9294469356536865
-531408859280296332,53.14088591033351,-28.029633296124334,0.7300000190734863,0.10441476106643677
-532197220280287520,53.219722079596934,-28.028752065428492,2.0999999046325684,2.1506550312042236
-529653289280279144,52.965328911374286,-28.02791443057139,1.9500000476837158,1.9787946939468384
-530258754280219610,53.02587547965112,-28.02196108091354,1.0700000524520874,0.7958555817604065
-532327030280212061,53.23270303352285,-28.021206103525692,0.6499999761581421,0.48281195759773254
-532100009280158391,53.21000098708781,-28.015839154050255,1.9199999570846558,3.0323853492736816
-529651566280156795,52.965156630515935,-28.015679547016553,0.8299999833106995,0.7695968747138977
-532436543280121547,53.24365431184587,-28.012154745049198,1.9299999475479126,1.770893931388855
-532361529280061650,53.23615299207051,-28.006165031917597,0.8100000023841858,0.4826854467391968
-530195250280031412,53.01952503760752,-28.0031412788967,0.7099999785423279,0.35437825322151184
-532107478280008013,53.21074788408734,-28.000801367966606,1.9600000381469727,1.7818289995193481
-531181459280008933,53.11814590000456,-28.00089330758973,0.75,0.7504830956459045
-530988411279963593,53.098841148185144,-27.99635930067859,2.240000009536743,2.2744860649108887
-531012210279951589,53.10122109239339,-27.995158966996605,1.5499999523162842,1.0440109968185425
-530474777279899374,53.04747771893108,-27.98993746234047,3.369999885559082,3.388237476348877
-530003519279866219,53.00035199580509,-27.98662197045901,2.6700000762939453,2.7038352489471436
-531461659279693136,53.1461659348364,-27.969313682401154,2.880000114440918,3.100675106048584
-530716146279663547,53.07161461814993,-27.966354713713145,0.699999988079071,0.7081955075263977
-529880032279662757,52.98800322345072,-27.966275794245192,0.5,0.5062751770019531
-530985592279637265,53.09855928841082,-27.963726586671367,1.340000033378601,1.289990782737732
-529659379279633508,52.96593793600528,-27.96335080768222,2.259999990463257,2.1063218116760254
-532002745279586521,53.20027453666864,-27.95865211561448,3.690000057220459,4.276031970977783
-529775095279555420,52.977509542668635,-27.95554205188767,1.1299999952316284,0.15979938209056854
-529766197279546956,52.9766197731813,-27.954695620182648,2.009999990463257,1.7558870315551758
-531910991279497902,53.19109914636723,-27.94979027388451,3.5299999713897705,3.6436779499053955
-531944929279472810,53.194492921288195,-27.947281094536784,2.0899999141693115,2.0991361141204834
-532332682279434712,53.233268275117524,-27.94347123482458,2.0199999809265137,2.054809808731079
-530324172282479638,53.032417285828004,-28.247963888736408,2.740000009536743,2.9107871055603027
-530049271282474640,53.00492713321471,-28.24746405911101,2.450000047683716,3.88535213470459
-530513830282471978,53.05138308773621,-28.247197843264075,1.149999976158142,1.1582305431365967
-531705540282461847,53.17055406969133,-28.24618477748114,2.4100000858306885,3.1803505420684814
-532456389282458351,53.24563897171534,-28.245835136099974,1.7899999618530273,1.3140671253204346
-532291160282297827,53.22911606056428,-28.229782733609895,0.7200000286102295,0.4073580801486969
-530205139282276598,53.02051391248272,-28.22765987348689,2.059999942779541,2.3294992446899414
-531062152282261132,53.10621524558248,-28.226113252861975,3.630000114440918,3.847860336303711
-530320459282257861,53.032045924641984,-28.225786153663897,1.5299999713897705,1.409298300743103
-530749510282248360,53.07495100135794,-28.224836042942698,0.7400000095367432,0.7736157178878784
-531289267282239959,53.1289267374891,-28.223995985008884,3.7100000381469727,3.7725138664245605
-529907573282205574,52.990757347015204,-28.220557481409365,1.7599999904632568,1.6947401762008667
-531321456282193167,53.13214568873995,-28.21931678597565,2.0199999809265137,3.4007112979888916
-532217765282062424,53.221776518668776,-28.20624242584929,3.25,3.6271982192993164
-530525656282056112,53.0525656956859,-28.205611265620906,1.5800000429153442,1.5082942247390747
-530120140282028785,53.01201405065916,-28.202878567682593,0.9700000286102295,0.9786747097969055
-531444847282008344,53.14448470004308,-28.200834433254432,0.5400000214576721,0.27621814608573914
-531748247281977083,53.17482475085071,-28.197708313273697,1.090000033378601,1.238722324371338
-531986731281964665,53.198673100837865,-28.19646654352724,0.46000000834465027,0.31297051906585693
-529388996281941375,52.9388996959386,-28.194137553746753,0.6000000238418579,0.6776446104049683
-530482651281927223,53.0482651446027,-28.1927223604546,0.8500000238418579,0.8535823225975037
-529977981281926183,52.99779818283465,-28.19261839668551,0.28999999165534973,0.2797893285751343
-531110795281909477,53.111079570926655,-28.190947751418232,2.1500000953674316,3.217623710632324
-530301676281901480,53.03016761764311,-28.190148076793747,1.5399999618530273,3.16609525680542
-529377640281854762,52.937764017345465,-28.18547627919323,0.49000000953674316,0.4839763641357422
-532298750281852369,53.229875048322256,-28.185236909085244,0.8100000023841858,0.27844560146331787
-531185954281835559,53.11859543611962,-28.183555914031547,0.6499999761581421,0.6486281156539917
-531143023281825227,53.114302367156604,-28.182522789438103,1.25,1.1518776416778564
-532376182281795177,53.23761828902175,-28.179517787157053,2.430000066757202,2.8420605659484863
-529722594281778755,52.972259494353324,-28.17787559612488,2.390000104904175,0.2887783646583557
-531697333281759547,53.16973336900814,-28.17595471225502,1.2799999713897705,1.3085119724273682
-530391850281746306,53.03918507109866,-28.174630608310398,1.7000000476837158,0.9237992167472839
-529967657281731115,52.9967657967153,-28.173111558428545,3.700000047683716,4.373899459838867
-531399255281671247,53.139925528957065,-28.167124763692165,0.9100000262260437,1.0428093671798706
-532516599281650904,53.25165991240356,-28.16509042028107,1.3200000524520874,1.2701839208602905
-532613560281649098,53.26135608496594,-28.16490989663494,0.23000000417232513,0.2244170755147934
-530419084281645335,53.041908490888844,-28.164533584962175,1.190000057220459,1.301754355430603
-530320753281643811,53.03207531172388,-28.16438114256335,3.5299999713897705,4.195859909057617
-529949900281608559,52.99499003124697,-28.160855939355212,2.259999990463257,3.043945074081421
-530426239281576057,53.04262392868477,-28.157605764866247,2.759999990463257,2.7841622829437256
-532635843281561828,53.26358436065214,-28.15618281973726,1.0199999809265137,1.079625129699707
-530364964281539947,53.036496484276356,-28.153994709820683,0.20000000298023224,0.05591106042265892
-532371300281532704,53.23713006717033,-28.15327043288339,0.6299999952316284,0.6310303211212158
-531223059281523253,53.12230596149595,-28.15232532012158,1.340000033378601,1.3507004976272583
-529972946281512319,52.997294632054526,-28.15123190977755,4.230000019073486,4.233531475067139
-530056102281511285,53.00561025138866,-28.151128527565263,3.490000009536743,4.355401039123535
-531561138281484685,53.15611382349581,-28.148468567836535,2.640000104904175,2.8782753944396973
-531693543281449862,53.16935431282812,-28.144986292644106,2.4100000858306885,3.002044677734375
-531835417281447172,53.18354177814671,-28.144717294020555,1.0299999713897705,1.0392240285873413
-531987122281444504,53.198712234088795,-28.144450413594686,2.0799999237060547,2.20439076423645
-529370330281438467,52.9370330043064,-28.14384679523543,0.6200000047683716,0.7248066067695618
-530973143281376803,53.097314301061346,-28.137680302972022,1.5399999618530273,0.2966482639312744
-530853185281362698,53.08531858718787,-28.13626982585383,0.8999999761581421,1.0147552490234375
-530690655281302353,53.06906559188186,-28.130235383947205,0.5,0.38779035210609436
-529531142281299092,52.95311428579279,-28.129909230440788,0.800000011920929,0.8026312589645386
-531149777281164431,53.114977767032215,-28.116443155703514,1.7300000190734863,1.5870298147201538
-531595649281134906,53.159564954241006,-28.113490685729932,0.4399999976158142,0.48216187953948975
-531829580281132800,53.18295808750294,-28.113280034939837,0.949999988079071,0.9089986085891724
-530679628281096303,53.06796282681403,-28.109630357335913,3.809999942779541,4.016391754150391
-530787878281068108,53.07878782643929,-28.10681083800995,1.309999942779541,1.1724567413330078
-532663612281064657,53.26636122433376,-28.106465769259902,1.7400000095367432,1.784166693687439
-529514273281067093,52.95142732722329,-28.10670935387946,1.909999966621399,1.984483003616333
-529612409281062620,52.96124098173161,-28.106262061476503,0.8799999952316284,0.855613648891449
-531500884281032103,53.15008848360838,-28.103210370891897,2.4700000286102295,2.61104679107666
-532366692281006524,53.23666921630761,-28.100652444804336,0.8600000143051147,0.9314092397689819
-531851821280985550,53.1851821756786,-28.098555032714653,0.9200000166893005,1.0433775186538696
-529319759280967214,52.93197599142162,-28.096721450842058,2.0,2.0115866661071777
-531969830280965624,53.196983054231055,-28.096562492221032,1.309999942779541,1.3166509866714478
-530804139280946748,53.080413950953016,-28.094674822087796,2.309999942779541,2.9270761013031006
-532004171280944918,53.20041714237386,-28.094491832098605,2.240000009536743,2.3755719661712646
-529907271280912656,52.99072710931822,-28.091265610275904,3.069999933242798,3.108468770980835
-531456688280897382,53.145668888067135,-28.08973825722462,2.9800000190734863,3.9088568687438965
-530365544280876274,53.0365544808041,-28.08762748414057,2.180000066757202,2.2401552200317383
-530504170280837928,53.05041705751066,-28.083792835228657,1.3200000524520874,1.3169598579406738
-530752608280824072,53.07526086233787,-28.082407228179022,2.880000114440918,3.5157899856567383
-530251428280798250,53.025142855446155,-28.079825020103137,0.6499999761581421,0.639430046081543
-530319626280787001,53.03196265331931,-28.0787001571735,0.5,0.41487446427345276
-531866111280782444,53.18661118555026,-28.078244486099745,1.0800000429153442,1.0426836013793945
-531946495280751466,53.194649530496584,-28.07514662682722,1.7699999809265137,1.904598593711853
-532650396280667196,53.2650396981334,-28.066719657309612,1.2699999809265137,0.7568231821060181
-530274593280670051,53.02745930715225,-28.06700516309538,1.6399999856948853,1.562169075012207
-529579767280666597,52.957976788043986,-28.066659765648982,3.4000000953674316,3.626932382583618
-530035688280662802,53.00356882579939,-28.066280251536703,1.899999976158142,1.9758243560791016
-530129374280620150,53.01293741144031,-28.062015043511895,2.049999952316284,2.8429253101348877
-529132846280555364,52.91328460503086,-28.05553649498616,1.5099999904632568,1.5628268718719482
-531271952280523504,53.12719524609714,-28.05235041130064,2.9700000286102295,3.791827917098999
-531705775280502315,53.170577562702356,-28.050231533856362,1.850000023841858,1.330696702003479
-532642564280477148,53.26425644000425,-28.047714868595516,2.359999895095825,0.767422080039978
-532412254280404346,53.24122544318941,-28.04043463278998,0.5099999904632568,0.4829893708229065
-531439106280379656,53.143910653018466,-28.03796565667231,3.759999990463257,3.7533247470855713
-529273782280342138,52.92737828416285,-28.034213872792908,2.4000000953674316,0.6585767269134521
-532618547280308570,53.261854755908544,-28.030857016033682,0.3799999952316284,0.15989157557487488
-531820083280244089,53.18200837031428,-28.02440890495277,1.6699999570846558,1.6280518770217896
-529219063280242835,52.92190637558885,-28.024283591740737,1.3600000143051147,1.060103416442871
-532287618280239172,53.22876182869042,-28.02391721648051,0.4300000071525574,0.37450623512268066
-529500289280207495,52.95002892377716,-28.020749565660143,2.3299999237060547,0.6963558793067932
-530355287280189704,53.035528756529565,-28.01897040147828,2.0399999618530273,3.176691770553589
-529477264280093349,52.94772647298696,-28.00933493979161,0.5899999737739563,0.685676634311676
-532369258280090088,53.23692580312211,-28.009008808133256,0.6499999761581421,0.698611319065094
-529630183280053368,52.96301833389266,-28.00533684076009,0.46000000834465027,0.16201601922512054
-531316370280050327,53.13163706979595,-28.00503277628555,0.9599999785423279,0.9308626651763916
-531377519280039691,53.137751907576245,-28.003969121892762,1.7599999904632568,1.5595557689666748
-530694432280037761,53.0694432880339,-28.00377617281275,2.440000057220459,2.609234094619751
-532475358280015743,53.24753583230812,-28.001574356173627,2.9100000858306885,3.6215980052948
-530282562279994655,53.02825623177288,-27.999465536346015,0.9900000095367432,0.9881858825683594
-530301607279983137,53.03016076692999,-27.998313777907487,1.149999976158142,1.068740725517273
-531547862279961122,53.154786259115134,-27.99611228465137,1.659999966621399,1.7657179832458496
-531934740279945094,53.193474016806576,-27.994509408032712,0.23999999463558197,0.2996327877044678
-531923756279937091,53.19237561850833,-27.993709162604834,1.6100000143051147,1.4871671199798584
-531368912279921564,53.13689129732705,-27.992156492187295,3.3299999237060547,3.8082523345947266
-531676941279895778,53.16769416944325,-27.98957787179432,0.3400000035762787,0.43586933612823486
-530200137279877733,53.020013759167384,-27.987773346881077,2.1700000762939453,1.7141162157058716
-531030527279875652,53.10305275664098,-27.987565287736484,0.2199999988079071,0.1080646738409996
-531860364279864146,53.186036431671845,-27.98641465000817,3.0299999713897705,3.770848512649536
-530683433279845420,53.06834339067512,-27.98454205038687,1.2999999523162842,1.3005629777908325
-531994592279810009,53.19945922043883,-27.9810009730312,1.690000057220459,0.7938503623008728
-531648346282480686,53.164834677728344,-28.24806869419916,0.800000011920929,0.7885193228721619
-531248558282471510,53.1248558699983,-28.24715102152591,0.33000001311302185,0.1603401005268097
-529802257282447531,52.980225791280105,-28.24475316395968,1.9500000476837158,3.433419942855835
-530944439282417056,53.094443980391894,-28.2417056328419,2.4600000381469727,2.5986411571502686
-532507417282414745,53.250741774341954,-28.24147459762627,2.049999952316284,2.1055748462677
-532098402282409800,53.20984023772088,-28.240980048510156,1.909999966621399,0.28062957525253296
-530814793282409745,53.08147935363209,-28.240974536262886,2.6700000762939453,3.2806284427642822
-529892357282407881,52.98923577956157,-28.24078818527041,2.0299999713897705,0.19752806425094604
-531392423282402447,53.13924231693944,-28.2402447293286,0.3700000047683716,0.3686763644218445
-531071783282400272,53.10717832541998,-28.2400272016215,2.5999999046325684,2.661024332046509
-530205001282391909,53.02050017963425,-28.239190941773888,3.490000009536743,3.90090012550354
-531352101282386718,53.13521019110498,-28.238671829450205,4.239999771118164,4.305701732635498
-530733950282382941,53.07339502986464,-28.23829413121293,1.840000033378601,1.8174349069595337
-529817662282366954,52.981766209489095,-28.236695472317596,4.269999980926514,4.286620140075684
-531560203282341322,53.15602032421446,-28.23413220270582,1.559999942779541,0.660378634929657
-530703762282337469,53.07037628745382,-28.233746900321957,1.4500000476837158,1.3328086137771606
-532254257282334086,53.225425793545,-28.233408679541736,0.949999988079071,0.9041205644607544
-531637418282326809,53.163741841030735,-28.23268095020857,1.7599999904632568,3.0604023933410645
-529963361282332198,52.99633619083645,-28.233219874051645,0.699999988079071,0.6807688474655151
-530893248282321285,53.089324885309445,-28.232128574896514,2.1500000953674316,1.6900484561920166
-530675034282273897,53.06750346985815,-28.22738971942246,0.44999998807907104,0.49806222319602966
-530928168282194128,53.0928168335204,-28.21941289407768,1.1200000047683716,1.1354143619537354
-530687677282161757,53.06876774472431,-28.216175739950263,0.47999998927116394,0.5050321221351624
-531612054282143779,53.161205479282096,-28.2143779058094,1.9600000381469727,2.0357861518859863
-532672594282137473,53.267259474703444,-28.21374734587789,0.28999999165534973,0.20265157520771027
-529912703282088477,52.99127035318141,-28.2088477847081,0.3100000023841858,0.15962955355644226
-530325811282068455,53.03258111344266,-28.206845560415733,2.819999933242798,3.0800421237945557
-532333276282064886,53.233327628631415,-28.206488661210376,4.289999961853027,4.480256080627441
-529756742282033784,52.9756742062698,-28.20337847195622,0.7300000190734863,0.31478336453437805
-531772164282020516,53.17721649872628,-28.202051631871974,0.49000000953674316,0.48453423380851746
-531333433281966489,53.133343397732915,-28.196648980990506,2.640000104904175,2.9413366317749023
-531150101281948498,53.1150101347802,-28.19484981931812,2.2100000381469727,2.844031572341919
-529613522281925748,52.96135222861612,-28.19257489524274,0.6499999761581421,0.6916691064834595
-531644595281902840,53.16445954401188,-28.19028408298944,1.5399999618530273,1.3706791400909424
-532386292281893465,53.23862923772378,-28.189346513769706,2.6500000953674316,3.2364468574523926
-529818305281879237,52.981830545887334,-28.18792374811884,0.4399999976158142,0.34182998538017273
-532298398281857443,53.229839854856614,-28.185744337680877,0.75,0.7413177490234375
-529629145281849044,52.962914515711056,-28.18490446809862,0.27000001072883606,0.2794526219367981
-529980090281760615,52.9980090251648,-28.17606150196881,0.6800000071525574,3.2051827907562256
-529383570281754241,52.93835709847795,-28.175424111818945,0.38999998569488525,0.40743526816368103
-529190666281725613,52.919066651496365,-28.17256137672146,1.8300000429153442,1.7018083333969116
-529898001281716237,52.98980018497436,-28.171623706644898,1.2000000476837158,1.1886694431304932
-531355260281707793,53.13552602621622,-28.170779339390666,0.27000001072883606,0.27000004053115845
-531441333281702757,53.144133337679015,-28.170275742741925,1.809999942779541,1.7101048231124878
-529291164281683508,52.92911646804474,-28.16835083206995,0.8999999761581421,0.14551471173763275
-531109120281661275,53.11091202424095,-28.16612758500826,1.5700000524520874,0.31481489539146423
-529974909281627447,52.99749097650817,-28.162744775101398,2.1500000953674316,2.711132526397705
-529883822281625178,52.98838223174302,-28.16251784835998,0.6899999976158142,0.6964492201805115
-531042018281601787,53.10420185072319,-28.160178737624708,3.1700000762939453,3.48893404006958
-530141638281550566,53.01416380641711,-28.155056637867016,1.5,1.6413050889968872
-531326470281548402,53.13264707248155,-28.15484027945015,1.5700000524520874,0.9620968699455261
-530099258281544937,53.00992588838352,-28.154493714929416,1.9299999475479126,1.9691288471221924
-529279557281542755,52.92795574657413,-28.154275598372433,4.260000228881836,4.374940395355225
-532190576281525156,53.219057626306366,-28.152515602795173,2.859999895095825,3.885927438735962
-529423729281514947,52.942372961076586,-28.151494762255705,0.5699999928474426,0.5336487889289856
-530212628281510358,53.021262886935766,-28.151035886207218,0.75,0.685128927230835
-531748835281504915,53.174883533366184,-28.150491524836568,0.25999999046325684,0.2723698318004608
-531740904281499405,53.17409040137835,-28.149940572465372,1.3899999856948853,1.3674267530441284
-530430543281496957,53.04305432851879,-28.14969576311514,3.7799999713897705,3.9087045192718506
-530143158281487601,53.01431585492514,-28.148760194707997,2.309999942779541,3.241691827774048
-529679313281487387,52.967931345946624,-28.14873872961533,1.3799999952316284,1.4112306833267212
-531017098281476958,53.1017098407544,-28.147695857468452,1.2799999713897705,1.0509166717529297
-532254860281463318,53.22548609862703,-28.14633184688801,1.059999942779541,1.0432225465774536
-532422164281453736,53.242216455252695,-28.145373698899984,1.190000057220459,1.1535316705703735
-530028058281443064,53.00280587080979,-28.144306417436788,1.899999976158142,1.3208941221237183
-531906418281419059,53.19064181408535,-28.141905912855034,0.23000000417232513,0.23790645599365234
-529278563281420743,52.9278563322356,-28.142074348000094,1.350000023841858,1.5591795444488525
-530671764281417715,53.0671764886373,-28.141771525600017,2.0399999618530273,0.20796245336532593
-529319588281416951,52.93195887933895,-28.14169519620317,2.359999895095825,2.732463836669922
-530752208281406595,53.0752208265951,-28.14065952454897,1.1100000143051147,1.0729655027389526
-529158246281338425,52.91582462636772,-28.133842540026926,0.49000000953674316,0.3201379179954529
-531375308281280742,53.13753083690671,-28.128074218078947,1.5299999713897705,1.5601922273635864
-530798781281225761,53.07987819793736,-28.122576170324088,0.8799999952316284,0.6926394104957581
-529953913281198338,52.99539138964082,-28.11983389240888,4.320000171661377,4.374875068664551
-530490912281172644,53.0490912406572,-28.117264452414727,0.8399999737739563,0.7735560536384583
-530041413281143012,53.004141323491766,-28.11430127684956,0.9200000166893005,0.8870035409927368
-529885086281139407,52.98850860835504,-28.113940711352356,0.9300000071525574,1.0432840585708618
-529600341281131371,52.96003418422068,-28.113137197341338,1.9500000476837158,0.16001874208450317
-530155794281130261,53.0155794354362,-28.113026141103106,1.2999999523162842,1.3043484687805176
-531677336281128207,53.16773361510721,-28.112820785267594,1.1799999475479126,1.1695894002914429
-531921948281036173,53.192194819032984,-28.10361735011059,1.3200000524520874,0.9342713952064514
-529122260281011026,52.91222609649841,-28.101102680380695,1.649999976158142,1.559940218925476
-529752666280972305,52.97526666455769,-28.097230555851983,2.4200000762939453,2.5466196537017822
-531350951280956931,53.135095128986116,-28.095693155634134,1.059999942779541,1.027174711227417
-531931229280938169,53.19312297115455,-28.093816959865233,1.6399999856948853,1.4065839052200317
-529339646280910981,52.9339646794112,-28.09109814273275,1.9800000190734863,2.030489444732666
-530879595280881035,53.087959575914695,-28.08810353618067,0.699999988079071,0.7007256150245667
-529931399280879292,52.9931399551989,-28.087929203506878,1.5299999713897705,0.767726719379425
-531311075280838871,53.13110752146502,-28.083887148802997,1.659999966621399,1.37522292137146
-531277836280822085,53.1277836081472,-28.082208584160124,1.8899999856948853,1.696205735206604
-531968104280817101,53.19681047394239,-28.08171014986666,2.5199999809265137,2.982074499130249
-531155383280814028,53.115538364660424,-28.081402864546316,0.3499999940395355,0.3382461369037628
-531462352280788606,53.14623522174325,-28.07886064388493,1.809999942779541,1.366996169090271
-529857906280745902,52.985790657986364,-28.074590226990424,0.6899999976158142,0.6278778910636902
-529767844280657420,52.97678449701152,-28.065742087258723,1.2699999809265137,1.271690011024475
-532272338280649515,53.227233850532244,-28.06495156772709,1.2000000476837158,1.1304042339324951
-531914757280644793,53.19147573517903,-28.06447936731944,2.0399999618530273,2.769420623779297
-532691986280567474,53.26919866199192,-28.056747405339657,1.5199999809265137,3.6808056831359863
-530287706280555679,53.02877062508867,-28.055567978492565,0.5899999737739563,0.6594951152801514
-532455607280533659,53.2455607177737,-28.053365900353437,0.3199999928474426,0.3141641318798065
-532406986280509250,53.240698619082515,-28.050925045902403,3.859999895095825,4.139418601989746
-531927301280506973,53.1927301361509,-28.050697378224157,1.7200000286102295,1.166974425315857
-532189326280469512,53.218932671344845,-28.046951253069484,1.3799999952316284,1.3090978860855103
-530185205280463936,53.01852059650052,-28.04639363081379,2.7899999618530273,3.1075901985168457
-530085424280462461,53.008542445117264,-28.046246119437527,1.0399999618530273,1.0544683933258057
-529921119280448159,52.9921119261961,-28.044815903117943,0.6399999856948853,0.6201614141464233
-529539462280439590,52.95394627608817,-28.043959057607864,1.9700000286102295,0.9012045860290527
-532414503280416882,53.24145031047158,-28.041688260658304,1.2000000476837158,1.3865433931350708
-532561049280412417,53.256104934541526,-28.04124177138492,2.359999895095825,2.598978281021118
-532203683280411439,53.220368360791134,-28.041143960349054,0.41999998688697815,0.49767059087753296
-530347280280405778,53.03472800385603,-28.04057783174905,0.5,0.5060195922851562
-529462603280369939,52.94626038260077,-28.03699392587566,0.4300000071525574,0.40094485878944397
-530729106280361950,53.07291069891801,-28.0361950776117,1.5499999523162842,1.4096832275390625
-529696916280343049,52.96969167016549,-28.034304930739733,1.4800000190734863,1.4846298694610596
-531152281280317301,53.11522811140751,-28.03173010991927,1.0499999523162842,0.3235626518726349
-531684193280275275,53.168419364231866,-28.02752757535294,2.5199999809265137,2.6612510681152344
-531820462282507723,53.18204628687076,-28.250772367763492,1.6699999570846558,1.3718383312225342
-530869331282478041,53.086933176758265,-28.24780418787138,0.7200000286102295,0.7046182751655579
-531040586282415628,53.104058614964984,-28.241562837627075,0.8100000023841858,0.855107843875885
-531300865282338670,53.13008654078265,-28.23386704368077,0.6499999761581421,0.6986392736434937
-531916794282336167,53.191679401812465,-28.233616759228614,3.069999933242798,3.4028446674346924
-530248873282305116,53.02488733731636,-28.23051161983703,3.1500000953674316,3.327214479446411
-530479653282241640,53.04796531443072,-28.22416400978194,1.4800000190734863,1.40324866771698
-530626471282240769,53.062647165133804,-28.224076954524733,2.259999990463257,2.2707576751708984
-529484105282188668,52.94841055445611,-28.21886685734899,,
-531450719282144378,53.1450719163007,-28.21443784885092,1.4199999570846558,1.305855393409729
-531031414282114576,53.103141479936845,-28.21145761549773,1.5199999809265137,1.3065693378448486
-530230515282087370,53.02305156934317,-28.208737098192785,3.130000114440918,3.311692237854004
-529482503282056135,52.948250378277045,-28.205613591092476,0.8799999952316284,0.8368434309959412
-531861686282025446,53.18616868040551,-28.202544644246974,1.9299999475479126,1.3094582557678223
-530723996282011743,53.072399678616044,-28.201174383457364,0.33000001311302185,0.31045612692832947
-531265497282002917,53.12654978394987,-28.20029173332033,0.3499999940395355,0.34761127829551697
-529865450281949690,52.986545042974285,-28.194969076711462,0.33000001311302185,0.1606423556804657
-530671653281924221,53.06716537129801,-28.192422136263808,2.740000009536743,3.2333452701568604
-531748438281921488,53.17484382630969,-28.192148844022686,0.3700000047683716,0.33090582489967346
-530183911281920315,53.01839112649517,-28.192031503022324,4.409999847412109,4.742767333984375
-531626182281888568,53.162618261613964,-28.18885687309553,2.25,2.9281508922576904
-530351622281830568,53.035162278674754,-28.183056876850536,1.5299999713897705,1.5630837678909302
-529490402281826501,52.949040279797565,-28.18265016179386,0.8199999928474426,0.39983823895454407
-529415743281821254,52.941574349238,-28.182125401033893,0.699999988079071,0.758902907371521
-529434033281769313,52.94340339514395,-28.176931304605546,2.509999990463257,2.8935940265655518
-529378495281768614,52.93784950287394,-28.176861473661273,1.0099999904632568,1.0120753049850464
-530713798281765326,53.07137985518728,-28.176532696187316,1.6299999952316284,0.1603333055973053
-530633912281735538,53.06339124227222,-28.173553884283354,2.0199999809265137,2.05470609664917
-531678506281704361,53.16785064563177,-28.170436149945722,1.090000033378601,1.043088436126709
-531083269281692828,53.10832694046258,-28.169282883015793,1.2200000286102295,1.0426019430160522
-532194357281689135,53.21943573377399,-28.168913527581445,0.8700000047683716,0.9243308901786804
-532257179281652655,53.22571799318213,-28.16526551147081,0.8999999761581421,0.8998209834098816
-532385471281648721,53.23854711824241,-28.164872184808534,1.5800000429153442,1.6904969215393066
-532621069281622403,53.26210691958452,-28.162240350388615,0.9700000286102295,0.9320448637008667
-530084230281614569,53.00842304978709,-28.161456928167144,0.5899999737739563,0.36993226408958435
-531224269281608498,53.12242697857448,-28.160849857408763,3.9700000286102295,4.231584072113037
-529514216281554774,52.951421649632834,-28.15547746401308,2.2300000190734863,2.2733585834503174
-530697496281553835,53.06974961317682,-28.15538352919923,2.380000114440918,2.4059643745422363
-531596907281544954,53.159690767165074,-28.154495403805907,1.9900000095367432,2.142153024673462
-530587492281513533,53.05874926417097,-28.15135337317688,0.5699999928474426,0.5324445962905884
-531046834281489772,53.10468344261025,-28.148977218625447,3.180000066757202,3.4558069705963135
-531343696281478973,53.13436967784379,-28.1478973060076,0.8799999952316284,0.9220939874649048
-531096246281469607,53.10962460285669,-28.146960732517638,1.2899999618530273,0.324169784784317
-530363538281444655,53.03635385636992,-28.14446553474875,2.630000114440918,2.751206159591675
-532088510281432385,53.20885105020577,-28.143238566888957,1.9800000190734863,2.0417418479919434
-530441351281418466,53.044135142051786,-28.14184668204786,3.3399999141693115,3.911142349243164
-530699288281405234,53.06992887959729,-28.140523409245638,0.3400000035762787,0.2927507162094116
-530055752281402713,53.00557528091881,-28.140271352679132,1.3799999952316284,0.5378837585449219
-532655104281393584,53.26551048875622,-28.139358476110672,2.2300000190734863,2.2648298740386963
-530342759281390043,53.03427597079314,-28.13900439242955,2.2799999713897705,2.3850479125976562
-532621462281329160,53.26214625966968,-28.132916088696433,1.090000033378601,1.1374104022979736
-530114300281301419,53.011430085829865,-28.130141942934525,1.6399999856948853,1.6120716333389282
-531952175281289479,53.19521755348774,-28.12894794736904,2.1500000953674316,2.7233827114105225
-532548859281274576,53.25488596003003,-28.12745769165373,0.5400000214576721,0.21925053000450134
-530414589281262145,53.04145893126242,-28.126214510950273,1.559999942779541,1.5074886083602905
-529982814281250741,52.99828141644058,-28.125074162299672,4.239999771118164,5.6507182121276855
-531972993281246101,53.197299310488425,-28.12461019798599,1.4800000190734863,1.0429376363754272
-529066792281198237,52.90667929695053,-28.119823769478828,0.3100000023841858,0.2762201428413391
-529974767281194118,52.99747677471455,-28.119411853944655,4.769999980926514,4.900121212005615
-530320398281192537,53.03203985687122,-28.119253755192304,0.8500000238418579,0.864133358001709
-530857305281190159,53.085730553606076,-28.119015977235435,0.8100000023841858,0.8543289303779602
-532328580281132591,53.23285806262324,-28.11325915700183,0.8600000143051147,0.8471208810806274
-529421737281122534,52.94217374660667,-28.11225345181336,2.8399999141693115,3.252117156982422
-532677315281091501,53.267731556428316,-28.109150165330846,0.6000000238418579,0.6028870344161987
-530384180281065330,53.03841804363782,-28.106533092611645,1.3899999856948853,1.2819005250930786
-529123986281051713,52.91239868520236,-28.105171385251204,2.5999999046325684,3.359829902648926
-529724226281006047,52.97242264837806,-28.10060473706326,3.0,3.0005135536193848
-530087278280999274,53.00872783082121,-28.09992746336195,0.9100000262260437,0.8372015357017517
-529330278280993758,52.933027893225976,-28.099375810294628,1.8799999952316284,1.3136990070343018
-529442364280979477,52.94423647644243,-28.097947765218997,1.3799999952316284,1.3041574954986572
-529535627280970867,52.953562799407,-28.09708672232306,0.9800000190734863,1.0411105155944824
-530996753280898327,53.09967536979064,-28.08983275294646,1.4199999570846558,1.2969815731048584
-532481047280886350,53.24810477464518,-28.088635032624556,0.7099999785423279,0.5049746632575989
-530450112280864579,53.04501128020634,-28.086457920384646,0.6800000071525574,0.6793107390403748
-530252197280856206,53.02521977696735,-28.08562062201673,1.8899999856948853,1.7098591327667236
-531263600280853320,53.12636004333411,-28.085332051412923,0.6399999856948853,0.27877068519592285
-531474695280850681,53.14746957290326,-28.085068166655805,1.6299999952316284,1.5611299276351929
-529287687280771995,52.928768782537006,-28.077199572148146,1.940000057220459,1.728471279144287
-531034117280745420,53.103411718136506,-28.074542011538206,0.9100000262260437,0.896227240562439
-530867070280740258,53.08670706342742,-28.074025865516937,1.2699999809265137,1.2296085357666016
-529495165280737950,52.94951653496729,-28.073795083509754,1.440000057220459,1.4108601808547974
-531403691280724604,53.14036913302505,-28.072460418624377,0.7799999713897705,0.7943720817565918
-532494550280670427,53.24945505927615,-28.067042719939685,1.159999966621399,1.1594276428222656
-529533623280664613,52.953362352774114,-28.06646137818855,0.8799999952316284,0.7935483455657959
-530237424280655530,53.02374243234169,-28.065553007808106,1.9900000095367432,1.770409107208252
-530738244280650529,53.073824449732406,-28.06505296604153,0.49000000953674316,0.5060390830039978
-531173319280640016,53.11733193310037,-28.06400161591488,1.190000057220459,1.149741530418396
-531645156280638143,53.164515648972056,-28.063814313700224,0.6700000166893005,0.7557895183563232
-532016774280626624,53.20167742968651,-28.062662467203893,1.5800000429153442,1.3148784637451172
-532297308280582780,53.22973085942099,-28.05827803613086,2.390000104904175,1.7219346761703491
-529312924280493515,52.93129247308353,-28.049351572842827,1.7999999523162842,0.9346116185188293
-529979283280450527,52.99792831869048,-28.045052725252987,0.6399999856948853,0.6493644714355469
-530559097280439548,53.05590973770556,-28.043954859167847,1.0499999523162842,1.1487188339233398
-529529450280421466,52.95294501318579,-28.042146657201855,0.9200000166893005,0.8935471177101135
-532274961280412191,53.22749618910971,-28.041219133427543,1.0299999713897705,0.7916638851165771
-532176795280408529,53.21767952905087,-28.0408529199246,2.190000057220459,0.7000225782394409
-532430570280384606,53.24305708165254,-28.038460671225327,0.5099999904632568,0.5020239353179932
-529154162280365671,52.91541621693963,-28.03656710871352,0.3100000023841858,0.29542699456214905
-530518783280345936,53.051878370730186,-28.034593602574244,1.4600000381469727,1.1225862503051758
-530809311280314506,53.08093115843005,-28.0314506051314,0.20999999344348907,0.1613682359457016
-531634432280301527,53.1634432318658,-28.030152770387517,1.409999966621399,1.451289415359497
-532287051280288408,53.22870514242998,-28.02884085381262,0.8799999952316284,0.9645801782608032
-530840268280282371,53.08402689603428,-28.02823712308066,0.6499999761581421,0.29436996579170227
-530869930280248516,53.08699304392297,-28.024851660464076,1.1200000047683716,1.2810496091842651
-529668827280248278,52.966882759341516,-28.024827833194,2.75,3.2183148860931396
-530926826280163829,53.09268261029483,-28.016382968099585,1.149999976158142,1.166907548904419
-530386197280158399,53.03861979434098,-28.015839955601663,1.9900000095367432,1.693291187286377
-530323456280152992,53.03234560119081,-28.015299288938262,0.2800000011920929,0.2824440002441406
-531933302280138476,53.1933302802501,-28.01384768874138,2.5,2.5616984367370605
-530469603280136042,53.046960341846756,-28.01360428824138,0.9900000095367432,1.0582129955291748
-530139421280109376,53.01394216081896,-28.01093768027685,0.46000000834465027,0.41359207034111023
-531989199280097468,53.19891990784572,-28.009746821177426,0.46000000834465027,0.29764169454574585
-532134673280076870,53.21346736590746,-28.007687047753194,3.559999942779541,3.6084201335906982
-532163002280070904,53.21630023486594,-28.007090404962675,0.9700000286102295,0.9341993927955627
-531747571279984557,53.17475715508611,-27.99845573112909,1.0800000429153442,1.124320387840271
-532676481279930754,53.26764812894427,-27.993075423046257,1.1200000047683716,1.155734896659851
-531464145282529268,53.146414524378756,-28.252926893004293,0.6200000047683716,0.6967684030532837
-530154219282476810,53.01542194802901,-28.247681020227244,0.5899999737739563,0.20628000795841217
-531881473282404380,53.18814737179571,-28.240438069579806,0.30000001192092896,0.3002983629703522
-531707825282382070,53.17078253145503,-28.23820706804831,2.4600000381469727,3.085850238800049
-529654164282359802,52.965416479010585,-28.23598026641923,1.0800000429153442,1.0890727043151855
-531746435282307754,53.17464357262362,-28.230775446364817,2.299999952316284,2.5203516483306885
-530257926282306469,53.0257926649684,-28.230646938217475,2.3399999141693115,2.2856690883636475
-529851578282214744,52.9851578528164,-28.221474462339792,1.9299999475479126,1.401180624961853
-529699467282179677,52.969946798868605,-28.21796778676672,0.5099999904632568,0.5324956774711609
-531407250282177359,53.1407250350648,-28.21773595492733,0.3400000035762787,0.31658482551574707
-532447289282116514,53.244728997975095,-28.211651463995587,0.6100000143051147,0.31394103169441223
-531676104282106737,53.16761045063987,-28.210673779946944,0.75,0.7659055590629578
-529394936282076642,52.939493670873915,-28.207664227641125,1.5199999809265137,1.5035392045974731
-531759042282069420,53.17590427504513,-28.206942030312344,0.6299999952316284,3.2646055221557617
-529940254282029970,52.99402543002971,-28.20299708600747,0.3199999928474426,0.30019474029541016
-530230871282027781,53.02308719941167,-28.20277814397375,3.240000009536743,3.895590305328369
-532497102282017919,53.249710286369854,-28.201791952347268,1.840000033378601,1.5094424486160278
-530001990282006259,53.00019909565869,-28.200625944572273,0.8799999952316284,0.8795087933540344
-531388921282007452,53.13889217426585,-28.200745298397024,3.890000104904175,3.919140100479126
-531647580281981129,53.1647580603652,-28.198112996038585,1.7699999809265137,1.3064734935760498
-529912003281979897,52.991200363687156,-28.197989797336003,0.3499999940395355,0.31005221605300903
-530024885281971392,53.002488553478365,-28.197139286730298,2.25,2.397369623184204
-530388441281970696,53.03884411676683,-28.197069693050196,1.100000023841858,1.043441653251648
-531766054281962145,53.176605404593644,-28.19621453742644,3.809999942779541,4.003039836883545
-532551429281950260,53.25514292512221,-28.195026097626734,0.7699999809265137,0.8640003204345703
-529827050281900075,52.98270506295517,-28.19000753848722,1.7100000381469727,1.72284734249115
-531137941281891686,53.113794170021016,-28.189168627883,0.3400000035762787,0.33198875188827515
-532440135281888696,53.24401358243184,-28.188869660641814,2.319999933242798,2.3604490756988525
-529907443281867198,52.99074432389932,-28.186719830008705,0.5199999809265137,0.2893454432487488
-531418791281829650,53.14187911448285,-28.182965070206002,1.9800000190734863,1.759411334991455
-532338194281795286,53.23381949479418,-28.179528641447607,1.25,0.9631202816963196
-532683153281790938,53.26831539635894,-28.179093817126216,1.5499999523162842,1.3966692686080933
-530449641281790154,53.04496418108748,-28.179015498499968,1.7999999523162842,0.3140927851200104
-529760173281790548,52.97601736729084,-28.179054853421654,2.390000104904175,2.4655935764312744
-531197992281785428,53.11979925388787,-28.178542897361037,0.5799999833106995,0.6047438383102417
-530305513281741051,53.03055132394493,-28.174105188376757,0.9100000262260437,1.043204426765442
-530091771281710101,53.00917716547394,-28.17101018628452,0.7300000190734863,0.7288814187049866
-530918592281707330,53.09185923903261,-28.17073302331921,0.6200000047683716,0.6916007399559021
-529392144281702969,52.93921443297701,-28.170296902281887,0.41999998688697815,0.4136635959148407
-529710965281694229,52.97109656762022,-28.16942291141149,2.430000066757202,2.5555477142333984
-531380231281681644,53.138023168372385,-28.16816446854349,3.6600000858306885,4.000183582305908
-530625445281646493,53.06254455305487,-28.164649399460423,1.309999942779541,1.2624865770339966
-531423328281644290,53.142332881037426,-28.16442904212144,0.6700000166893005,0.6975811123847961
-529791217281630345,52.979121705695185,-28.163034503000414,3.119999885559082,3.6099655628204346
-530670978281571899,53.067097842475086,-28.157189931797163,3.7300000190734863,3.8298704624176025
-529242719281568020,52.92427194063068,-28.156802038584424,0.4000000059604645,0.4121280908584595
-530360569281533956,53.036056910109004,-28.153395624856433,1.1699999570846558,1.16241455078125
-529950620281505066,52.995062079586354,-28.150506632245833,3.6700000762939453,4.233143329620361
-529526162281495217,52.952616297497016,-28.149521767536545,4.619999885559082,4.760132312774658
-531269966281492828,53.12699662236314,-28.14928285721413,2.069999933242798,2.7401013374328613
-530057650281472359,53.00576503560389,-28.14723592042324,0.7200000286102295,0.8575542569160461
-531035341281433729,53.1035341422629,-28.143372938207552,2.140000104904175,0.4636427164077759
-529804851281403457,52.98048511045404,-28.14034574874498,1.5499999523162842,1.6363459825515747
-531263262281398547,53.12632625283105,-28.139854745117585,1.25,1.1772513389587402
-530574061281398642,53.05740610025721,-28.13986425141676,2.009999990463257,1.7799757719039917
-529253618281376217,52.92536188211535,-28.137621743973398,0.5600000023841858,0.3678477108478546
-530444259281370946,53.04442596494545,-28.1370946760461,1.440000057220459,1.2595018148422241
-529314647281370483,52.931464719341214,-28.13704835573367,1.2599999904632568,1.2556941509246826
-530753972281362248,53.07539729487578,-28.13622483308161,2.380000114440918,2.350379705429077
-531057660281321676,53.10576609896786,-28.13216768065307,1.3899999856948853,1.3879926204681396
-530516243281318704,53.05162438989733,-28.13187048609777,2.9800000190734863,3.524930715560913
-529998632281288822,52.999863222174895,-28.128882258620276,0.6299999952316284,0.6959047913551331
-529526072281287910,52.95260728840634,-28.128791088056843,1.2300000190734863,1.140640139579773
-530016041281280221,53.001604112842,-28.128022158025793,1.4299999475479126,1.3040354251861572
-530122667281272621,53.01226671036327,-28.127262104818957,1.4600000381469727,0.41050419211387634
-529604261281264710,52.960426138162774,-28.126471019807653,0.5299999713897705,0.7590560913085938
-532304800281258809,53.23048000191765,-28.125880923758316,2.609999895095825,3.042614698410034
-530442339281252803,53.04423391430224,-28.125280349440978,2.640000104904175,2.710487127304077
-531083071281236391,53.108307135224734,-28.12363915658024,2.9200000762939453,3.4112648963928223
-532142182281233705,53.214218254758634,-28.123370501973184,0.23999999463558197,0.2429254651069641
-529607700281232664,52.96077001178614,-28.123266493064943,2.569999933242798,2.605930805206299
-531728385281221285,53.172838594461844,-28.122128533210965,2.9200000762939453,2.959169387817383
-530394482281191193,53.03944823849821,-28.119119369549793,0.49000000953674316,0.3024331331253052
-530223924281169929,53.02239242262261,-28.116992954539295,1.6399999856948853,1.2872308492660522
-529518700281142773,52.95187001093755,-28.114277384830455,0.1599999964237213,0.15999378263950348
-530536646281107500,53.05366464442163,-28.110750058440658,0.9800000190734863,0.6827293038368225
-532427205281017809,53.24272058724763,-28.101780906022718,0.7599999904632568,0.8370781540870667
-529946025281016448,52.994602544591444,-28.10164485594987,3.0399999618530273,3.2774627208709717
-530087476281011484,53.008747611379874,-28.10114843865753,2.2200000286102295,2.0366790294647217
-531835965281003063,53.183596509098656,-28.100306360597497,1.909999966621399,0.3127049505710602
-531647976280976347,53.16479769091793,-28.097634761398695,1.9600000381469727,0.8019779324531555
-530707405280971704,53.070740546989796,-28.097170426784274,1.409999966621399,1.0000946521759033
-529563437280906423,52.956343761612025,-28.0906423455772,1.899999976158142,1.6952872276306152
-530531803280869865,53.05318032021166,-28.086986501432488,1.2100000381469727,1.194222331047058
-529136643280861271,52.91366433755285,-28.08612713078658,1.590000033378601,1.8604620695114136
-532152852280843691,53.215285281121375,-28.08436913709671,2.2100000381469727,2.3752472400665283
-530761431280840399,53.07614312352876,-28.084039905661726,2.690000057220459,2.5593302249908447
-529322224280824109,52.932222433026205,-28.082410970307972,2.049999952316284,2.2815120220184326
-531795535280810025,53.17955352696357,-28.081002597887363,3.059999942779541,3.3225483894348145
-530289464280755993,53.02894642846996,-28.07559938462457,0.5699999928474426,0.47932252287864685
-531721329280742073,53.172132931074295,-28.074207370406256,3.5999999046325684,3.4955055713653564
-531231256280692840,53.123125659010064,-28.069284016705183,3.569999933242798,3.626209020614624
-531758014280666825,53.175801455965484,-28.0666825549826,1.2599999904632568,1.2860370874404907
-530997351280587484,53.09973510898335,-28.0587484863346,3.180000066757202,3.629075765609741
-530708050280582434,53.070805059737125,-28.058243411877392,1.4500000476837158,1.311342716217041
-530888785280577226,53.088878561282186,-28.05772265977301,0.550000011920929,0.2754778563976288
-532145358280567172,53.21453588664831,-28.05671727010261,0.5600000023841858,0.34934279322624207
-529421309280535781,52.94213090435363,-28.053578123879984,1.559999942779541,1.288913607597351
-530962735280503722,53.09627353768785,-28.050372246123594,1.8700000047683716,0.19063344597816467
-532086345280491666,53.20863459886233,-28.049166643811944,1.690000057220459,0.29616695642471313
-532415622280444637,53.24156220613087,-28.044463778688343,1.3700000047683716,1.304329752922058
-531857741280443313,53.18577412315416,-28.044331320218586,2.2200000286102295,2.6676318645477295
-532068229280394680,53.206822926080285,-28.03946804371545,0.3400000035762787,0.3138914108276367
-530919703280371570,53.0919703237052,-28.037157042572655,0.49000000953674316,0.49229976534843445
-529967398280367184,52.99673985540132,-28.036718477236384,1.2300000190734863,0.8735108971595764
-530990260280357450,53.099026042428925,-28.035745074425407,0.6499999761581421,0.6879682540893555
-531360990280332370,53.13609905681186,-28.033237087276092,0.1899999976158142,0.15868043899536133
-532598928280306036,53.25989283973179,-28.03060369263485,2.930000066757202,3.2354958057403564
-531829768280292182,53.18297687369683,-28.029218295892846,0.9800000190734863,0.4595416784286499
-530081639280259665,53.008163902355285,-28.02596659898322,2.1500000953674316,2.1509664058685303
-531826045280225789,53.18260458696365,-28.022578969909194,0.8299999833106995,0.5331188440322876
-531850412280217669,53.18504128341921,-28.02176698363747,1.9700000286102295,3.207054376602173
-532344431280207104,53.23444310784223,-28.02071047438563,1.2899999618530273,1.0978790521621704
-532296414280140891,53.22964146476337,-28.014089161384955,1.4199999570846558,2.8409342765808105
-531155076280139525,53.115507683675396,-28.013952528958804,1.1699999570846558,1.1523593664169312
-531758925280136921,53.17589256881486,-28.013692137386062,2.2799999713897705,2.4030044078826904
-530932468282524338,53.09324680495826,-28.252433823297796,1.2000000476837158,1.2870103120803833
-530935080282458429,53.09350806928004,-28.245842926748537,0.7799999713897705,0.7693289518356323
-532664080282372704,53.26640801831339,-28.237270477216967,2.619999885559082,3.068267822265625
-530091291282364376,53.009129180793956,-28.236437697462918,3.119999885559082,3.4467549324035645
-530064892282339485,53.00648921701304,-28.233948588767554,2.109999895095825,2.427140712738037
-532170709282332338,53.217070980887335,-28.233233833009063,3.0999999046325684,3.678473949432373
-530295000282334163,53.029500003019386,-28.23341630289361,0.6600000262260437,0.672277569770813
-529716047282324409,52.9716047994299,-28.232440912958342,1.5800000429153442,1.554092288017273
-532380422282320400,53.23804226274336,-28.2320400740471,0.30000001192092896,0.3008572459220886
-530953111282286850,53.09531112049795,-28.228685000054227,0.5899999737739563,0.6000347137451172
-529661445282285590,52.966144593443794,-28.228559076501263,0.44999998807907104,0.5230284333229065
-531882129282281438,53.188212932806486,-28.228143830671694,2.5999999046325684,2.9429080486297607
-532276737282263494,53.22767377706253,-28.226349408809277,0.8199999928474426,0.1925932615995407
-530860421282256603,53.08604219776617,-28.225660398776398,3.2899999618530273,3.5929579734802246
-531982501282251934,53.198250146547316,-28.2251934774381,1.0099999904632568,0.9869747757911682
-530303984282249125,53.03039848081311,-28.224912597170196,0.7400000095367432,0.752846360206604
-532287623282245096,53.228762350851504,-28.22450966737868,2.1500000953674316,1.303083062171936
-530644536282235255,53.064453641014474,-28.223525538114405,2.140000104904175,2.248685836791992
-530738164282216359,53.07381644625742,-28.221635901477416,0.8799999952316284,0.8644945621490479
-529679937282208941,52.96799378781224,-28.220894107809176,2.4700000286102295,2.5932652950286865
-531371468282189083,53.13714682337858,-28.21890831378507,1.1100000143051147,1.0426697731018066
-531710779282153477,53.171077994069485,-28.215347718332232,2.0,2.0367321968078613
-532507836282148470,53.25078366223446,-28.21484701526183,2.049999952316284,2.0497629642486572
-529884015282136898,52.98840154064558,-28.21368980167834,1.9500000476837158,2.0154216289520264
-531607754282107041,53.160775405569616,-28.21070414591635,3.4200000762939453,3.990586519241333
-530507840282107028,53.050784008204616,-28.210702811157155,0.5600000023841858,0.6095476150512695
-532415599282101911,53.24155991850365,-28.21019118323057,3.1600000858306885,3.473658800125122
-530011441282058941,53.00114411073748,-28.20589416863368,2.049999952316284,2.024580240249634
-532084932282055534,53.20849320798001,-28.20555342735787,3.430000066757202,3.4357357025146484
-531020576282047299,53.1020576726728,-28.204729974870375,2.25,2.9885144233703613
-531693287282040942,53.16932875882407,-28.204094251243784,0.3499999940395355,0.31434744596481323
-531002372282029317,53.10023724862617,-28.202931738393573,2.059999942779541,2.1216745376586914
-531206718282000485,53.12067188966433,-28.200048511936863,0.9900000095367432,0.9326362609863281
-530118417281996453,53.011841785327555,-28.199645318500547,1.690000057220459,0.7410157918930054
-529378197281995346,52.93781976017925,-28.199534641195182,2.0299999713897705,2.039752244949341
-530253851281992875,53.02538514750322,-28.19928752096608,0.6600000262260437,0.6463626623153687
-530029260281970825,53.00292604791937,-28.197082573311565,0.5,0.3146328628063202
-530625364281967543,53.062536463874814,-28.196754319427768,0.41999998688697815,0.3820323944091797
-531727578281959780,53.17275781604803,-28.195978098810976,1.25,0.3146299123764038
-530389601281868425,53.03896018419932,-28.18684254815459,1.4800000190734863,1.5018609762191772
-530024311281820669,53.00243115686119,-28.182066928930404,0.25999999046325684,0.2586299479007721
-530274969281819730,53.02749693053477,-28.181973083584197,0.7099999785423279,0.3013973832130432
-531496660281764543,53.14966608315338,-28.1764543529076,2.299999952316284,3.0682308673858643
-529254427281744322,52.92544273288967,-28.174432208482973,1.690000057220459,0.9362694621086121
-529390901281742379,52.93909010506322,-28.17423799953059,0.5899999737739563,0.4321242570877075
-529294571281683614,52.92945714729655,-28.16836142830426,0.5299999713897705,0.29800036549568176
-530134829281656965,53.013482979412224,-28.165696588734527,1.6299999952316284,1.6020150184631348
-529981356281636307,52.99813568879532,-28.163630750414136,0.7400000095367432,0.7395449280738831
-530441929281607840,53.04419296078596,-28.160784002263753,2.8399999141693115,3.254652738571167
-531213559281571870,53.12135598148182,-28.1571870785463,1.0800000429153442,1.071697473526001
-531175532281548351,53.11755329016819,-28.154835160483685,2.9200000762939453,2.98549485206604
-531407264281541607,53.14072644023759,-28.15416077012535,3.4200000762939453,3.4141173362731934
-532377869281541380,53.237786915900486,-28.1541380323262,0.8500000238418579,0.8533086180686951
-532179525281530149,53.21795251649577,-28.15301494944918,1.7100000381469727,1.6655282974243164
-531363174281514377,53.13631741824024,-28.151437757103935,0.5899999737739563,0.5015433430671692
-531970754281503601,53.19707547091129,-28.150360165176274,2.609999895095825,3.0596837997436523
-530566795281485548,53.05667957631031,-28.148554833396254,1.149999976158142,0.43233948945999146
-532178343281483983,53.217834317997124,-28.148398343717293,1.4299999475479126,1.4017196893692017
-532457849281452803,53.24578495763404,-28.14528033030078,1.2400000095367432,1.3319162130355835
-529520826281448294,52.95208265009448,-28.14482947836257,2.5899999141693115,2.670621156692505
-530976035281441220,53.09760357736088,-28.14412206833768,0.38999998569488525,0.3733266294002533
-531723827281439846,53.1723827194844,-28.143984652315154,0.17000000178813934,0.162892147898674
-529939819281403404,52.99398194455032,-28.140340459968655,2.450000047683716,2.6023731231689453
-532177028281377401,53.21770282266015,-28.13774010200266,0.9100000262260437,0.1603945791721344
-530055602281365320,53.00556026367799,-28.136532091877616,0.9100000262260437,0.9343938827514648
-531682530281339521,53.168253063172585,-28.133952188312758,1.659999966621399,1.1253910064697266
-530864881281295995,53.086488165393824,-28.129599571831456,0.7200000286102295,0.6857038140296936
-531323225281264900,53.13232251866304,-28.126490015277625,0.7200000286102295,0.7903268933296204
-532307201281253602,53.23072018043836,-28.12536027962481,0.18000000715255737,0.17725889384746552
-530326784281238990,53.032678493734714,-28.123899089587855,3.880000114440918,3.9361777305603027
-530290064281234813,53.02900640363048,-28.123481327085948,3.2899999618530273,4.901655673980713
-530365018281228189,53.03650189955756,-28.122818970426763,0.5600000023841858,0.5600000023841858
-531902008281197242,53.190200816294094,-28.11972421039017,1.3899999856948853,1.0396018028259277
-532375702281194162,53.23757020627114,-28.119416240755253,0.9900000095367432,0.9989562034606934
-531822615281183173,53.182261521827236,-28.118317386573857,0.7200000286102295,0.7306451201438904
-530598252281189000,53.059825252285904,-28.11890007610974,0.3400000035762787,0.31871935725212097
-532641509281159550,53.26415095768056,-28.115955048627946,2.740000009536743,3.0878148078918457
-529184900281161393,52.918490042966205,-28.1161393464526,2.109999895095825,2.1310651302337646
-531283373281157964,53.128337361234074,-28.11579645469307,1.2100000381469727,0.9344108700752258
-530327302281145748,53.032730259941,-28.114574808017576,1.149999976158142,1.2459346055984497
-529439277281145969,52.943927762148554,-28.11459698799796,0.05000000074505806,0.05013054236769676
-532493873281138468,53.2493873008527,-28.113846856521086,2.9600000381469727,3.774318218231201
-532436392281127687,53.243639220195035,-28.112768714361767,3.5399999618530273,4.020197868347168
-532672649281093530,53.26726499959108,-28.109353066115755,0.3700000047683716,0.1602860987186432
-530473280281078388,53.047328079710326,-28.107838822875213,1.3300000429153442,0.8629217147827148
-531397142281031322,53.13971427614461,-28.10313228278305,1.9600000381469727,2.0542244911193848
-531525077281021761,53.15250778434522,-28.102176143933217,2.4600000381469727,3.1225855350494385
-532353326281014790,53.235332667075646,-28.10147908768475,0.6600000262260437,0.245897114276886
-530168698280982767,53.01686983948364,-28.098276749563635,0.4399999976158142,0.08856584131717682
-529241304280964963,52.92413045748043,-28.096496333213025,0.800000011920929,0.7590698003768921
-532037104280935769,53.20371040152389,-28.093576968774855,3.6500000953674316,3.798523426055908
-532563174280937043,53.25631746944198,-28.093704388991597,5.659999847412109,5.745829105377197
-530527821280892406,53.05278215061411,-28.089240614711322,1.6699999570846558,1.2903838157653809
-532594051280867860,53.25940519167166,-28.086786035632038,4.489999771118164,4.62249231338501
-529267222280847613,52.92672220595253,-28.084761356005124,3.299999952316284,3.4300146102905273
-529746097280812212,52.97460976211657,-28.081221269807152,3.309999942779541,3.6108150482177734
-530273194280809290,53.02731943558334,-28.0809290290238,0.5699999928474426,0.30346620082855225
-532546383280772859,53.25463838998904,-28.077285916405817,3.8399999141693115,3.9495372772216797
-531227461280769649,53.122746123654025,-28.076964938257994,2.240000009536743,2.534909248352051
-530645526280765532,53.06455263124128,-28.0765532806131,0.6800000071525574,0.7621033191680908
-531084078280766762,53.108407805346914,-28.076676262364774,0.699999988079071,0.7647925019264221
-532299244280750950,53.22992446361098,-28.075095058471774,0.5400000214576721,0.6168720722198486
-531908709280722480,53.190870983391946,-28.07224806772165,0.9599999785423279,0.379589319229126
-529563703280711439,52.95637035302319,-28.07114394579497,1.149999976158142,1.238036036491394
-532486054280673646,53.24860549135342,-28.067364661199264,1.3799999952316284,1.3861017227172852
-531200144280642972,53.1200144780555,-28.064297284503944,1.4500000476837158,1.3477169275283813
-532459041280626796,53.24590416455641,-28.06267969205598,1.7100000381469727,1.7038532495498657
-529681217280604110,52.96812176652381,-28.06041108899939,2.3399999141693115,3.228402614593506
-529140165280548702,52.91401654293673,-28.05487022132971,0.6899999976158142,0.7401984333992004
-532357483280533137,53.23574834879479,-28.053313765703386,1.2400000095367432,1.2463853359222412
-530962474280521660,53.09624741468466,-28.052166046454843,3.640000104904175,4.15320348739624
-529749299280466365,52.97492990204144,-28.04663658512168,1.3200000524520874,1.3079004287719727
-532183386280456870,53.218338694032795,-28.045687006895783,3.509999990463257,3.8218603134155273
-532159240280450960,53.215924035937114,-28.045096037834995,1.1699999570846558,1.144211769104004
-531753862280412002,53.17538621181606,-28.04120021813364,0.3799999952316284,0.34984371066093445
-529991708280407110,52.99917083938996,-28.04071107245452,0.9200000166893005,1.0037753582000732
-531739076282466167,53.173907635120365,-28.24661678860694,1.8899999856948853,1.7202911376953125
-530884410282447169,53.08844108524143,-28.244716936549864,1.149999976158142,1.143101692199707
-530119782282419184,53.01197824872528,-28.24191841453277,0.699999988079071,0.7204574942588806
-532285572282388375,53.228557291101936,-28.238837511650935,0.3499999940395355,0.15949176251888275
-530018129282342843,53.00181291188645,-28.23428437392804,2.069999933242798,3.124047040939331
-530693050282327292,53.069305026062025,-28.23272923155359,2.75,2.9831089973449707
-530676762282317240,53.06767624438185,-28.23172407883364,0.6399999856948853,0.14537480473518372
-529730708282296289,52.973070887397185,-28.22962899904843,0.5600000023841858,0.2316463142633438
-531159072282289294,53.11590722750175,-28.22892940961252,1.440000057220459,1.4315308332443237
-530631986282272945,53.06319869246801,-28.227294517404598,0.3199999928474426,0.3008454442024231
-531688934282210231,53.16889346473269,-28.221023167640826,3.299999952316284,3.631849527359009
-530895944282184999,53.08959449606671,-28.218499959018324,0.8199999928474426,0.8518857955932617
-530341811282182242,53.03418111610317,-28.21822421077823,0.8199999928474426,0.9066168665885925
-530551957282169415,53.05519570286877,-28.216941571383124,1.149999976158142,1.1356792449951172
-532681669282159320,53.2681669042953,-28.215932009781113,1.309999942779541,0.40973079204559326
-530895639282152440,53.08956393758118,-28.215244068522686,1.7699999809265137,0.3042386472225189
-531555809282138400,53.15558099261496,-28.21384007584974,2.7899999618530273,3.0001931190490723
-531332400282130211,53.13324007945254,-28.213021173982682,1.5399999618530273,1.691041111946106
-530557740282126047,53.05577403986684,-28.212604724750324,1.0199999809265137,0.9324289560317993
-531633183282123734,53.16331839754447,-28.212373414265933,1.559999942779541,1.6927639245986938
-532022768282107069,53.20227686284209,-28.21070693114397,1.7100000381469727,1.0390547513961792
-530011129282072691,53.00111293855283,-28.207269151783727,0.8199999928474426,0.7622401714324951
-531753644282047444,53.17536448053609,-28.20474445530346,0.5899999737739563,0.07173377275466919
-530587133282023895,53.05871338338993,-28.202389515735714,2.180000066757202,2.631896734237671
-531766110282011300,53.17661107048825,-28.201130008279357,0.25,0.24430979788303375
-532530483281984804,53.25304835997939,-28.198480465618804,2.7100000381469727,4.614468574523926
-529362996281954370,52.93629966746092,-28.195437044412426,3.940000057220459,4.040874481201172
-532053549281942867,53.205354987303785,-28.194286766525096,2.8299999237060547,2.861638069152832
-531348600281930439,53.134860052001684,-28.193043946462197,1.0499999523162842,0.9299997687339783
-530265425281910003,53.02654253456425,-28.191000341669056,0.3100000023841858,0.304541677236557
-529696801281902877,52.9696801291828,-28.190287726537793,0.5099999904632568,0.4116964638233185
-530237462281879103,53.023746255256896,-28.18791030454586,1.1200000047683716,1.1222261190414429
-529484768281876951,52.948476855688135,-28.187695100929094,2.0199999809265137,2.690333127975464
-530208676281875196,53.02086766884247,-28.187519645872136,1.309999942779541,1.3060407638549805
-530424955281864888,53.042495540703044,-28.186488827232427,2.8399999141693115,3.2292354106903076
-532485605281800847,53.248560527742306,-28.18008479940758,0.9599999785423279,0.9776828289031982
-531063453281754490,53.106345376138215,-28.17544905867134,1.4800000190734863,1.308424711227417
-530588752281724680,53.058875231783134,-28.172468029748803,0.6100000143051147,0.6559401154518127
-531831385281704024,53.183138553596585,-28.17040248433517,0.6200000047683716,0.6626032590866089
-531506258281695077,53.15062587779885,-28.169507704675866,3.6700000762939453,3.774331569671631
-532017554281688241,53.20175544226436,-28.168824153663234,1.940000057220459,2.374377489089966
-530847157281682583,53.08471572159708,-28.168258372187058,0.5899999737739563,0.5949857234954834
-532560364281658286,53.25603643678651,-28.165828637656546,1.4299999475479126,2.60078763961792
-532216514281655231,53.221651485961544,-28.165523120126714,0.8600000143051147,0.31338098645210266
-529211640281611691,52.92116400858144,-28.16116919479191,1.159999966621399,1.1496459245681763
-529209377281601184,52.92093771266757,-28.160118483230548,2.490000009536743,0.6879989504814148
-531890636281576809,53.18906368463162,-28.157680946538097,2.4200000762939453,2.5393097400665283
-532130006281566726,53.21300062354516,-28.15667269419361,0.5199999809265137,0.2868489623069763
-529583914281528195,52.95839145983478,-28.152819516229506,2.630000114440918,3.009265184402466
-530244399281516014,53.024439923247755,-28.15160141101727,0.9599999785423279,0.835248589515686
-529767145281508372,52.976714559993184,-28.150837242034566,1.9900000095367432,1.904067873954773
-531012190281497562,53.10121902518033,-28.149756229248283,0.7400000095367432,0.6909284591674805
-532008415281469308,53.200841540198525,-28.146930849572147,0.7699999809265137,0.6858127117156982
-532011970281458094,53.20119706977867,-28.14580943374918,1.940000057220459,2.01188325881958
-530881092281412505,53.088109234707055,-28.141250544644294,0.8999999761581421,0.96242755651474
-529316894281405486,52.93168949123905,-28.140548684839295,1.8600000143051147,1.7725502252578735
-532130365281370292,53.21303650982121,-28.137029259523104,1.6100000143051147,1.1505930423736572
-532249774281363518,53.22497743137145,-28.13635189709782,0.7900000214576721,0.789987325668335
-529073046281365197,52.90730469127769,-28.136519752057115,1.5299999713897705,1.1732078790664673
-530746352281350969,53.074635266511144,-28.13509699158816,2.4700000286102295,0.39150241017341614
-530455542281331469,53.04555420823878,-28.13314695307683,1.2100000381469727,1.1843773126602173
-531037440281318297,53.103744073073095,-28.131829797512193,0.7300000190734863,0.7258613109588623
-529353870281316684,52.93538703414264,-28.13166846174513,3.299999952316284,3.427058219909668
-529279312281267630,52.92793129605876,-28.12676300163771,2.430000066757202,2.847538471221924
-531617586281256661,53.16175866777449,-28.125666129788303,0.38999998569488525,0.40977656841278076
-530002823281238915,53.000282338395834,-28.12389154030377,2.4600000381469727,1.9357990026474
-530910762281231817,53.091076227245686,-28.123181729405214,0.5199999809265137,0.3529934585094452
-531941136281208168,53.19411360340597,-28.120816828993856,2.680000066757202,0.3838353455066681
-531089073281202353,53.10890736072268,-28.120235300565316,2.140000104904175,2.1494953632354736
-530766748281180443,53.07667485540701,-28.118044347766205,0.8600000143051147,0.8353647589683533
-529777586281153327,52.97775864593097,-28.115332763633845,2.109999895095825,2.264423131942749
-532017720281140122,53.20177209588238,-28.11401221111512,0.9700000286102295,1.0203012228012085
-532597617281109465,53.25976178708837,-28.11094653267533,1.809999942779541,2.321575403213501
-531546964281083421,53.15469642487547,-28.1083421868169,1.1200000047683716,1.1597163677215576
-530982510281079944,53.098251029197755,-28.10799443145937,0.699999988079071,0.648670494556427
-532670257281071012,53.267025743168034,-28.10710120694966,1.1299999952316284,0.934685468673706
-529501339280928882,52.95013399434283,-28.09288820599486,0.5,0.48311054706573486
-532595220280865903,53.25952205983299,-28.086590383282367,4.46999979019165,4.492916107177734
-532527915280837256,53.2527915177467,-28.083725641279944,0.7300000190734863,0.8583474159240723
-530050912280828010,53.00509121192671,-28.082801078920625,0.8600000143051147,0.794158399105072
-530133066280825124,53.01330663319305,-28.082512437291285,0.33000001311302185,0.31415215134620667
-532129247280795435,53.212924796012175,-28.079543531396165,1.309999942779541,0.4141777753829956
-531190212280788185,53.11902121133454,-28.078818570646924,1.7599999904632568,1.223012924194336
-529423970280775928,52.9423970663976,-28.077592860834123,2.559999942779541,2.6153743267059326
-532291377280772873,53.22913771225346,-28.077287378168652,0.75,0.749553382396698
-529797608280771865,52.97976082500105,-28.077186573686685,1.6399999856948853,1.7388865947723389
-531960225280717645,53.19602257055907,-28.071764593212688,1.0499999523162842,1.3021169900894165
-531895447280713461,53.18954472153028,-28.071346144259977,2.2300000190734863,0.4830473065376282
-529462407280676223,52.94624072085675,-28.067622367398616,1.9800000190734863,2.0542733669281006
-531295285280640854,53.12952853971279,-28.064085423361014,0.3100000023841858,0.3009917140007019
-531738540280619459,53.173854035866725,-28.061945924657966,0.7200000286102295,0.729048490524292
-531283695280599470,53.128369529666514,-28.059947097350047,0.5899999737739563,0.5887299180030823
-532676192280569805,53.26761927956721,-28.056980508828584,1.0800000429153442,0.6974022388458252
-530728413280567448,53.072841328263806,-28.056744807617118,4.849999904632568,4.86790657043457
-532195456280523593,53.21954565133526,-28.05235937928846,0.27000001072883606,0.2951582074165344
-531089638280523263,53.1089638335065,-28.05232634702429,3.7899999618530273,3.9673080444335938
-530135619280483409,53.01356191873455,-28.04834091944489,0.7799999713897705,0.7904073596000671
-532150320280478089,53.215032074193275,-28.0478089868343,1.7699999809265137,3.588045120239258
-531241055280435169,53.12410552570057,-28.043516942484757,0.5699999928474426,0.6241562366485596
-529839713280426854,52.98397139890083,-28.04268547496936,0.5,0.46853381395339966
-530934178280420427,53.09341789061858,-28.042042754849984,1.6299999952316284,1.6331913471221924
-532321626280409694,53.23216268017018,-28.04096948316074,1.0299999713897705,1.1440761089324951
-531460320280406792,53.14603209350099,-28.040679232657606,2.509999990463257,2.333972215652466
-529487506280401523,52.948750650289625,-28.040152320324083,2.390000104904175,2.3022124767303467
-529789929280387256,52.97899296911729,-28.038725600589647,0.33000001311302185,0.3167078197002411
-529243379280357589,52.924337983134556,-28.035758965739966,2.549999952316284,2.22088885307312
-531913590280321173,53.191359020930285,-28.032117388526824,2.759999990463257,3.068089008331299
-530673052280306413,53.06730525702056,-28.030641382757633,0.6399999856948853,0.7897318601608276
-531348041280284477,53.13480414945262,-28.028447714733563,0.8500000238418579,0.8031387329101562
-529936938280244378,52.99369380009582,-28.024437856655425,1.9600000381469727,2.0064430236816406
-529261776280230526,52.926177628516776,-28.023052631492433,1.899999976158142,2.0384743213653564
-529515967280166118,52.95159671255062,-28.016611892438778,0.4000000059604645,0.5064560174942017
-532432456280157317,53.2432456965087,-28.015731734089783,1.4900000095367432,1.444175124168396
-530190578280157685,53.01905789824653,-28.015768585535255,0.5799999833106995,0.1593818962574005
-530529246280137369,53.05292465942005,-28.013736909294796,0.4399999976158142,0.41615039110183716
-532180357280131894,53.21803573726311,-28.013189485814596,3.369999885559082,3.420095920562744
-530638205280274181,53.063820578076786,-28.027418106762354,3.4700000286102295,3.6148197650909424
-529681945280264967,52.96819454385993,-28.026496779528536,1.5700000524520874,0.5345973968505859
-531743718280233211,53.17437187567597,-28.023321199084954,2.440000057220459,0.37352675199508667
-530213727280203224,53.02137270200413,-28.020322483993183,2.430000066757202,2.934687852859497
-530962643280199563,53.096264397504555,-28.01995634614356,0.7799999713897705,0.829038679599762
-529384378280185832,52.93843785646698,-28.01858325065529,4.400000095367432,4.39757776260376
-532375134280167813,53.23751341678489,-28.016781356499628,0.5199999809265137,0.5365879535675049
-532174179280133824,53.21741799978769,-28.013382471896417,2.9100000858306885,3.3851327896118164
-529484328280084155,52.94843286050249,-28.00841553217553,2.069999933242798,2.532691240310669
-529823189280080701,52.982318981838084,-28.0080701702954,3.5299999713897705,3.6012637615203857
-529306852280077885,52.93068522848725,-28.00778851005344,0.8700000047683716,0.8393738269805908
-530531223280067007,53.05312237682806,-28.00670070631193,3.950000047683716,4.068201541900635
-530189601280053784,53.018960190810986,-28.005378496068765,2.2100000381469727,3.1759207248687744
-530054437280005013,53.00544379799551,-28.000501306832778,0.8299999833106995,0.8359323740005493
-532526110280001694,53.252611090097076,-28.00016940417725,1.75,0.9302296042442322
-529688164279997381,52.9688164383935,-27.999738118149125,3.430000066757202,3.435634136199951
-532300166279975743,53.23001669197535,-27.99757433658708,4.53000020980835,4.520105838775635
-530460646279964371,53.04606462397573,-27.996437105355298,0.6899999976158142,0.6763402819633484
-529922856279961016,52.99228569548114,-27.99610166065208,0.8700000047683716,0.8401539921760559
-530445491279927429,53.044549129791314,-27.99274296417198,0.4699999988079071,0.31271544098854065
-530101565279868107,53.01015656547664,-27.98681073685165,0.8100000023841858,0.8350990414619446
-530928316279832597,53.09283169069232,-27.983259786808308,3.1600000858306885,3.408857822418213
-530950782279801986,53.09507820685159,-27.980198630884246,4.300000190734863,4.252005577087402
-530667650279782953,53.06676504500153,-27.97829539338605,2.6600000858306885,2.8658132553100586
-529913151279767351,52.99131517537308,-27.976735166226728,3.859999895095825,3.9881393909454346
-531818443279738446,53.18184439093386,-27.973844668441757,0.7400000095367432,0.524912416934967
-530318520279739608,53.031852054152154,-27.973960869072236,0.9399999976158142,0.3229523003101349
-529737883279711504,52.97378831085954,-27.971150441144005,0.7400000095367432,0.7400243878364563
-531215141279705923,53.12151417558708,-27.970592300967116,2.119999885559082,2.340538501739502
-532304446279687161,53.23044460278331,-27.968716181577786,1.4700000286102295,1.4741154909133911
-530872378279635294,53.087237829289826,-27.96352940604093,0.46000000834465027,0.4071000814437866
-532560170279629777,53.256017007384216,-27.962977762394686,0.550000011920929,0.18921363353729248
-532459021279550736,53.24590210354921,-27.95507367991421,0.75,0.7394728064537048
-532347998279522412,53.2347998696917,-27.95224123810563,2.190000057220459,2.570004463195801
-530214600279523446,53.02146008047558,-27.95234465529514,3.869999885559082,4.213521957397461
-532033170279521309,53.20331701955652,-27.95213095374499,0.9700000286102295,0.9741531014442444
-530043505279489555,53.00435055188941,-27.94895555783453,1.0499999523162842,0.3166351616382599
-532169103279476580,53.21691039853585,-27.947658023123456,0.8299999833106995,0.5553191304206848
-531835989279438029,53.183598906982496,-27.94380293563313,1.6299999952316284,1.3705247640609741
-531122819279401636,53.11228197558187,-27.94016362359413,1.5499999523162842,1.5529791116714478
-531439719279390846,53.14397193398255,-27.93908464766915,1.5499999523162842,1.49288010597229
-531467204279322094,53.14672044287357,-27.932209417461902,0.9300000071525574,0.8821573853492737
-531102688279305267,53.11026889950821,-27.930526741777935,1.659999966621399,1.5097973346710205
-530424447279286483,53.04244472735666,-27.928648311110553,2.069999933242798,2.702470064163208
-531670491279257894,53.16704910433185,-27.92578941511639,1.3799999952316284,1.3304694890975952
-532144903279253665,53.21449034889842,-27.925366564159653,1.4299999475479126,1.308883547782898
-531674405279237148,53.16744059256742,-27.923714801093507,1.940000057220459,2.0538437366485596
-532293050279217903,53.22930501448674,-27.92179032301017,0.800000011920929,0.8177135586738586
-531875457279199011,53.187545789598246,-27.91990111301437,1.7799999713897705,0.27033719420433044
-531838169279163304,53.1838169224066,-27.91633046772242,2.3399999141693115,2.276918411254883
-532056485279160007,53.205648572030235,-27.9160007059369,3.0299999713897705,3.2920591831207275
-530880331279068530,53.08803314020226,-27.906853067559943,0.36000001430511475,0.35137295722961426
-531136143282516882,53.11361430652393,-28.2516882931039,2.690000057220459,2.940441846847534
-530372887282430951,53.03728878468699,-28.243095100592235,1.440000057220459,1.2657662630081177
-529901381282426684,52.99013814785025,-28.24266843772204,2.440000057220459,0.5559890270233154
-531680259282395600,53.16802597438813,-28.239560061865745,3.0,0.8281756043434143
-530043528282393867,53.00435281985344,-28.23938670494928,2.6600000858306885,3.719320058822632
-530485317282386561,53.0485317421377,-28.238656182766086,2.240000009536743,3.050553560256958
-529977930282381991,52.997793022449436,-28.238199121702184,2.190000057220459,2.054676055908203
-530932454282293416,53.09324548564686,-28.229341669358263,1.0499999523162842,1.0856150388717651
-532140751282172486,53.214075174864846,-28.21724867304642,2.009999990463257,2.033693552017212
-531192305282172215,53.119230546454055,-28.217221505501126,3.200000047683716,3.8574066162109375
-532310028282101429,53.231002886877384,-28.210142938773703,1.809999942779541,2.0536885261535645
-530766260281979306,53.07662601020439,-28.1979306848697,1.5499999523162842,1.5118341445922852
-529711965281902129,52.971196571868944,-28.190212916183096,1.840000033378601,2.0544700622558594
-531521696281882805,53.15216962871202,-28.18828051185511,1.25,0.08045484125614166
-529843350281861370,52.98433500821083,-28.18613701284579,3.25,3.826942205429077
-532372859281704385,53.23728595718269,-28.170438522914964,1.6100000143051147,1.5608935356140137
-529383804281674652,52.93838048296856,-28.1674652351972,,
-532576018281657555,53.25760188438551,-28.165755594831563,0.8199999928474426,0.2993682026863098
-532274918281618334,53.22749189306198,-28.161833470566435,2.1600000858306885,2.146544933319092
-532151641281585256,53.2151641931653,-28.15852562650791,1.7300000190734863,1.366161584854126
-531571973281398623,53.15719739006025,-28.13986239400724,1.5199999809265137,0.28327974677085876
-529736204281386260,52.973620441220525,-28.138626074778006,1.3899999856948853,1.2907617092132568
-532448402281347753,53.24484025939602,-28.134775301398303,1.9299999475479126,2.0546741485595703
-532391964281258796,53.239196483222216,-28.125879611976984,1.600000023841858,1.1978353261947632
-531815099281200771,53.18150993900695,-28.120077111757784,1.6100000143051147,0.511677086353302
-529298819281164690,52.92988193364378,-28.11646907342053,2.3299999237060547,3.3888182640075684
-530555736281099475,53.05557368881924,-28.109947535652537,0.550000011920929,0.25109967589378357
-529036271281048080,52.90362712531044,-28.10480809797797,1.7599999904632568,0.26780545711517334
-532556395280954606,53.2556395005171,-28.095460634546438,3.049999952316284,3.261220693588257
-531079300280922875,53.10793001878315,-28.09228754765,0.5199999809265137,0.507451057434082
-531215866280919135,53.12158663611202,-28.091913586265918,1.6699999570846558,1.5604159832000732
-529906302280827678,52.99063022123187,-28.082767845138534,1.4500000476837158,1.5589619874954224
-529443407280809579,52.944340712164276,-28.08095791800012,0.9800000190734863,0.4981003403663635
-530548406280752747,53.05484064955258,-28.075274768284253,1.7100000381469727,0.4742472767829895
-531323892280698270,53.13238929298342,-28.06982702111481,1.0399999618530273,0.9726362824440002
-529838960280640616,52.983896067971834,-28.064061602210078,1.0199999809265137,0.3243681788444519
-529571437280563874,52.95714378715683,-28.056387474573473,1.2599999904632568,1.1489088535308838
-531696095280545297,53.16960958105048,-28.05452970720768,2.1500000953674316,2.008042335510254
-530565819280543346,53.05658190923938,-28.054334630255394,2.4100000858306885,2.2245285511016846
-532339743280479376,53.23397433046258,-28.047937637709378,1.5,1.4363244771957397
-532145365280183330,53.21453656765088,-28.01833307184053,1.559999942779541,1.489009141921997
-531517132280143410,53.1517132923381,-28.01434107147136,1.7699999809265137,0.9428066611289978
-532066051280088686,53.20660513554774,-28.008868632094227,5.820000171661377,5.9084553718566895
-531705674280016952,53.1705674870707,-28.00169520534677,1.0800000429153442,0.7796770930290222
-532331513279938286,53.233151375601395,-27.993828603356587,1.1399999856948853,1.169136881828308
-529873286279926133,52.987328690618945,-27.992613358133013,0.5199999809265137,0.32077527046203613
-531272629279908273,53.1272629454615,-27.990827360713048,1.0700000524520874,0.6810040473937988
-531451754279885649,53.14517545226246,-27.988564928232943,2.2200000286102295,1.4070003032684326
-529855932279865059,52.985593215998335,-27.986505979480008,2.930000066757202,0.8353620171546936
-531648148279813898,53.16481480554251,-27.981389897159726,2.859999895095825,3.377943992614746
-529687390279746472,52.96873902205483,-27.974647291605372,4.510000228881836,4.732378005981445
-530460028279746196,53.046002846511946,-27.97461961708237,1.149999976158142,0.6989434361457825
-530224333279744769,53.02243336975096,-27.97447699191914,3.25,3.831658363342285
-531353128279669486,53.135312837235006,-27.96694865419231,1.3899999856948853,1.1533623933792114
-530190938279520631,53.01909385332248,-27.95206311841983,2.0299999713897705,1.3322672843933105
-531947135279490914,53.194713511654314,-27.949091485483983,2.069999933242798,0.9125264883041382
-530335465279430616,53.03354652671229,-27.943061683740932,4.139999866485596,4.476868152618408
-530085323279315955,53.00853230344409,-27.931595516064956,0.8399999737739563,0.82638019323349
-531284060279302870,53.12840604656522,-27.930287063997667,2.3299999237060547,3.1838183403015137
-531465390279139461,53.14653908941035,-27.91394613793644,2.319999933242798,1.7215949296951294
-531789374279115458,53.1789374271723,-27.911545839149632,3.3499999046325684,3.677074670791626
-531473036279094109,53.14730369249389,-27.909410959315537,1.8200000524520874,1.3667231798171997
-530817991282527641,53.08179913000049,-28.25276416009708,3.2100000381469727,3.2961158752441406
-532689414282513307,53.26894143340389,-28.25133072927059,2.2799999713897705,2.317624092102051
-532218544282484301,53.221854457541326,-28.248430162468594,1.6699999570846558,1.311635136604309
-532298527282468175,53.22985276292569,-28.24681759093021,0.8600000143051147,0.3009689450263977
-531463633282454715,53.14636334219825,-28.24547159470704,0.7400000095367432,0.7937403917312622
-532061280282429043,53.206128089625516,-28.242904343940946,2.1700000762939453,2.713477373123169
-532201154282422077,53.22011544617899,-28.242207767866347,1.7599999904632568,1.3108934164047241
-531832024282407387,53.18320246764127,-28.240738768092307,1.2899999618530273,1.5621097087860107
-530086465282374641,53.008646515533556,-28.237464172615773,1.899999976158142,2.0196073055267334
-532137984282331652,53.21379846316112,-28.233165212065163,1.2999999523162842,1.30324387550354
-530882776282290025,53.08827763855503,-28.22900253515241,1.25,1.3114012479782104
-530556697282224257,53.05566978310196,-28.222425787302647,1.2000000476837158,1.307051420211792
-529641216282200023,52.964121616042846,-28.220002349258813,4.130000114440918,5.538889408111572
-530241539282198529,53.024153939134116,-28.219852911293888,0.6499999761581421,0.27689051628112793
-531158097282182967,53.11580971198584,-28.21829677739984,0.75,0.7684149742126465
-532666466282175440,53.2666466301124,-28.217544073888465,0.3400000035762787,0.144022136926651
-530104574282156155,53.01045746187222,-28.21561551907605,0.6600000262260437,0.6887043714523315
-532049990282148899,53.204999099601636,-28.21488992226815,0.8899999856948853,0.906387984752655
-531510494282133897,53.1510494302336,-28.21338976176528,1.690000057220459,0.9317587614059448
-531267804282120810,53.126780403570024,-28.212081077088946,4.659999847412109,4.641359329223633
-531669564282078757,53.16695649043916,-28.207875719644612,2.440000057220459,3.2390177249908447
-529486955282069484,52.94869552233225,-28.20694843276025,2.0199999809265137,2.054706335067749
-531571449282057900,53.157144951603854,-28.205790024291385,3.9700000286102295,4.373777389526367
-531159951282041725,53.11599517780317,-28.204172536718442,2.0,2.2818119525909424
-530116576282022678,53.01165769080798,-28.20226787107035,1.7300000190734863,1.8011410236358643
-532078953282007172,53.207895350298536,-28.20071720089338,1.690000057220459,1.729312539100647
-532020413282004955,53.202041342383566,-28.200495521870852,3.0999999046325684,3.7506303787231445
-531423352281989745,53.14233526520191,-28.19897451578769,2.009999990463257,0.42165473103523254
-530494423281912410,53.049442364131785,-28.191241070288346,1.090000033378601,1.0998766422271729
-530423134281905680,53.04231342013158,-28.190568045755892,1.940000057220459,0.9398204684257507
-530144469281903745,53.01444690493106,-28.190374517402066,3.5199999809265137,3.682507276535034
-530940567281888727,53.09405674820952,-28.18887278801158,1.809999942779541,1.8799710273742676
-530256137281879061,53.02561379465215,-28.18790619850201,4.039999961853027,4.199220180511475
-529559384281870289,52.95593848162741,-28.18702897296214,0.5,0.5007377862930298
-532465863281840209,53.24658632510058,-28.184020985251205,0.5600000023841858,0.5342258810997009
-531489858281835932,53.148985809575954,-28.183593201722363,1.440000057220459,1.309921383857727
-531017824281786435,53.101782476898144,-28.178643531457936,0.6100000143051147,0.6003517508506775
-529413789281767645,52.941378908310504,-28.176764588864646,1.809999942779541,1.5049632787704468
-529447158281761162,52.9447158848661,-28.17611627647361,0.3799999952316284,0.3139714002609253
-532719975281750666,53.27199750059117,-28.175066617808074,2.930000066757202,3.165778398513794
-531022166281745554,53.10221664027589,-28.174555459383637,2.5299999713897705,2.8559813499450684
-531146463281713764,53.11464631092812,-28.17137641410777,2.049999952316284,2.236140012741089
-531782253281702212,53.17822537168682,-28.17022121204586,2.759999990463257,0.9328035116195679
-529941906281679203,52.9941906104524,-28.167920326728293,0.5099999904632568,0.5001749396324158
-530000313281659823,53.00003138518083,-28.165982379527957,3.9200000762939453,4.127336502075195
-530456221281655258,53.045622180513305,-28.16552582207157,0.699999988079071,0.7013077139854431
-529478034281640343,52.94780347722309,-28.164034314134344,0.4300000071525574,0.47929903864860535
-530062294281579504,53.00622948997165,-28.15795041248189,0.6100000143051147,0.7230559587478638
-532172860281568922,53.21728608704722,-28.15689226311825,2.309999942779541,0.4816347658634186
-530439448281570431,53.043944887905354,-28.15704313370247,0.4099999964237213,0.40514618158340454
-531287418281554099,53.12874188593175,-28.155409905044618,0.7099999785423279,0.6996111869812012
-532464709281552260,53.24647092157922,-28.155226006682337,0.46000000834465027,0.42163997888565063
-530589039281522379,53.05890390752418,-28.152237981533506,3.1700000762939453,3.2982797622680664
-530379248281483079,53.03792486116746,-28.14830794591629,1.2200000286102295,1.128525733947754
-529981479281453644,52.9981479188309,-28.14536444284274,0.4399999976158142,0.2992241680622101
-530637133281444521,53.06371334040766,-28.144452118281045,0.8999999761581421,0.9307038187980652
-532000872281436306,53.20008723545165,-28.143630696183607,3.0199999809265137,3.3291056156158447
-532510921281412638,53.251092164287236,-28.14126383689349,2.109999895095825,0.7617629766464233
-529223980281411789,52.92239800718831,-28.14117892368601,0.6200000047683716,0.15865691006183624
-531585510281398050,53.15855100146531,-28.13980500037975,1.2400000095367432,0.1856301873922348
-532362921281396074,53.236292110161806,-28.1396074553075,2.5199999809265137,3.006078004837036
-531278322281397095,53.12783226050316,-28.139709585898224,0.8199999928474426,0.8625271320343018
-530854033281397063,53.08540333499894,-28.139706395176276,1.4800000190734863,1.559306025505066
-529902482281368966,52.990248284145,-28.136896691403614,1.7400000095367432,1.3681318759918213
-529634571281337100,52.96345711692691,-28.13371006173172,0.7699999809265137,0.8014650940895081
-530583522281274431,53.058352235025204,-28.127443129048665,3.4200000762939453,3.552807331085205
-531481209281256371,53.14812098206588,-28.125637112450942,1.590000033378601,0.3351757228374481
-530385342281209886,53.038534276804185,-28.120988620211843,0.6800000071525574,0.18845710158348083
-529946933281202717,52.994693386866295,-28.120271719952186,2.8299999237060547,4.619354724884033
-532540498281187647,53.254049864368625,-28.118764726558652,0.5400000214576721,0.6036907434463501
-531973673281189014,53.197367328225845,-28.118901451998035,0.2800000011920929,0.278626024723053
-529131290281187040,52.913129005354286,-28.1187040677024,0.699999988079071,0.4806351959705353
-530394681281180124,53.03946810704995,-28.11801242407998,0.6700000166893005,0.6723318696022034
-531723107281174223,53.17231070136235,-28.117422366497212,1.340000033378601,1.312340497970581
-530819790281155992,53.08197901571185,-28.115599200555458,3.0999999046325684,3.3129465579986572
-532637633281151667,53.263763377111296,-28.115166741640426,1.0700000524520874,0.9285423755645752
-532436402281143354,53.24364028570863,-28.114335465747214,0.4699999988079071,0.1710091233253479
-530360936281142652,53.03609361815722,-28.114265281435333,0.47999998927116394,0.48423004150390625
-531483977281117922,53.148397767916286,-28.11179226990122,4.679999828338623,4.735592842102051
-530835646281087157,53.0835646507529,-28.10871577475946,2.680000066757202,2.601306915283203
-529103547281065824,52.91035478774667,-28.10658244012563,0.33000001311302185,0.3117918074131012
-531323666281039809,53.13236669031292,-28.103980953420702,0.9399999976158142,0.940825343132019
-532664339281037121,53.266433914297316,-28.103712145393803,0.6100000143051147,0.6100811958312988
-529676839281038191,52.967683907849036,-28.10381910691123,1.7599999904632568,1.313417911529541
-529395109281004949,52.939510905491005,-28.100494918395768,1.409999966621399,1.0429924726486206
-530569636280952569,53.056963698579686,-28.095256921713304,1.190000057220459,1.0429147481918335
-529953201280935700,52.99532013876598,-28.09357006680251,0.5299999713897705,0.5310455560684204
-531779404280884061,53.177940486457764,-28.0884061024044,0.2800000011920929,0.26923832297325134
-531153131280881106,53.115313114521804,-28.08811068806736,0.5799999833106995,0.5791158676147461
-529112669280866922,52.91126693346591,-28.08669229459493,1.1299999952316284,1.1278539896011353
-532312920280863194,53.23129205959218,-28.086319455435678,2.390000104904175,2.054771900177002
-531889797280830326,53.18897970070109,-28.083032640737084,0.4699999988079071,0.35232052206993103
-530669936280749796,53.06699369223967,-28.074979618861374,1.190000057220459,1.2986681461334229
-532615029280733107,53.26150292519986,-28.073310784160398,1.5700000524520874,1.0423299074172974
-531493661280694962,53.14936616747346,-28.06949624080165,2.0199999809265137,2.122992515563965
-530750640280694646,53.075064046641266,-28.069464625554847,0.36000001430511475,0.40720734000205994
-530950378280679560,53.09503788029842,-28.06795609858076,1.409999966621399,1.2923650741577148
-529758403280626264,52.97584038391108,-28.06262640609179,1.840000033378601,2.054055690765381
-529715593280589214,52.97155933069888,-28.058921405626943,2.3399999141693115,3.1143271923065186
-530980600280573523,53.09806001613263,-28.057352359201428,0.7200000286102295,0.7338587045669556
-529463314280506891,52.946331415284625,-28.050689195784248,1.1299999952316284,1.148440957069397
-529622551280460812,52.962255115039916,-28.04608122998081,4.139999866485596,4.21630859375
-530482317280458796,53.04823172434172,-28.04587969737628,0.949999988079071,0.9768176674842834
-531048823280440825,53.10488237863212,-28.044082545552524,0.6000000238418579,0.6724175810813904
-530867022280429857,53.08670226725635,-28.042985713141647,1.3200000524520874,1.369864583015442
-532211793280423256,53.22117936006298,-28.042325638516132,0.699999988079071,0.7743075489997864
-531195192280421541,53.119519243987426,-28.042154116845218,1.7300000190734863,0.9424198865890503
-529588316280399684,52.95883167486181,-28.039968403519904,4.170000076293945,4.278116703033447
-530938382280399059,53.09383823386686,-28.03990596458451,0.9700000286102295,0.9571649432182312
-532185893280397093,53.21858939621737,-28.039709316290814,1.100000023841858,1.0442283153533936
-530523301280368534,53.05233016196916,-28.03685343986958,2.059999942779541,2.2628138065338135
-529922541280358232,52.992254150501736,-28.035823293603467,2.390000104904175,2.8495736122131348
-530086569280343358,53.008656964954284,-28.03433583760528,0.6600000262260437,0.4838484227657318
-530283075280318949,53.02830757291498,-28.031894986390142,3.7899999618530273,4.559277534484863
-530401356280229835,53.04013567396066,-28.022983578858298,2.049999952316284,2.236231565475464
-529848229280193177,52.98482298975064,-28.019317705458818,0.7400000095367432,0.7518054842948914
-529949129280181699,52.99491294527373,-28.01816993992091,1.5199999809265137,1.136986255645752
-532053097280126871,53.20530977785653,-28.01268717597416,0.6700000166893005,0.32466378808021545
-530483558280119552,53.0483558637613,-28.011955223559205,0.49000000953674316,0.48234328627586365
-530491817280099247,53.049181770999056,-28.00992476629852,4.329999923706055,4.374756813049316
-531068026280087950,53.10680266503104,-28.008795013422905,1.2200000286102295,1.2975716590881348
-529325799280025360,52.932579941355534,-28.002536032793817,2.549999952316284,2.8866090774536133
-531098620280023558,53.10986202907176,-28.00235587140154,0.8899999856948853,0.8273282051086426
-530527820280003282,53.05278203219107,-28.00032828455095,1.0800000429153442,1.0649752616882324
-530368756279993601,53.03687567226114,-27.999360168059475,2.369999885559082,0.5340394377708435
-530262473279985904,53.026247371349854,-27.99859046228563,2.130000114440918,3.6683807373046875
-529413664279979825,52.94136648381939,-27.997982534405224,1.0800000429153442,0.9016475081443787
-530902929279965589,53.09029291650506,-27.996558952488172,2.4200000762939453,0.4126257300376892
-530773313279948525,53.07733137835089,-27.994852558168873,1.899999976158142,0.31660959124565125
-530243281279916047,53.024328151960034,-27.991604751389556,1.2000000476837158,0.14600783586502075
-530274682279909398,53.0274682463065,-27.99093986495313,1.3600000143051147,1.3023909330368042
-530440566279900404,53.04405666371708,-27.990040444899154,0.6000000238418579,0.6428526639938354
-529685393279880430,52.96853935632418,-27.98804302006935,0.4000000059604645,0.41968968510627747
-529663637279877757,52.96636377362983,-27.987775733830883,2.1700000762939453,2.539527416229248
-530407575279856390,53.0407575632274,-27.985639073434772,1.6799999475479126,1.4110488891601562
-531349227279817439,53.13492275943933,-27.981743966236092,2.3299999237060547,0.7860731482505798
-532415325279796740,53.24153250466327,-27.979674053303697,0.4099999964237213,0.07547545433044434
-531343079279772297,53.13430790011511,-27.977229734639568,2.5899999141693115,2.9931652545928955
-531438257279756954,53.143825751360154,-27.97569541072154,2.049999952316284,1.206991195678711
-529798059279711356,52.9798059105073,-27.971135650321244,2.390000104904175,3.645280122756958
-531783325279698216,53.17833252109972,-27.969821618911727,3.430000066757202,3.4305121898651123
-532096022279667149,53.2096022905648,-27.966714943908777,0.9900000095367432,0.9899096488952637
-531406346279633242,53.140634612811965,-27.96332424111633,1.899999976158142,2.0546231269836426
-530072715279626586,53.007271524302524,-27.96265866298252,1.3200000524520874,0.31570807099342346
-531148624279536506,53.11486249254006,-27.95365061800883,0.6399999856948853,0.3275495171546936
-529821478279485901,52.98214784970832,-27.94859012942456,2.130000114440918,2.145160675048828
-532331838279343141,53.23318380558694,-27.93431411007956,2.1500000953674316,2.2689101696014404
-532318207279335710,53.231820755049505,-27.933571002170567,1.7100000381469727,1.5624327659606934
-532162068279321263,53.21620688316986,-27.93212634165069,2.8399999141693115,2.9272351264953613
-531563950279316696,53.15639508221334,-27.93166963542041,0.6499999761581421,0.7663489580154419
-531907009279183346,53.19070092644052,-27.918334644972685,1.7999999523162842,1.702425241470337
-531606458279169049,53.16064580268082,-27.91690491676817,0.6899999976158142,0.6089451313018799
-531954004279136554,53.1954004116296,-27.91365540502713,1.8700000047683716,2.0546441078186035
-531183341279081062,53.11833410241504,-27.908106251834944,1.9700000286102295,3.119671583175659
-530704231279076009,53.070423139887126,-27.90760092476735,2.9600000381469727,3.3549413681030273
-529834884282414290,52.98348849847684,-28.241429050827822,3.5,4.566954135894775
-531751534282408906,53.175153415769316,-28.240890666730593,1.7599999904632568,1.7031264305114746
-531580894282371106,53.158089482695345,-28.23711067302218,1.4199999570846558,1.5092501640319824
-529900285282273947,52.990028573973966,-28.227394775193513,2.5299999713897705,3.0013773441314697
-531507469282250725,53.15074696481913,-28.22507259265743,1.8300000429153442,1.8107154369354248
-530471615282077110,53.04716157997951,-28.207711021776785,2.2899999618530273,2.447939872741699
-529607574282062645,52.960757493068584,-28.2062645627335,1.1799999475479126,0.835119366645813
-531637199282013610,53.163719982525755,-28.201361013954337,2.309999942779541,1.4975179433822632
-529791856282008257,52.97918560225866,-28.200825708245752,3.140000104904175,3.2977943420410156
-532073852281948444,53.20738528931306,-28.194844414929616,2.5399999618530273,2.2438220977783203
-531024599281901956,53.1024599208065,-28.190195636394073,1.4900000095367432,1.5059962272644043
-531075125281894368,53.1075125870461,-28.18943689044602,0.5299999713897705,0.27648475766181946
-532186544281781442,53.21865444616289,-28.17814426573255,0.5400000214576721,0.42355841398239136
-529887274281750018,52.98872746556224,-28.175001852696624,1.5299999713897705,1.2169183492660522
-530032237281749413,53.00322373189353,-28.174941393749478,1.3300000429153442,0.8762863278388977
-529736857281622986,52.973685710365686,-28.16229867231464,0.8899999856948853,0.5822327733039856
-529516674281610033,52.951667455666325,-28.161003307138273,2.390000104904175,3.377833127975464
-532420239281573412,53.24202393678681,-28.15734123418607,0.949999988079071,0.6812987327575684
-532027673281568311,53.20276730096095,-28.15683115120247,2.4600000381469727,2.5347330570220947
-529313162281522907,52.93131624119001,-28.152290704313877,2.740000009536743,3.522317409515381
-531976831281431315,53.19768318021275,-28.143131575000428,1.2599999904632568,1.0436465740203857
-532379368281424572,53.23793681824642,-28.142457242489378,1.8300000429153442,3.405268907546997
-531492844281410527,53.14928442957177,-28.141052732373335,1.9700000286102295,3.1863210201263428
-530061105281395910,53.006110590268186,-28.13959107369204,2.3299999237060547,1.998414397239685
-531804679281184456,53.180467995699004,-28.118445637450613,1.8600000143051147,1.7786729335784912
-531270619281117371,53.127061945606535,-28.111737119234007,1.0499999523162842,1.0025990009307861
-532409943280921803,53.24099434632995,-28.092180336526383,3.9000000953674316,3.999258279800415
-531439954280885233,53.143995411683086,-28.088523376264796,1.5299999713897705,1.3831226825714111
-531895207280794533,53.189520739733815,-28.079453394238413,1.690000057220459,1.651733160018921
-529909961280681456,52.99099613091596,-28.068145614687992,0.8100000023841858,0.7656938433647156
-529778729280680419,52.977872991523355,-28.068041992125746,1.4800000190734863,0.7939599752426147
-531864279280673537,53.18642790510798,-28.06735378983272,3.569999933242798,4.087252616882324
-532394761280504271,53.239476187272864,-28.050427187558086,2.490000009536743,3.6306240558624268
-529714158280475561,52.971415832903375,-28.047556134983235,2.190000057220459,3.0651423931121826
-531561949280406667,53.156194973094024,-28.040666744032986,0.7699999809265137,0.8532536029815674
-532237062280351485,53.22370621625015,-28.03514850483456,2.5,2.5238616466522217
-531278383280312828,53.12783836610064,-28.031282808692087,1.3200000524520874,1.2847466468811035
-530323833280305506,53.03238335334478,-28.030550694488067,2.609999895095825,0.48267319798469543
-531881107280285802,53.18811073170244,-28.028580272007943,1.6699999570846558,1.6489206552505493
-530700330280259435,53.07003301221266,-28.02594357202544,2.7300000190734863,2.8776748180389404
-531640253280254827,53.16402533091071,-28.025482762986883,1.909999966621399,1.4873580932617188
-532334676280252010,53.23346762935875,-28.02520101013169,2.119999885559082,1.1537220478057861
-531623891280247833,53.162389162134296,-28.024783377993863,2.5799999237060547,3.1068027019500732
-529693070280010416,52.969307043811554,-28.001041674145835,2.819999933242798,0.4901666045188904
-532042088279930966,53.2042088730161,-27.99309668562182,1.659999966621399,1.4867875576019287
-530484318279897131,53.0484318398302,-27.98971317095815,1.4299999475479126,1.3087078332901
-529508544279836467,52.95085449780736,-27.983646725622897,0.9900000095367432,0.9373610615730286
-529582451279778562,52.95824512454357,-27.977856252202205,1.6699999570846558,2.0543811321258545
-531845953279736086,53.184595313709224,-27.9736086071527,1.1799999475479126,1.1486318111419678
-530844484279423870,53.084448486357864,-27.942387025579823,1.6299999952316284,0.314749538898468
-531820126279403064,53.182012696162865,-27.940306495218802,1.6100000143051147,1.3688756227493286
-530565342279372753,53.05653426355889,-27.93727536135961,2.009999990463257,1.2798992395401
-530461397279290101,53.046139759600266,-27.929010114564463,1.690000057220459,0.9327259659767151
-531078539279254685,53.107853998876195,-27.92546855356052,2.0399999618530273,1.3292819261550903
-531873838279069343,53.18738386582961,-27.906934302039158,1.5700000524520874,1.0432196855545044
-531785791282521863,53.178579135401904,-28.252186368277016,1.3300000429153442,1.275998830795288
-531057544282494732,53.105754440615264,-28.249473204481898,0.9900000095367432,0.7948423624038696
-531212590282470203,53.1212590287841,-28.247020301980474,3.309999942779541,4.816878318786621
-531255866282394502,53.12558660045082,-28.239450235123456,0.9200000166893005,0.7699030637741089
-530655499282379527,53.0655499008974,-28.237952749916424,0.5600000023841858,0.4203536808490753
-531679686282377249,53.16796865418075,-28.23772494913748,0.49000000953674316,0.42032939195632935
-531975594282356363,53.19755949555685,-28.235636330332397,1.2000000476837158,0.3174918591976166
-531560046282348553,53.15600461492252,-28.23485533310322,2.1700000762939453,3.238276243209839
-531943644282263116,53.194364413988204,-28.22631165601507,0.9100000262260437,0.9349595904350281
-532416767282234039,53.24167677954797,-28.223403943000243,1.6399999856948853,1.310196042060852
-530157375282208035,53.01573754035757,-28.220803599350006,2.069999933242798,1.719785451889038
-531593483282191352,53.1593483392929,-28.21913524871543,1.2000000476837158,1.251442790031433
-529846966282170334,52.98469668196569,-28.217033493877405,2.0,2.0246546268463135
-529605515282159025,52.960551568552525,-28.215902560518614,4.110000133514404,5.110920429229736
-529995601282152727,52.99956013657216,-28.215272740128935,0.3799999952316284,0.4172157645225525
-529739732282136130,52.97397322357608,-28.213613029482538,0.9900000095367432,1.0150296688079834
-531729970282129751,53.17299700995638,-28.21297514578395,0.9700000286102295,0.34965869784355164
-531647680282123196,53.16476802105915,-28.212319670101905,0.1899999976158142,0.1868779957294464
-529571777282088402,52.957177720694695,-28.208840243443937,0.28999999165534973,0.2977689206600189
-530814381282070879,53.081438130000635,-28.20708799801293,2.5799999237060547,3.3130533695220947
-531099028281955159,53.10990289617465,-28.19551591846462,2.2100000381469727,3.057058095932007
-530086973281953973,53.00869735069742,-28.195397387923087,1.409999966621399,1.4061000347137451
-532551376281875986,53.25513763899436,-28.18759866483285,0.7300000190734863,0.6991227269172668
-532168037281821672,53.21680371908285,-28.182167253590578,3.680000066757202,3.6695027351379395
-529233009281819614,52.923300948023105,-28.181961426964314,1.6200000047683716,1.6064481735229492
-532175543281800600,53.217554302056094,-28.180060002330976,0.7300000190734863,0.7219102382659912
-532056267281744477,53.205626743920455,-28.17444777802417,0.8700000047683716,0.7983260750770569
-532641689281723528,53.26416897198565,-28.172352870373636,0.5,0.16362886130809784
-532263175281711248,53.226317570511256,-28.171124870858584,0.3799999952316284,0.3688204288482666
-530514320281712137,53.05143206038236,-28.171213791347586,2.640000104904175,3.0908939838409424
-530162749281710510,53.01627493620619,-28.171051095265813,0.07999999821186066,0.07999994605779648
-529187633281703439,52.91876331345106,-28.170343959861544,0.47999998927116394,0.5079596042633057
-530042542281686794,53.00425421406868,-28.16867946661404,2.2200000286102295,3.6141421794891357
-530218428281686613,53.02184287586637,-28.16866130946792,0.47999998927116394,0.4981757700443268
-529242150281671558,52.92421507836326,-28.16715585650297,0.3700000047683716,0.3209185302257538
-532105409281658606,53.210540995352936,-28.165860672749513,1.340000033378601,2.320087432861328
-529877144281618913,52.98771449089778,-28.161891382307598,1.8899999856948853,0.6889819502830505
-532254224281615189,53.225422407419465,-28.161518963019837,3.809999942779541,4.016587257385254
-529420703281612539,52.9420703348627,-28.161253943454824,3.6700000762939453,4.109898567199707
-531103233281604433,53.11032331984724,-28.16044339528537,1.0099999904632568,0.3141873776912689
-532180435281582580,53.21804353526429,-28.158258079372217,4.070000171661377,4.37493371963501
-530319909281583105,53.03199092775014,-28.158310538551348,1.8799999952316284,2.054792881011963
-529582770281557820,52.958277032205146,-28.155782045481537,0.5899999737739563,0.7663176655769348
-530135487281552594,53.013548785547044,-28.15525945866016,1.1200000047683716,0.08416957408189774
-529124441281523665,52.91244416855007,-28.152366578559228,0.47999998927116394,0.4078139662742615
-532372107281490630,53.237210755100776,-28.149063031992508,3.2799999713897705,3.9678261280059814
-531965356281478045,53.19653569306474,-28.147804561740493,1.600000023841858,1.2771966457366943
-531334419281481629,53.13344198950366,-28.148162958838906,0.9200000166893005,0.9275230169296265
-532580951281467665,53.25809512511031,-28.14676653186215,1.0299999713897705,0.9134914875030518
-531223778281444031,53.12237786453625,-28.144403117032315,0.6399999856948853,0.48394086956977844
-530220115281437852,53.02201154006746,-28.143785272839633,1.0700000524520874,0.47708195447921753
-532379648281418465,53.23796486015052,-28.14184659796018,0.6200000047683716,0.6581757068634033
-530658895281413286,53.06588956985861,-28.141328651366365,0.6000000238418579,0.5982530117034912
-530536974281388098,53.05369741698787,-28.13880982621606,1.5,1.4986021518707275
-531572396281371997,53.157239631750016,-28.137199753327284,1.6299999952316284,1.5573378801345825
-530700756281358327,53.070075610440284,-28.135832786582462,0.18000000715255737,0.17616257071495056
-531267271281344621,53.12672714461657,-28.134462124033327,0.8500000238418579,0.9755011796951294
-530466562281341469,53.046656261378764,-28.134146990961025,0.6000000238418579,0.2861024737358093
-529818767281336449,52.98187671295875,-28.133644947567685,1.2899999618530273,1.2912150621414185
-529617292281323650,52.961729295500604,-28.132365084897533,3.380000114440918,4.072964668273926
-529631446281317209,52.96314460196491,-28.131720915189316,0.5400000214576721,0.4830556809902191
-532371293281300651,53.23712936285056,-28.130065137247083,2.8399999141693115,3.043464183807373
-529410885281293330,52.941088520867396,-28.129333082669884,1.6799999475479126,2.4024558067321777
-530991435281255096,53.09914353082333,-28.12550966575675,1.7200000286102295,1.4016950130462646
-531273517281217569,53.12735176322115,-28.121756983828927,2.799999952316284,3.042248249053955
-530682352281175326,53.06823524439409,-28.11753266281014,0.5699999928474426,0.615468442440033
-532107891281153640,53.21078919751868,-28.115364063745744,3.309999942779541,3.3401315212249756
-531376428281141125,53.13764289268343,-28.114112507831603,2.0999999046325684,2.0360491275787354
-530770517281132769,53.07705179092071,-28.11327692895067,1.7000000476837158,1.558789849281311
-529293545281117804,52.929354572722104,-28.11178046288512,0.33000001311302185,0.3135314881801605
-531489476281100557,53.1489476218069,-28.110055708403653,1.1699999570846558,0.40956494212150574
-531255947281071439,53.12559479179961,-28.107143951264337,0.4699999988079071,0.425685852766037
-529751328281050760,52.975132873108784,-28.10507601530031,1.7100000381469727,0.7955516576766968
-531925973281041705,53.19259736559432,-28.104170574295967,2.299999952316284,2.2749266624450684
-529703904281040590,52.97039042936288,-28.104059007253557,1.7899999618530273,1.3572678565979004
-532560893281013687,53.256089384564056,-28.101368746114552,1.5700000524520874,1.5099709033966064
-529487090281002841,52.94870904732284,-28.10028413573058,1.3600000143051147,1.3899602890014648
-529046528280999126,52.904652819876375,-28.09991264269338,2.0399999618530273,2.1910359859466553
-531457637280984368,53.14576371334251,-28.098436864308237,0.9599999785423279,0.9349761605262756
-532131897280960543,53.213189737689945,-28.096054375727668,0.5600000023841858,0.29805028438568115
-532454587280956626,53.245458774583476,-28.09566265099831,1.100000023841858,1.3003545999526978
-531633301280955750,53.16333018854836,-28.095575094747787,1.2799999713897705,1.2109148502349854
-530482061280930451,53.048206104278215,-28.09304515669561,0.28999999165534973,0.17821384966373444
-529530965280929578,52.95309652830827,-28.092957881997222,0.6100000143051147,0.4845620095729828
-530939450280921546,53.09394503698159,-28.092154684475943,1.0800000429153442,1.127761960029602
-531174532280868353,53.11745323018889,-28.086835308921614,1.2400000095367432,0.47826436161994934
-532678293280837423,53.26782933019382,-28.083742393353507,0.3400000035762787,0.32200685143470764
-529514683280835299,52.951468306100914,-28.083529931116793,1.8899999856948853,0.24353466928005219
-529903223280829673,52.990322363068735,-28.08296736622332,1.5499999523162842,1.5601391792297363
-530090636280816878,53.00906365959696,-28.081687855954446,1.9900000095367432,2.054856300354004
-529541252280795451,52.95412525945339,-28.079545152146927,3.680000066757202,4.124369144439697
-529787027280762251,52.97870277668937,-28.076225112382744,0.5699999928474426,0.5726832151412964
-530031723280710521,53.003172341028346,-28.0710521882465,2.059999942779541,2.2046287059783936
-531604359280700574,53.16043594469153,-28.070057466432313,0.6000000238418579,0.7087976336479187
-532584533280659406,53.25845339391548,-28.065940607203835,1.149999976158142,0.7675234079360962
-531100155280653329,53.11001550554247,-28.065332929755815,2.1500000953674316,2.211308002471924
-530756739280617832,53.0756739632907,-28.061783201004143,0.5899999737739563,0.6495658159255981
-529697862280587442,52.969786257854345,-28.058744294165162,1.809999942779541,1.656184196472168
-531226658280542219,53.1226658976757,-28.054221968795495,0.7400000095367432,0.763552188873291
-529524435280518909,52.95244358355712,-28.051890971679146,3.009999990463257,3.0610954761505127
-529973845280439543,52.997384504407556,-28.043954332914794,3.380000114440918,3.499438524246216
-529202921280426845,52.9202921236333,-28.042684587636625,1.9900000095367432,2.032869815826416
-529657864280395255,52.96578645887189,-28.039525504007806,0.8199999928474426,0.8520910739898682
-530447051280390462,53.04470516986265,-28.039046246864864,0.4699999988079071,0.5290756821632385
-530909821280379126,53.090982199508076,-28.03791263222567,2.369999885559082,2.867145538330078
-531910088280349483,53.19100881346885,-28.03494836299485,4.929999828338623,4.8928751945495605
-531600763280352829,53.16007638958444,-28.035282996969578,0.6399999856948853,0.6774559617042542
-531028333280337535,53.102833313459485,-28.03375354308346,4.420000076293945,4.492263317108154
-531137148280328568,53.11371486073951,-28.032856813596002,2.880000114440918,3.8223791122436523
-531806301280316129,53.180630118088224,-28.03161299106498,1.2000000476837158,0.7947587370872498
-532148162280296462,53.21481624793441,-28.029646273427197,2.369999885559082,2.054792881011963
-529359976280261561,52.935997671296,-28.026156177938518,1.9199999570846558,1.573692798614502
-530139833280219381,53.01398330004418,-28.021938114582642,0.9300000071525574,0.9378331899642944
-530297979280182450,53.02979797831319,-28.018245012573587,1.7799999713897705,1.6968964338302612
-532640926280177510,53.264092685460156,-28.017751018707827,1.100000023841858,1.166763424873352
-530740388280166398,53.074038894082314,-28.016639881870024,1.3899999856948853,1.412319540977478
-531315730280137755,53.131573004431914,-28.01377553935164,1.840000033378601,0.93312007188797
-529929436280117198,52.99294367744716,-28.011719858619472,2.9800000190734863,3.575563430786133
-532494029280087878,53.24940299656451,-28.008787888658947,0.8399999737739563,0.8492740392684937
-532263456280078858,53.22634566576883,-28.00788588705136,2.2100000381469727,2.6260666847229004
-532125230280065894,53.212523080129834,-28.006589436233636,2.440000057220459,2.90909481048584
-531516269280064708,53.151626932945966,-28.006470845846625,2.3499999046325684,2.2899370193481445
-532696005280057867,53.2696005355318,-28.005786780156452,1.1799999475479126,1.0253673791885376
-530993855280051297,53.09938552505654,-28.005129708853225,1.159999966621399,1.2011035680770874
-529495094280042490,52.94950948533861,-28.00424906736099,0.5,0.5086729526519775
-529384906279975214,52.938490634438885,-27.99752141618196,1.899999976158142,0.7944002151489258
-531756695279940438,53.175669558887755,-27.9940438482032,0.6399999856948853,0.7017846703529358
-531859082279926254,53.18590829495671,-27.992625420085865,0.6299999952316284,0.6986426711082458
-531713409279860703,53.17134099481124,-27.986070344915802,1.2599999904632568,1.3000686168670654
-532626041279854597,53.26260417255682,-27.985459782518234,2.259999990463257,2.5654053688049316
-532292071279769557,53.22920715974185,-27.976955719891997,2.130000114440918,3.003598213195801
-532627507279749086,53.26275077505114,-27.974908619182294,1.159999966621399,1.1474753618240356
-531245004279743401,53.12450047957218,-27.974340111149083,0.49000000953674316,0.2769123315811157
-532116495279741235,53.21164952710609,-27.974123515830186,1.5499999523162842,1.4107462167739868
-529651893279711611,52.965189342773044,-27.971161153212577,2.5799999237060547,2.60452938079834
-530162163279681605,53.01621636218135,-27.968160517819154,1.2300000190734863,1.2400074005126953
-531151345279675338,53.11513450764728,-27.967533808819514,3.4700000286102295,3.4835572242736816
-532082964279659252,53.208296417816086,-27.96592522137347,3.009999990463257,4.030375003814697
-532566592279642037,53.25665927840027,-27.964203760397073,0.6499999761581421,0.7873384952545166
-529742343279621258,52.97423438946633,-27.962125810932008,3.690000057220459,3.9357314109802246
-532599813279550587,53.259981384287364,-27.95505874754164,1.649999976158142,1.4524683952331543
-531282864279481241,53.12828649415188,-27.94812413337879,2.559999942779541,0.38474488258361816
-532210581279471638,53.22105816695427,-27.947163815280177,0.5899999737739563,0.5890818238258362
-531496090279472669,53.149609055979234,-27.947266971759404,1.309999942779541,1.3039665222167969
-531612661279467399,53.161266128398736,-27.946739930673893,0.6700000166893005,0.7939302325248718
-530891621279459661,53.089162132807246,-27.945966119526318,2.880000114440918,2.9866280555725098
-531520470279456139,53.15204703244552,-27.945613918096836,2.880000114440918,3.1216416358947754
-531060614279454300,53.106061490951944,-27.94543006052989,0.9800000190734863,0.160567507147789
-530400185279446601,53.04001852715586,-27.944660106002296,0.949999988079071,0.936369001865387
-532337010279408135,53.23370100550629,-27.940813555126677,1.0099999904632568,1.0020408630371094
-532202294279347976,53.22022944358934,-27.93479766526872,1.2200000286102295,1.297646164894104
-531318200279347612,53.13182006135261,-27.93476129511594,0.38999998569488525,0.3422716557979584
-531088986279316749,53.10889863719837,-27.93167499657757,1.3799999952316284,1.3684579133987427
-532374309279277662,53.23743099953422,-27.927766279816296,0.2800000011920929,0.6265665292739868
-531390581279270437,53.139058193080494,-27.927043749381454,0.6100000143051147,0.2993165850639343
-531267176279246292,53.126717610457476,-27.924629208514354,2.680000066757202,2.93025803565979
-530485243279242790,53.04852436514053,-27.924279067892808,2.359999895095825,3.036006212234497
-531787889279200272,53.178788986468845,-27.92002724900742,1.3300000429153442,1.3257434368133545
-531599246279165289,53.15992463036748,-27.916528968016014,2.140000104904175,2.054971694946289
-531952825279139665,53.195282533824006,-27.91396651332492,2.049999952316284,2.054676055908203
-531430320279011481,53.14303201651268,-27.901148147669527,1.0199999809265137,1.04137122631073
-531988213282497225,53.19882133461254,-28.249722530192685,0.6700000166893005,0.5578529238700867
-531394760282311958,53.13947608697979,-28.231195822566015,1.7200000286102295,1.6956002712249756
-529612170282090115,52.96121705441934,-28.209011551364846,3.5399999618530273,3.8679301738739014
-529577174282071213,52.957717410335206,-28.207121319982374,1.6100000143051147,1.6950539350509644
-530296819282044950,53.02968194740896,-28.20449503972723,1.5199999809265137,0.32191309332847595
-531588361281969087,53.158836111785,-28.19690877267718,1.3600000143051147,1.1393120288848877
-529322657281966592,52.932265778351194,-28.196659286913253,1.1799999475479126,0.8326840996742249
-531376769281941048,53.13767699859779,-28.194104845078922,2.7200000286102295,1.1425566673278809
-529990039281839745,52.99900390998008,-28.183974536383438,3.4200000762939453,4.239553451538086
-530955682281747358,53.095568246403644,-28.17473582956992,1.25,0.9737728834152222
-532588310281624168,53.258831081897256,-28.162416802034244,2.130000114440918,2.283099412918091
-529864377281573748,52.9864377662358,-28.157374868121934,5.730000019073486,5.896778583526611
-529445524281555493,52.9445524998058,-28.15554931162262,1.2599999904632568,0.27751246094703674
-530468918281453744,53.04689189990183,-28.145374478183992,1.2100000381469727,1.199103593826294
-531738023281367410,53.17380238912413,-28.13674106252276,1.9700000286102295,1.7524677515029907
-529983712281347800,52.99837127461301,-28.1347800007624,1.7300000190734863,1.3166660070419312
-530155897281345737,53.01558973123543,-28.134573764533286,1.8700000047683716,1.3101716041564941
-529380890281307488,52.938089020416584,-28.130748887137994,2.809999942779541,3.105011463165283
-532027068281131632,53.20270685409775,-28.113163223037294,2.6500000953674316,2.7999274730682373
-530788608281110925,53.07886086767135,-28.111092521177834,2.5399999618530273,2.665358304977417
-532280996281037459,53.2280996925495,-28.103745941130164,1.3899999856948853,1.410869836807251
-532227483280987046,53.222748343241896,-28.098704659142555,2.869999885559082,3.0894923210144043
-529813393280983850,52.98133931822621,-28.098385085604477,1.350000023841858,1.2514115571975708
-529787205280961921,52.97872059668355,-28.0961921967321,3.4200000762939453,4.864936351776123
-529893421280903398,52.989342195185934,-28.090339817427623,2.75,1.3676108121871948
-529863018280849607,52.986301826621556,-28.084960789903054,1.5199999809265137,0.8735861778259277
-532213559280790376,53.22135597634711,-28.079037643725215,3.990000009536743,4.3767523765563965
-531237395280685183,53.1237395462578,-28.068518397656632,1.9500000476837158,1.3203022480010986
-530306092280684133,53.03060925088245,-28.068413397897352,1.3600000143051147,1.0256624221801758
-530060346280659774,53.00603463184185,-28.065977427427775,2.25,1.4077941179275513
-529141508280616420,52.914150810221756,-28.061642071671606,2.009999990463257,2.053485870361328
-530939597280585174,53.093959760759454,-28.05851748033397,1.690000057220459,1.311572551727295
-530284647280525082,53.02846477670793,-28.052508292395483,1.409999966621399,1.1480128765106201
-529643176280496580,52.96431763895387,-28.049658059987788,1.75,1.765709638595581
-531733503280439802,53.173350323303346,-28.043980245630248,2.3299999237060547,2.814495801925659
-530884749280466198,53.08847491573913,-28.04661985807282,1.25,1.3128936290740967
-532036935280390603,53.20369355420234,-28.039060383656377,1.8799999952316284,2.0545921325683594
-530514006280360104,53.05140065274366,-28.036010458014136,1.5299999713897705,2.272989273071289
-529683980280353913,52.968398026954674,-28.035391388145644,1.5,1.3025389909744263
-531255967280327956,53.1255967238543,-28.032795625510403,1.9299999475479126,1.7326663732528687
-532289798280311773,53.22897981478846,-28.031177346681375,1.2799999713897705,1.3016798496246338
-531499048280249988,53.14990489492652,-28.02499886825542,1.159999966621399,0.9429895281791687
-530323572280244777,53.03235727263721,-28.024477720261242,2.069999933242798,2.095010995864868
-530427490280236522,53.04274904242115,-28.02365223011242,0.5600000023841858,0.5051296949386597
-531411836280230058,53.141183623987075,-28.023005888766804,2.380000114440918,2.4263856410980225
-531625955280194173,53.162595555385955,-28.019417330151043,2.509999990463257,2.0834038257598877
-530965945280196249,53.096594509006486,-28.01962495879607,1.149999976158142,1.016732096672058
-531522845280183058,53.15228457352725,-28.01830585917331,0.6700000166893005,0.4529346823692322
-531515015280146602,53.15150150742344,-28.01466021694922,2.799999952316284,2.9253194332122803
-530413559280116501,53.04135590125758,-28.011650124033196,2.819999933242798,0.3929612934589386
-532420929280075428,53.24209296392372,-28.007542850391964,1.5,0.800207793712616
-531762278280055271,53.176227873247946,-28.005527115065867,1.5399999618530273,1.305429220199585
-531236268280052095,53.1236268555321,-28.005209503440724,1.9800000190734863,1.733405590057373
-531589843279917276,53.158984373184644,-27.991727625266865,2.119999885559082,2.115880250930786
-532327476279901825,53.23274762847008,-27.990182538390975,2.3299999237060547,2.259091854095459
-529911200279877326,52.991120014805055,-27.987732674613653,3.119999885559082,0.49134814739227295
-532270731279832643,53.22707315616102,-27.983264378882375,1.7599999904632568,1.49712073802948
-529716787279768009,52.97167872402512,-27.976800908363252,1.9700000286102295,1.7038153409957886
-530043370279736381,53.00433701367244,-27.973638168226444,2.200000047683716,0.47558698058128357
-531418277279729698,53.141827783057444,-27.972969833241144,0.9100000262260437,0.42387720942497253
-530069994279714086,53.00699946810144,-27.971408666804795,1.9199999570846558,1.69735586643219
-532183390279701242,53.218339009368066,-27.970124249188864,1.9199999570846558,1.6887571811676025
-530003644279678645,53.00036442577396,-27.967864568578033,1.0099999904632568,1.148086428642273
-532225591279672603,53.22255919545615,-27.96726031324152,1.350000023841858,1.3010820150375366
-530127615279642379,53.012761510044015,-27.964237981077936,2.369999885559082,2.6261487007141113
-531585041279543336,53.158504191790165,-27.95433366787689,1.5700000524520874,1.5073775053024292
-530318500279516489,53.03185002374446,-27.951648951593764,1.2799999713897705,0.7962244749069214
-531187232279450865,53.1187232553468,-27.94508659746623,3.240000009536743,3.2306582927703857
-530949119279412327,53.09491196975824,-27.941232748292038,2.200000047683716,0.9861505031585693
-532041478279338823,53.20414787648383,-27.9338823279374,1.6399999856948853,1.3145849704742432
-530158972279316103,53.01589725018583,-27.931610388606178,3.569999933242798,4.12818717956543
-531510235279315053,53.151023584010055,-27.931505372393044,3.0799999237060547,3.1044325828552246
-531352062279225564,53.13520622827095,-27.922556419906147,1.2899999618530273,1.042132019996643
-531132846279209331,53.1132846874892,-27.920933193515896,1.7000000476837158,3.0550785064697266
-531930858282480521,53.193085834602314,-28.248052116781974,1.6399999856948853,1.2175517082214355
-532557479282474183,53.255747974238794,-28.24741832900796,1.25,1.2851289510726929
-532634484282452395,53.26344849833537,-28.24523955527566,1.4900000095367432,2.044114112854004
-529918758282446079,52.991875871654955,-28.244607975179544,1.2899999618530273,1.285794973373413
-530941149282433713,53.09411497640231,-28.24337131405637,1.440000057220459,0.31253987550735474
-530737622282400651,53.073762204757024,-28.240065172055616,1.2699999809265137,1.3023473024368286
-531491705282334030,53.14917055786874,-28.233403066905247,0.6800000071525574,0.7494850754737854
-531312454282322035,53.13124540901585,-28.232203571359758,1.0499999523162842,0.6930659413337708
-529772116282298640,52.9772116097723,-28.229864081458125,0.8399999737739563,1.704583764076233
-530703841282252163,53.070384104683804,-28.225216339943103,0.5400000214576721,0.5415812134742737
-532159499282230393,53.21594991747105,-28.223039308144674,1.4199999570846558,0.9330517649650574
-532123354282197068,53.212335434677385,-28.219706891467357,1.9900000095367432,2.0299811363220215
-529545981282195143,52.95459813268236,-28.21951432951963,0.9100000262260437,0.9105042815208435
-530935051282188767,53.09350515953678,-28.21887672356393,1.0199999809265137,1.042205810546875
-530896260282174965,53.08962609010602,-28.21749658563584,1.6399999856948853,0.3219062089920044
-532206510282152927,53.220651072087904,-28.215292776186676,2.5899999141693115,3.3612494468688965
-529905400282106699,52.9905400651637,-28.210669961030806,2.1700000762939453,2.1917779445648193
-530016445282106240,53.00164456516424,-28.210624002096942,0.6399999856948853,0.6385403871536255
-532201010282090931,53.220101000577735,-28.20909312678362,1.6699999570846558,1.3131963014602661
-531160551282071136,53.116055132548155,-28.207113688021593,4.260000228881836,4.349162578582764
-529627995282069468,52.962799583505905,-28.206946824975233,0.3700000047683716,0.32246822118759155
-531521216279400695,53.15212169960169,-27.940069537985426,2.5999999046325684,2.9334628582000732
-532138969279364253,53.2138969446355,-27.936425332224392,3.450000047683716,3.787222385406494
-531993854279344469,53.19938546110739,-27.934446939019953,0.36000001430511475,0.3338554799556732
-530859328279298638,53.08593284914669,-27.929863857095803,1.8700000047683716,2.0548434257507324
-531750371279250976,53.17503716986831,-27.92509762917388,1.590000033378601,1.557869553565979
-530548143279190396,53.054814377086046,-27.919039615449545,2.0399999618530273,1.0425530672073364
-532089616279158547,53.208961633408066,-27.915854773346677,0.44999998807907104,0.4104222059249878
-531159242279121444,53.115924293250885,-27.912144418996714,3.299999952316284,3.3286292552948
-531892909279107344,53.189290982189085,-27.910734407492196,4.880000114440918,5.276928424835205
-530310029282465747,53.03100291271524,-28.24657477820043,2.2100000381469727,2.2006325721740723
-531738981282451902,53.17389816022307,-28.245190206572605,2.1500000953674316,0.4060271382331848
-530827449282355758,53.08274492870635,-28.23557580995333,1.409999966621399,1.3953319787979126
-530310812282338909,53.031081298207475,-28.23389097123817,1.4600000381469727,1.0424870252609253
-531600778282298177,53.16007786207063,-28.229817748218977,1.5199999809265137,2.1655211448669434
-529771057282212609,52.9771057563914,-28.221260939298613,0.7200000286102295,0.8678190112113953
-530303078282166429,53.030307817855764,-28.21664293376088,3.299999952316284,0.7817259430885315
-530631457281934318,53.0631457706601,-28.193431807290676,1.940000057220459,2.4274697303771973
-531397025281798673,53.13970255460032,-28.179867342644403,1.3799999952316284,1.2899585962295532
-531189753281758515,53.11897534204828,-28.175851552996555,2.8399999141693115,0.4826093018054962
-530634876281713142,53.06348760650981,-28.171314284584636,1.2000000476837158,1.2794069051742554
-530032071281633279,53.00320719745618,-28.163327907860964,2.259999990463257,2.5391428470611572
-530004236281591390,53.00042361291873,-28.159139068624125,0.5299999713897705,0.37086379528045654
-529946338281482117,52.99463382277635,-28.148211733383206,2.200000047683716,2.1797845363616943
-531489167281398286,53.148916704130926,-28.1398286146102,2.6600000858306885,2.9849467277526855
-529673657281391179,52.96736577989118,-28.13911797729745,1.5700000524520874,1.312740445137024
-531223085281373488,53.12230856246127,-28.137348808190822,1.9500000476837158,1.3798772096633911
-531481745281230719,53.148174586916724,-28.123071917886193,1.5499999523162842,1.504065990447998
-530969703281218505,53.09697038705551,-28.121850501098418,1.4299999475479126,1.3136579990386963
-532118459281128110,53.211845948036256,-28.112811024105515,1.7200000286102295,1.6061434745788574
-531372425281125947,53.13724255459178,-28.11259479820097,2.740000009536743,3.5895001888275146
-532245271281090803,53.22452716070105,-28.10908035080384,2.0199999809265137,2.0532360076904297
-531009465281071166,53.10094658989558,-28.10711668208671,1.8300000429153442,1.6987097263336182
-530076194281000836,53.0076194808247,-28.10008361888584,1.8700000047683716,1.6890419721603394
-531586472280953592,53.15864729451301,-28.0953592364487,2.259999990463257,2.58424711227417
-531780333280753059,53.178033363910245,-28.075305988904912,3.140000104904175,5.488275527954102
-529189132280697685,52.91891323049982,-28.069768590062445,2.390000104904175,2.7726166248321533
-529175576280678063,52.91755760951049,-28.067806339412133,3.2899999618530273,4.128232955932617
-529306826280672803,52.930682686672036,-28.06728033815415,1.7899999618530273,0.48221555352211
-531691278280660718,53.169127839781275,-28.066071805682196,,
-531645564280661260,53.164556455591836,-28.066126017104605,1.0499999523162842,1.0442150831222534
-530671734280650648,53.06717347820951,-28.065064825711087,5.809999942779541,6.0
-530046197280641036,53.00461978053347,-28.064103637054604,2.309999942779541,2.5905511379241943
-529269266280615131,52.92692666752345,-28.061513146721335,2.0299999713897705,2.3363196849823
-529275085280519024,52.92750855218923,-28.05190249002384,4.599999904632568,4.8829755783081055
-531840232280501367,53.18402321383674,-28.050136791721094,3.4100000858306885,3.647191286087036
-532172804280491665,53.21728040580462,-28.04916650955161,3.0299999713897705,4.128086090087891
-532347286280400056,53.23472860995362,-28.04000563745538,0.949999988079071,0.7914372682571411
-530280594280374271,53.02805943149105,-28.03742716591903,2.4100000858306885,2.8171844482421875
-530081860280242779,53.00818601716488,-28.02427790881314,0.8100000023841858,0.5340036749839783
-529769626280210812,52.976962683913655,-28.02108129900402,4.840000152587891,4.747945785522461
-531611054280169080,53.16110545231997,-28.016908021317292,3.140000104904175,3.955540418624878
-531221774280081772,53.12217741141641,-28.008177293922845,1.440000057220459,1.3437299728393555
-532007073280000441,53.20070731154676,-28.00004417120369,1.9800000190734863,1.2184268236160278
-530667005280000577,53.06670055417009,-28.00005777204664,1.149999976158142,1.2343612909317017
-530307176279963030,53.030717692953694,-27.996303098948424,1.149999976158142,1.1379992961883545
-532666001279859294,53.26660019648756,-27.98592940017338,2.1500000953674316,2.2446930408477783
-531544869279846193,53.15448694626872,-27.984619360077517,2.6600000858306885,2.875659942626953
-532177387279752848,53.2177387110811,-27.975284876560867,0.5199999809265137,0.3478473126888275
-530132140279654185,53.013214028593495,-27.96541855767045,1.840000033378601,0.2258458435535431
-532282075279596219,53.228207519046684,-27.9596219781338,0.9700000286102295,0.9343127012252808
-532402217279401283,53.24022174488525,-27.940128358514894,2.240000009536743,2.275914430618286
-530797133279380129,53.07971334049221,-27.93801298233543,1.8300000429153442,0.4190005958080292
-531703699279307641,53.170369920339816,-27.93076418680923,2.4200000762939453,2.2786734104156494
-531765108279297011,53.17651083875249,-27.92970118847344,0.7300000190734863,0.5401413440704346
-531333631279261597,53.13336316345017,-27.926159757231815,2.240000009536743,1.0481128692626953
-530460173279235954,53.04601730472768,-27.923595430276535,2.7899999618530273,0.5312531590461731
-531249268279094524,53.124926889383374,-27.90945249901307,2.0799999237060547,2.262953758239746
-531202323279063880,53.12023230757897,-27.9063880021465,1.4900000095367432,1.147542119026184
-531627223282473941,53.16272233955951,-28.247394167463927,0.5600000023841858,0.3685591220855713
-532149554282433667,53.2149554152951,-28.243366723613526,0.8299999833106995,0.7734179496765137
-531383252282400917,53.138325239386404,-28.240091775321503,1.9700000286102295,2.007497549057007
-530325259282388750,53.03252598119395,-28.23887503628983,2.559999942779541,2.282428503036499
-530107797282360273,53.010779773370885,-28.23602730047976,2.819999933242798,3.1023128032684326
-531130949282357700,53.1130949890274,-28.235770040675035,0.8700000047683716,0.9199918508529663
-532078971282345083,53.20789714455711,-28.234508397116134,0.3100000023841858,0.2613877058029175
-532135456282341883,53.213545638784915,-28.23418832750237,2.430000066757202,3.257923126220703
-532323838282297375,53.232383887270586,-28.229737565939008,3.309999942779541,3.582019329071045
-532243499282255277,53.2243499003001,-28.22552773103603,1.5700000524520874,1.402586579322815
-531146736282235099,53.11467367434533,-28.2235099418438,3.2200000286102295,4.374666690826416
-530348441282234202,53.0348441002949,-28.223420281533006,2.309999942779541,2.308520793914795
-532308982282226392,53.23089827998814,-28.22263921181858,0.949999988079071,0.9362710118293762
-530389468282227040,53.03894685883831,-28.222704055215864,0.6700000166893005,0.16029080748558044
-530011692282187501,53.00116923859928,-28.218750141069588,2.990000009536743,2.984091281890869
-532092912282180570,53.209291260263896,-28.218057073890023,0.5,0.5451768636703491
-532115530282157495,53.21155306770125,-28.215749594925338,0.4399999976158142,0.48035794496536255
-529528814282155931,52.952881405412505,-28.21559312545051,1.0,1.0431582927703857
-530172975282147572,53.01729757781015,-28.214757204121735,0.7699999809265137,0.7440442442893982
-531554894282098082,53.15548941606865,-28.209808223449844,2.640000104904175,2.915212392807007
-531918005282090528,53.191800538849904,-28.20905286913116,1.0,0.9334239363670349
-531106036282060007,53.110603664160486,-28.20600075711205,0.3199999928474426,0.3107164204120636
-532186913281981638,53.21869130370819,-28.198163856228298,2.630000114440918,2.8130109310150146
-529404700281965142,52.94047000684963,-28.19651422895965,1.9600000381469727,2.686951160430908
-529575830281941781,52.95758307653326,-28.194178181557852,3.6700000762939453,3.661496877670288
-530431127281934271,53.04311270515698,-28.193427182842814,0.9399999976158142,0.9326170682907104
-531079171281933730,53.107917111044515,-28.193373004850276,1.3700000047683716,1.3827762603759766
-531760043281912835,53.176004379280315,-28.191283584320438,0.5,0.7068876624107361
-530267650281869084,53.02676506070437,-28.186908494381317,0.8899999856948853,0.9014878273010254
-530835999281846741,53.083599901973095,-28.184674111791157,2.109999895095825,2.1477503776550293
-531519262281815737,53.151926276629126,-28.181573731944518,1.6699999570846558,1.6916381120681763
-532149127281808643,53.21491275129864,-28.18086432455552,6.0,5.976175308227539
-529444092281810024,52.94440922826907,-28.181002492810176,1.0,0.7005215287208557
-532258059281802725,53.225805941625715,-28.180272596730802,0.8700000047683716,0.9284955859184265
-529880414281791274,52.98804146956914,-28.179127457052413,1.0499999523162842,0.15948602557182312
-530345129281782697,53.03451291733256,-28.178269724175415,2.2300000190734863,3.1463751792907715
-529920787281779293,52.99207871934109,-28.1779293914298,1.1100000143051147,0.5429930686950684
-530802422281746800,53.08024228094302,-28.174680002709295,2.609999895095825,3.232196092605591
-529479238281745197,52.947923894070534,-28.174519757678976,0.36000001430511475,0.3670865297317505
-532532967281688876,53.25329679706698,-28.168887677970115,0.8600000143051147,0.8265042901039124
-530664612281689406,53.06646123154749,-28.16894062260703,1.3600000143051147,1.364350438117981
-530853554281672909,53.08535547616828,-28.16729090278156,0.6299999952316284,0.39283961057662964
-531795064281669688,53.17950644622861,-28.166968835468268,0.5,0.5060746669769287
-531272560281603883,53.12725608031411,-28.1603883536939,1.2799999713897705,1.2965455055236816
-531326855281589204,53.132685565619106,-28.158920474499812,2.0999999046325684,1.5632227659225464
-529288257281572709,52.92882577171555,-28.15727094713474,1.690000057220459,1.6987438201904297
-529522406281554518,52.95224064067991,-28.155451858883488,1.0199999809265137,0.4767121970653534
-529793513281531928,52.97935137485546,-28.15319281902342,1.2100000381469727,1.2522475719451904
-529838654281463823,52.983865428478516,-28.146382388783096,0.5199999809265137,0.6556210517883301
-529235974281456067,52.92359747531368,-28.14560674112591,1.0199999809265137,1.0428417921066284
-531961889281420218,53.19618895619989,-28.14202188804411,1.0299999713897705,0.2785313129425049
-530720071281400816,53.07200717112231,-28.140081603687555,0.6299999952316284,0.6252781748771667
-529750354281360151,52.97503549155144,-28.13601517499348,1.3200000524520874,1.294602632522583
-531566741281357639,53.156674185524956,-28.135763903067215,1.3600000143051147,0.37200599908828735
-532355496281346738,53.23554966395787,-28.134673879741488,0.6899999976158142,0.4511246979236603
-532303418281336910,53.23034180295415,-28.13369104529389,1.6200000047683716,1.0433051586151123
-531018245281333142,53.101824514469925,-28.133314268410235,0.6800000071525574,0.6816372275352478
-529280552281328265,52.92805522670818,-28.132826528144903,0.7400000095367432,0.7023947834968567
-529370117281325258,52.937011778797924,-28.132525819007686,0.9700000286102295,0.8665445446968079
-531688670281319101,53.16886708044648,-28.131910182219343,1.7200000286102295,2.054661273956299
-529637821281303137,52.963782105771834,-28.1303137295889,1.190000057220459,1.188381314277649
-530570740281273070,53.05707401481355,-28.12730703044165,1.8899999856948853,3.9890098571777344
-529907677281272440,52.99076779760915,-28.12724400107463,2.6500000953674316,3.043717384338379
-532013179281211864,53.20131797692398,-28.121186488088647,0.4699999988079071,0.4968234598636627
-531400197281200555,53.14001970214357,-28.120055577586403,1.649999976158142,0.5338798761367798
-530066435281187453,53.006643504702936,-28.118745383498332,0.6399999856948853,0.6410476565361023
-532034963281176505,53.20349638217436,-28.117650537385313,1.0099999904632568,1.062638759613037
-531385288281159935,53.138528835606316,-28.11599353039824,3.2100000381469727,3.370697021484375
-531862971281139276,53.18629714423414,-28.113927692490574,0.6800000071525574,0.6932181119918823
-532077511281118215,53.2077511371972,-28.11182153186945,0.8700000047683716,0.8598698377609253
-532075738281114961,53.20757380598944,-28.11149618650862,0.5600000023841858,0.560539722442627
-529617879281092134,52.961787902583055,-28.109213492141972,0.7200000286102295,0.6410945653915405
-530333199281070179,53.033319988232236,-28.1070179558429,1.190000057220459,1.5616223812103271
-529736656281063992,52.97366568997692,-28.106399231022447,0.7699999809265137,0.6871459484100342
-532070514281040152,53.20705140784682,-28.104015213956757,1.2799999713897705,3.0028176307678223
-530998735281018359,53.09987350931275,-28.1018359137966,0.8799999952316284,0.9323351383209229
-530766004281014770,53.076600480145956,-28.101477080590055,4.760000228881836,4.76969051361084
-529663545281009130,52.96635455118468,-28.1009130198983,1.3200000524520874,1.3198505640029907
-529883204281000132,52.98832041296653,-28.10001321262862,3.6700000762939453,3.656946897506714
-532359402280988923,53.23594029574518,-28.09889236737048,2.7799999713897705,3.108269691467285
-529047768280907406,52.90477689930165,-28.09074065948086,1.0,1.5064705610275269
-531854986280896894,53.18549865259523,-28.089689443609647,0.6899999976158142,0.3465288579463959
-531048462280877594,53.10484628507468,-28.08775949711682,1.7400000095367432,1.5609043836593628
-531378120280853683,53.137812013876015,-28.085368321026152,2.299999952316284,2.4482078552246094
-531491026280832687,53.1491026425583,-28.0832687808629,0.4699999988079071,0.30058199167251587
-529528493280817897,52.95284933294474,-28.08178970432189,1.7300000190734863,1.6947933435440063
-531445852280797961,53.14458525772671,-28.079796149334097,0.5899999737739563,0.5906893610954285
-531468135280755417,53.14681353426444,-28.075541750626584,2.9000000953674316,3.234626293182373
-532244171280751561,53.22441716237936,-28.075156159291424,1.9500000476837158,0.7934770584106445
-529620510280731387,52.962051091231885,-28.07313871203191,0.28999999165534973,0.14549711346626282
-529515768280712215,52.95157686181631,-28.071221530686746,3.559999942779541,3.807121992111206
-529475692280706458,52.94756928142975,-28.07064584796885,1.940000057220459,1.309110164642334
-532008808280636117,53.200880857957365,-28.063611708672262,1.9199999570846558,2.0282492637634277
-530736958280608347,53.073695882124824,-28.060834789957315,0.3499999940395355,0.3210758566856384
-531235757280606008,53.123575796201365,-28.06060086233904,0.550000011920929,0.4798382520675659
-532335590280601110,53.23355905348029,-28.060111062970623,2.0399999618530273,0.3034369647502899
-530564719280600630,53.05647190790267,-28.060063076639178,0.5099999904632568,0.7255950570106506
-529771172280559345,52.977117215797925,-28.05593456624945,0.3400000035762787,0.34134817123413086
-530001374280501502,53.00013746020485,-28.05015022681937,1.6200000047683716,1.5855438709259033
-530924319280455542,53.092431902417616,-28.045554207341773,1.9299999475479126,1.0420318841934204
-530091825280441856,53.009182576279166,-28.04418567240594,0.20999999344348907,0.20322687923908234
-531504025280435786,53.15040250198419,-28.043578646376297,0.7599999904632568,0.7382348775863647
-529502422280407467,52.95024228309878,-28.040746774902033,1.5800000429153442,1.5604811906814575
-530659179280335963,53.065917927659555,-28.033596341895297,0.550000011920929,0.5447827577590942
-532019395280297274,53.201939537642836,-28.029727459360675,1.149999976158142,1.0421807765960693
-530046520280295739,53.00465200126694,-28.0295739078171,1.0299999713897705,0.9868572354316711
-532649721280264883,53.26497214802439,-28.026488348444666,1.559999942779541,1.5589205026626587
-530851610280222866,53.085161056220436,-28.022286648180803,1.0,0.9332355856895447
-531896676280216868,53.18966767991776,-28.021686850648923,0.8899999856948853,0.9123801589012146
-530656613280196122,53.065661319977224,-28.019612261606632,1.149999976158142,1.1478562355041504
-529245579280163359,52.92455799825085,-28.016335950087026,1.8600000143051147,0.6850473284721375
-530353502280156604,53.03535024109938,-28.015660490641658,0.36000001430511475,0.2735152542591095
-529804352280144495,52.98043524179417,-28.014449517998273,3.4600000381469727,3.6480796337127686
-530243047280068555,53.02430472058648,-28.006855592496443,0.9300000071525574,0.9329754114151001
-532037853280055964,53.20378530419608,-28.00559641450635,1.3300000429153442,1.1946090459823608
-530303888280016078,53.03038887220249,-28.00160785970509,0.6700000166893005,0.6591005325317383
-531344082280007557,53.13440823528041,-28.000755790827466,2.190000057220459,2.0364608764648438
-532341327280005806,53.23413277892248,-28.000580630815325,2.259999990463257,2.2804083824157715
-532400334279963522,53.24003347152673,-27.9963522206325,2.4200000762939453,3.397244930267334
-532427148279914011,53.24271485141557,-27.99140114994453,1.149999976158142,1.1620428562164307
-530047377279900036,53.00473779509094,-27.99000362315177,1.1699999570846558,0.3028673827648163
-529736950279829148,52.973695000219415,-27.982914880633214,1.0499999523162842,1.0622849464416504
-531609084279802750,53.16090848413848,-27.980275067961944,1.909999966621399,2.2374114990234375
-531468596279759608,53.1468596309534,-27.975960851938897,1.059999942779541,1.042799472808838
-530941684279735004,53.09416847814702,-27.973500486105873,1.309999942779541,1.3088405132293701
-532615427279721324,53.261542760821776,-27.972132424848688,0.550000011920929,0.5152665972709656
-530707781279710823,53.070778192816626,-27.971082377090223,0.23999999463558197,0.254591703414917
-531879172279704957,53.187917285001944,-27.97049576102998,1.4700000286102295,1.2904828786849976
-531320972279678961,53.1320972345319,-27.96789611222431,1.5199999809265137,0.3675239384174347
-531841003279671965,53.184100381647276,-27.96719654354665,1.059999942779541,0.8082612156867981
-531554524279671008,53.155452406825454,-27.967100859681587,1.6699999570846558,1.4793636798858643
-531128299279617996,53.11282990761041,-27.961799690811265,2.3399999141693115,2.5420289039611816
-529767582279600313,52.97675826255763,-27.960031318018636,1.75,1.7039458751678467
-532172528279525430,53.21725284389808,-27.952543029655384,0.9100000262260437,0.9108273386955261
-530582252279519927,53.05822526412604,-27.95199278749993,0.6200000047683716,0.6199866533279419
-529850409279497745,52.98504090177,-27.949774575845616,1.7400000095367432,1.5629572868347168
-530558145279466857,53.05581458178818,-27.94668576764404,2.0199999809265137,1.987013816833496
-531394247279458234,53.13942476249118,-27.945823471650364,0.9599999785423279,0.9596497416496277
-530078290279416149,53.00782902681224,-27.94161491959386,2.369999885559082,2.471436023712158
-530555632279386616,53.05556320189035,-27.938661653519976,2.390000104904175,3.2927041053771973
-532198043279379816,53.21980433500214,-27.937981695724392,1.090000033378601,1.2471673488616943
-531007121279381088,53.10071219539744,-27.93810885986798,3.6700000762939453,3.9874770641326904
-530661795279350783,53.06617953896587,-27.935078342037915,1.6200000047683716,1.475732684135437
-530105352279326198,53.01053528926424,-27.9326198314048,0.38999998569488525,0.41952013969421387
-532394857279289857,53.23948577943825,-27.92898578385547,2.1700000762939453,2.229989767074585
-530478900279211043,53.04789003763122,-27.92110432798969,1.850000023841858,2.0543243885040283
-531318203279171331,53.13182038793607,-27.917133193984775,1.0099999904632568,1.3038421869277954
-530899328279087539,53.08993288596028,-27.908753994058486,3.319999933242798,3.4127063751220703
-530031997282315082,53.00319970233583,-28.231508273608515,2.0,3.3012497425079346
-531589536282285362,53.15895366455291,-28.228536251832217,2.9700000286102295,1.3896602392196655
-532127212282239635,53.21272124120017,-28.223963539688654,2.8299999237060547,2.8549094200134277
-531236229282238026,53.123622919514055,-28.22380269676412,1.4600000381469727,1.6942459344863892
-531134134282193925,53.113413427147215,-28.219392504165604,1.809999942779541,1.6985039710998535
-530121887282175109,53.01218874190562,-28.217510985097036,0.7699999809265137,0.6818769574165344
-530168536282135343,53.01685369331708,-28.213534398110124,2.119999885559082,2.1293458938598633
-532312444282091579,53.23124442506607,-28.209157922801886,4.570000171661377,5.777365684509277
-531789406282004982,53.17894066993926,-28.200498244067937,1.5499999523162842,1.2424570322036743
-530105111281997861,53.010511108520824,-28.19978617400569,1.159999966621399,0.9707034230232239
-532671668281958003,53.26716681230731,-28.195800324038782,1.4299999475479126,1.4539622068405151
-532305301281896086,53.230530177836854,-28.189608699905417,1.2799999713897705,1.039291262626648
-530168253281780976,53.016825340216904,-28.178097613698277,1.090000033378601,0.9857000708580017
-531339486281734205,53.13394862926028,-28.173420566552394,2.9700000286102295,3.4345099925994873
-531843957281716130,53.18439577509458,-28.171613005826472,5.070000171661377,5.317956447601318
-532387476281715840,53.238747685805485,-28.17158405038144,2.0,2.048567533493042
-530626539280495414,53.06265396918464,-28.04954140933898,0.8600000143051147,0.9176308512687683
-529414277280491427,52.94142770459619,-28.049142783239517,1.2999999523162842,1.303641438484192
-529836699280471562,52.98366990758742,-28.04715624222845,0.6700000166893005,0.6673287749290466
-531492591280445467,53.14925917553112,-28.044546739399333,1.2000000476837158,2.839560031890869
-532666917280429879,53.2666917869701,-28.042987973313284,1.809999942779541,1.6962438821792603
-532127248280430843,53.212724823901866,-28.043084346944624,0.9100000262260437,3.0716705322265625
-532452583280429438,53.245258345993015,-28.042943864232893,0.18000000715255737,0.17905624210834503
-531466076280422573,53.146607646269686,-28.04225734673635,2.1700000762939453,2.2756078243255615
-529705329280421402,52.97053292522929,-28.042140226410503,0.3400000035762787,0.3536376655101776
-532269220280417351,53.22692209640369,-28.04173511476785,1.809999942779541,1.404084324836731
-529993634280410705,52.99936344606692,-28.041070565951756,0.8399999737739563,1.0406417846679688
-529357455280329339,52.93574556350112,-28.032933935854437,3.559999942779541,3.5495500564575195
-530449431280307541,53.04494315695011,-28.030754129573104,1.309999942779541,1.3114984035491943
-530876375280290341,53.08763750879339,-28.02903418119953,0.4399999976158142,0.5341649651527405
-530622167280243116,53.062216763818405,-28.024311656336764,0.6399999856948853,0.6262528300285339
-531103130280222922,53.11031307254741,-28.022292201742182,0.7400000095367432,0.7581138610839844
-529590223280221194,52.959022360264036,-28.022119449670452,1.399999976158142,1.0037897825241089
-529298589280200777,52.92985896677803,-28.020077761559477,1.690000057220459,1.590833306312561
-531032198280183502,53.10321989651366,-28.018350227945234,0.8899999856948853,0.7948334813117981
-532460879280157143,53.246087921314135,-28.01571439018974,2.609999895095825,3.087320327758789
-532334696280139144,53.233469634775474,-28.0139144808158,1.590000033378601,1.5108022689819336
-531172170280124809,53.11721708224339,-28.012480970447168,3.509999990463257,3.9022555351257324
-531263102280099635,53.126310295179415,-28.009963549251903,0.5799999833106995,0.415108323097229
-529379305280098197,52.937930514568016,-28.009819723365503,1.909999966621399,1.6905970573425293
-531829361280069666,53.18293617262441,-28.00696661331834,2.6500000953674316,3.4031364917755127
-530344305280065479,53.03443053965848,-28.00654793353844,0.800000011920929,0.7731815576553345
-532107889280058432,53.21078891410732,-28.005843239428273,2.7699999809265137,3.0561771392822266
-532578834280023053,53.25788344000284,-28.00230533618795,1.690000057220459,3.138993740081787
-529814574279988475,52.98145745469768,-27.998847556823986,1.940000057220459,2.0545034408569336
-532582985279975430,53.2582985982063,-27.99754302609001,1.9299999475479126,2.054701328277588
-529992351279972315,52.99923510482655,-27.997231538643213,1.2100000381469727,1.172808289527893
-530810859279960894,53.08108591784991,-27.996089448992127,1.9600000381469727,2.4989824295043945
-532537619279953772,53.25376190142042,-27.99537722594882,0.47999998927116394,0.5377290844917297
-530231834279948515,53.023183439804704,-27.99485156812977,1.659999966621399,0.9341608285903931
-531458978279937585,53.145897806002914,-27.993758540000837,4.449999809265137,4.488545894622803
-532262144279862134,53.22621441079053,-27.98621345003099,2.5399999618530273,2.7111871242523193
-529786906279848736,52.978690676917694,-27.98487367954259,1.1699999570846558,1.1548962593078613
-532062045279825998,53.20620450382731,-27.98259989959058,1.5199999809265137,1.5338847637176514
-530724633279823751,53.072463305350084,-27.982375180952367,0.5699999928474426,0.5383484959602356
-530231081279823872,53.02310813186911,-27.982387217495596,3.809999942779541,3.8027851581573486
-531012055279809210,53.10120555850457,-27.980921035783428,1.7599999904632568,1.8575962781906128
-531192779279779935,53.11927794936551,-27.977993590393844,0.5600000023841858,0.6460425853729248
-531127279279729202,53.11272792585509,-27.972920231995456,3.190000057220459,3.34736967086792
-531534809279689467,53.15348090135714,-27.96894676693683,1.0099999904632568,0.7677158713340759
-531275301279658101,53.12753015649016,-27.965810178574387,2.75,3.137718439102173
-530266854279592532,53.026685439861296,-27.959253264504465,3.569999933242798,3.904977321624756
-532618047279574227,53.26180478934985,-27.957422765682193,0.5600000023841858,0.5595016479492188
-531669651279551446,53.16696510730937,-27.95514468884753,3.2300000190734863,3.4655544757843018
-530949996279522618,53.09499968518216,-27.952261864974854,4.230000019073486,4.250917434692383
-531173780279504039,53.11737808642024,-27.950403972945562,4.289999961853027,4.377462387084961
-529968774279473536,52.99687744151124,-27.947353603315875,2.369999885559082,0.701464831829071
-532102325279471258,53.210232572569126,-27.94712589210611,0.9399999976158142,0.9129272103309631
-532593788279467535,53.25937887032923,-27.94675358586726,2.9000000953674316,4.370917797088623
-531261422279448768,53.12614226582837,-27.944876847092466,0.4000000059604645,0.4160548150539398
-531724158279436441,53.17241585403275,-27.94364411404248,1.7300000190734863,0.3453647196292877
-531126580279411428,53.11265800617249,-27.94114280082687,2.049999952316284,2.0054211616516113
-531011502279373444,53.10115028170559,-27.93734447413485,1.0399999618530273,1.2482540607452393
-531058780279361203,53.105878006559685,-27.936120318610314,1.2400000095367432,1.250304937362671
-532415530279318501,53.24155308486549,-27.931850163699043,1.8899999856948853,1.9815375804901123
-531957767279187715,53.19577672122247,-27.918771513224563,3.549999952316284,3.643263816833496
-531583575282509742,53.158357592974696,-28.250974278222387,2.559999942779541,2.8664731979370117
-531382881282447147,53.138288187278995,-28.244714714890904,2.3499999046325684,3.178816080093384
-530306245282377617,53.03062457456235,-28.237761799425847,1.9500000476837158,1.3099230527877808
-531918035282346996,53.191803584878954,-28.234699641765612,3.9100000858306885,4.373995780944824
-531115895282307646,53.11158956021542,-28.230764623148584,1.2100000381469727,1.2532228231430054
-531691786282306404,53.16917868704827,-28.230640437441252,1.3300000429153442,1.3774384260177612
-532488830282119498,53.248883080433906,-28.211949841434816,3.630000114440918,4.3948588371276855
-531828705282017023,53.182870566476694,-28.20170232174105,2.0899999141693115,1.724496841430664
-530747953281965257,53.07479539919707,-28.19652572790625,2.490000009536743,1.822275161743164
-529936414281898713,52.993641458887645,-28.189871386829346,2.2200000286102295,2.0537400245666504
-529998440281873604,52.9998440154704,-28.18736044678484,2.7100000381469727,3.2470242977142334
-532564032281856870,53.25640323285338,-28.18568701415722,2.240000009536743,0.9363245964050293
-530947982281854575,53.09479829555237,-28.185457519082046,0.47999998927116394,0.534078061580658
-531710088281790584,53.17100887796306,-28.179058499580286,1.7899999618530273,1.5595126152038574
-529769020281719402,52.97690206760397,-28.171940271997794,2.4700000286102295,2.7428271770477295
-532495605281711156,53.24956052939878,-28.171115683176197,1.4299999475479126,1.4884271621704102
-531683106281675599,53.16831069190651,-28.16755997014856,2.009999990463257,2.117892026901245
-529301081281661902,52.93010813900205,-28.166190262513553,1.8899999856948853,1.401257872581482
-532027646281577482,53.20276463133651,-28.157748295962428,1.6699999570846558,1.5611039400100708
-530385062281567538,53.03850624382659,-28.15675380624061,1.4600000381469727,1.3052536249160767
-529853544281485571,52.98535444090529,-28.1485571345888,2.0999999046325684,1.8102790117263794
-531196241281445972,53.119624115149406,-28.144597259122673,0.7699999809265137,0.2930457592010498
-531032413281363234,53.10324130582024,-28.136323492723395,4.159999847412109,4.891753673553467
-529557952281343358,52.9557952744807,-28.13433587585235,2.109999895095825,1.4132816791534424
-531518437281328272,53.151843736636955,-28.132827276875357,0.5199999809265137,0.2869580090045929
-532561070281259569,53.25610705502888,-28.125956960306986,3.0299999713897705,4.37483024597168
-532190738281258880,53.219073826961385,-28.125888023322382,3.4800000190734863,3.963670253753662
-529434988281224798,52.94349888929234,-28.12247983601442,1.8799999952316284,2.0074615478515625
-529231667281216111,52.92316671038923,-28.12161118124002,1.6100000143051147,1.401769995689392
-530863733281151566,53.08637339104716,-28.11515660869785,0.7699999809265137,0.751696765422821
-530147878281035095,53.01478789976297,-28.10350958970115,1.3799999952316284,1.1080403327941895
-531491556281009767,53.14915563547824,-28.100976797928496,1.5,1.4139869213104248
-530435194280929605,53.04351943523344,-28.092960593138763,2.7799999713897705,3.6390295028686523
-529830468280891956,52.98304686785438,-28.08919567060326,1.2599999904632568,1.191778540611267
-529445116280883911,52.94451161517962,-28.088391114853817,1.9199999570846558,1.9845364093780518
-532569648280841951,53.256964870988,-28.0841951585011,0.029999999329447746,0.04579261690378189
-531092031280821519,53.10920315130903,-28.082151949653642,1.2999999523162842,1.6187480688095093
-531307816280702496,53.13078166241646,-28.070249679186084,0.9900000095367432,0.9340400695800781
-529185725280697582,52.91857256118293,-28.069758232467915,2.5299999713897705,3.015845775604248
-530222969280696899,53.022296915150946,-28.069689953143726,2.4000000953674316,2.972412109375
-529820230280541772,52.9820230937619,-28.054177293107948,1.0199999809265137,0.6759752631187439
-530520289280514116,53.052028982983416,-28.051411677502273,2.180000066757202,2.3674256801605225
-529566078280481190,52.95660787832739,-28.04811909210929,,
-530171469280451146,53.01714698056763,-28.045114651801864,3.5899999141693115,3.719133138656616
-530589057280416163,53.05890576995396,-28.041616398537585,0.6200000047683716,0.6999362111091614
-531483592280350688,53.148359284828935,-28.035068855154343,2.930000066757202,0.5330088138580322
-531664100280317050,53.16641005034396,-28.031705026413302,2.180000066757202,2.3155338764190674
-530789675280278428,53.07896751582955,-28.027842843265734,2.6700000762939453,0.5300179123878479
-530107461280235450,53.010746102874165,-28.023545008918603,2.0899999141693115,2.844357967376709
-530358189280229153,53.03581897835783,-28.022915395438066,4.050000190734863,4.178153991699219
-530256479280142072,53.025647921614464,-28.014207227608015,3.619999885559082,5.444183826446533
-532011352280103986,53.20113526615633,-28.010398693100154,2.390000104904175,2.956773042678833
-530712499280088435,53.071249906141865,-28.00884354821866,1.909999966621399,1.4863442182540894
-532106691280029319,53.21066915838113,-28.002931967375375,2.9000000953674316,3.272390842437744
-530863287279965525,53.08632875091047,-27.996552573734395,1.350000023841858,1.3773497343063354
-532584243279901358,53.258424390002574,-27.990135836971543,1.5399999618530273,1.3738410472869873
-529410257279896836,52.941025768073224,-27.989683683191334,2.200000047683716,2.0417566299438477
-531012273279844359,53.10122734423112,-27.984435996304246,1.9800000190734863,1.3135584592819214
-531265991279840573,53.126599176866016,-27.984057330187074,1.0700000524520874,0.8362784385681152
-531141279279819727,53.11412799132723,-27.981972724449808,0.41999998688697815,0.3700111508369446
-530359803279800983,53.03598031997762,-27.980098381746902,0.9800000190734863,0.4997422397136688
-531467616279509912,53.14676169430712,-27.950991265373208,1.840000033378601,2.0543253421783447
-532431912279461724,53.243191229389744,-27.946172413237957,2.3499999046325684,1.309923529624939
-530894310279168131,53.0894310363665,-27.91681316797056,1.0800000429153442,0.7387903332710266
-530475386279154919,53.04753869606089,-27.9154919256873,1.7999999523162842,1.224414587020874
-531687419279152281,53.16874190094357,-27.91522812500818,3.5299999713897705,3.845669984817505
-531456146279140520,53.14561466534065,-27.91405200573123,1.7699999809265137,1.7030842304229736
-531206801279053928,53.12068018535476,-27.905392822138875,2.259999990463257,2.5269651412963867
-530509482282416780,53.05094825439698,-28.24167809408501,2.0,0.16251623630523682
-532397889282412588,53.239788937758746,-28.241258856399458,3.4000000953674316,3.956660270690918
-529786866282330580,52.97868669086575,-28.233058003560174,3.049999952316284,3.176746368408203
-529819782282327587,52.98197829257568,-28.232758712589355,0.6000000238418579,0.6450953483581543
-530191106282324103,53.019110604390846,-28.23241039461029,1.6200000047683716,1.5580363273620605
-529890129282296719,52.98901290649824,-28.229671988184755,1.2799999713897705,0.9344796538352966
-531783225282284726,53.178322520494966,-28.228472638983856,2.359999895095825,2.3671393394470215
-532270379282268268,53.227037979149735,-28.226826816736857,1.9500000476837158,1.7015951871871948
-532236516282262599,53.22365161695885,-28.226259940504704,1.3300000429153442,1.304848551750183
-531706500282212522,53.17065000718175,-28.22125226526597,1.6399999856948853,0.1603388637304306
-531001407282204744,53.10014070613465,-28.220474439167262,0.49000000953674316,0.42052775621414185
-531257333282175578,53.125733312979484,-28.21755787138363,2.390000104904175,0.38732975721359253
-530619804282157380,53.0619804749022,-28.215738076173807,0.49000000953674316,0.4736144244670868
-532355175282125297,53.23551752967127,-28.212529792563355,4.869999885559082,4.927072525024414
-530789828282107479,53.0789828601555,-28.210747991684144,1.0099999904632568,0.3141516149044037
-529877141282103594,52.98771417756135,-28.21035943663663,1.850000023841858,1.7360870838165283
-532707366282079767,53.27073664684912,-28.207976795994966,1.9600000381469727,1.7564188241958618
-531814865282067305,53.18148656267438,-28.206730593116482,2.130000114440918,2.163306474685669
-530577350282031221,53.0577350621312,-28.203122102762254,1.6399999856948853,2.017744302749634
-532372102282026646,53.237210241699245,-28.202664656631438,1.850000023841858,1.863224744796753
-532002114281999944,53.20021141975198,-28.199994419608686,4.130000114440918,4.575926303863525
-532573901281976243,53.257390157571265,-28.19762432733377,2.369999885559082,2.7130634784698486
-530791707281964138,53.079170785463255,-28.196413859878934,0.9800000190734863,1.0170023441314697
-530562916281960988,53.056291621061135,-28.19609888537079,1.850000023841858,2.054535388946533
-530162477281950600,53.01624775358977,-28.195060028696062,3.5299999713897705,3.618272066116333
-530664621281933687,53.06646214806256,-28.19336879088967,2.25,2.2727105617523193
-529412176281916576,52.941217676843394,-28.191657662098898,1.3200000524520874,0.9329037666320801
-530694984281915325,53.069498491841216,-28.191532596097296,0.4399999976158142,0.435221403837204
-530880712281898690,53.08807120026601,-28.189869000742377,0.4399999976158142,0.48034217953681946
-530236814281900638,53.02368140947136,-28.190063858334977,0.8399999737739563,0.846062183380127
-531537942281890360,53.15379427199051,-28.189036050251072,3.9600000381469727,4.38340425491333
-531465866281859953,53.146586685282955,-28.18599535140122,1.5299999713897705,0.4600772261619568
-532716989281849472,53.27169891602375,-28.18494727413688,4.579999923706055,4.704496383666992
-531381876281842555,53.13818767659195,-28.184255540923058,0.4300000071525574,0.4260053336620331
-531709799281836601,53.170979978072076,-28.18366016424804,0.47999998927116394,0.5057111382484436
-531283756281823096,53.12837569098405,-28.1823096421266,2.380000114440918,3.138002872467041
-531237293281783156,53.12372933585367,-28.178315695866115,0.6499999761581421,0.6316065192222595
-531601082281740736,53.16010820763631,-28.174073606393858,2.5,2.7574305534362793
-529712989281714125,52.971298999963096,-28.171412565592096,1.090000033378601,1.2545899152755737
-530076127281622662,53.007612753705665,-28.162266297051183,0.800000011920929,0.30465203523635864
-531942447281620189,53.194244735241135,-28.162018957570144,1.649999976158142,0.6595013737678528
-529160903281570002,52.916090372080724,-28.157000220015377,3.4700000286102295,3.744515895843506
-530134350281543730,53.013435097763676,-28.15437306153931,1.5700000524520874,1.123024344444275
-529759438281512463,52.97594385075843,-28.151246383310923,1.2699999809265137,1.2285597324371338
-531377649281471586,53.13776495288953,-28.147158601504827,2.109999895095825,1.4065080881118774
-529236594281465051,52.9236594244158,-28.14650516778556,0.8199999928474426,0.7952730655670166
-532407122281456257,53.24071226390593,-28.145625706669275,0.7799999713897705,1.0422961711883545
-530085379281451623,53.00853793120191,-28.145162345264712,1.940000057220459,1.9546438455581665
-531388353281429959,53.138835390698475,-28.14299599522823,1.5700000524520874,1.3051574230194092
-531855954281419917,53.185595434200266,-28.141991776470217,2.490000009536743,3.5956084728240967
-531683620281407059,53.168362007394386,-28.140705962083214,2.1500000953674316,2.41706919670105
-532036727281389415,53.20367270705887,-28.138941523208207,1.409999966621399,1.3797194957733154
-530088754281386353,53.008875402377306,-28.13863538563739,2.509999990463257,3.2440826892852783
-529543425281345150,52.954342569318314,-28.134515026078486,2.049999952316284,1.3813316822052002
-532125628281279125,53.212562817962606,-28.12791251344462,0.5,0.534912109375
-530192244281262857,53.01922444605208,-28.12628574796692,0.5,0.5319401025772095
-529722618281217483,52.97226185243609,-28.121748358300998,,
-529236403281208013,52.923640330187744,-28.120801389072987,1.3600000143051147,1.4034286737442017
-530235728281207010,53.023572812338685,-28.120701093033052,1.9900000095367432,2.0546514987945557
-530772522281200098,53.07725229028431,-28.120009839333843,0.6499999761581421,0.6785441040992737
-532245808281196086,53.224580811145266,-28.119608642424332,1.100000023841858,1.0437322854995728
-529893482281144465,52.989348247208014,-28.11444653255466,0.44999998807907104,0.2989903688430786
-531659764281123460,53.16597643418848,-28.112346077548125,1.190000057220459,0.07899150252342224
-529369717281121315,52.93697175028861,-28.112131582868503,2.1700000762939453,0.5442699790000916
-532566965281107621,53.25669653891282,-28.110762142144026,2.3299999237060547,2.668917417526245
-531570083281064699,53.15700830217772,-28.106469984952156,2.119999885559082,2.3668875694274902
-531326786281055036,53.132678686158975,-28.10550368097334,2.559999942779541,3.153667449951172
-529706981281055382,52.970698112366314,-28.10553820437036,0.46000000834465027,0.2965462803840637
-532306099281016247,53.230609905435664,-28.101624744592083,2.190000057220459,1.4092588424682617
-531016900281010488,53.101690007950175,-28.1010488760175,1.059999942779541,1.0259746313095093
-531566673281002337,53.15666737668635,-28.10023375174091,2.059999942779541,2.0126211643218994
-529876443280995552,52.9876443081888,-28.09955524105311,3.5,3.662503957748413
-531522294280989949,53.15222949029461,-28.098994929020034,1.2000000476837158,0.9313873052597046
-532674370280983782,53.267437022160955,-28.098378208372914,1.7699999809265137,1.7048008441925049
-532476345280924931,53.24763451864503,-28.092493157875904,4.090000152587891,4.374002933502197
-531140827280926552,53.11408273758706,-28.09265526671039,0.36000001430511475,0.31971070170402527
-529589548280926291,52.95895485917903,-28.09262918296053,1.940000057220459,2.366682291030884
-529497966280924395,52.94979666069757,-28.092439503112526,2.359999895095825,2.536531925201416
-531669265280921526,53.16692652010855,-28.092152650679612,4.329999923706055,4.357004642486572
-529667414280908938,52.9667414726057,-28.090893883322565,1.25,1.3037630319595337
-530308236280897053,53.030823685358165,-28.08970531117715,0.8899999856948853,0.1716686338186264
-529842120280891942,52.98421207174673,-28.089194299415723,1.75,1.692983865737915
-531885938280861650,53.18859380655115,-28.086165037619267,1.3899999856948853,1.2475041151046753
-530166212280855804,53.016621267441955,-28.085580425187977,0.8600000143051147,0.9346129894256592
-530736935280851653,53.073693580800956,-28.08516539014996,2.9200000762939453,3.1637816429138184
-529167357280848619,52.91673572711648,-28.084861961850688,1.100000023841858,1.060312271118164
-531890591280804821,53.189059145357966,-28.080482193275625,1.1699999570846558,1.1642887592315674
-530952198280763744,53.095219882621976,-28.076374487638187,1.6200000047683716,1.3730477094650269
-529604856280755404,52.96048568758654,-28.075540405479504,0.699999988079071,0.793556809425354
-530313417280735558,53.03134171516243,-28.07355587406419,3.4000000953674316,3.41841459274292
-529122133280727033,52.912213331183345,-28.072703399899545,0.8399999737739563,1.1299073696136475
-531761866280720025,53.17618664558288,-28.072002588804885,1.559999942779541,1.370972752571106
-529271665280720274,52.927166504942164,-28.072027423049732,0.949999988079071,0.9419634938240051
-531642820280666208,53.16428203938975,-28.066620819746976,0.9800000190734863,0.9871964454650879
-531790537280660984,53.17905378752517,-28.06609849232244,4.0,4.081678867340088
-529336984280661073,52.933698424812896,-28.066107360406026,0.6000000238418579,0.6968479752540588
-531204674280654037,53.12046747716341,-28.065403711509973,2.0999999046325684,2.0358879566192627
-529561836280612755,52.9561836202499,-28.061275566198354,0.7900000214576721,0.7862316370010376
-532088948280608261,53.20889480578523,-28.06082613068461,0.5099999904632568,0.6143028736114502
-530700986280597862,53.07009867035278,-28.059786282730936,0.6499999761581421,0.655174732208252
-531879272280574863,53.187927218038226,-28.05748637120231,1.350000023841858,1.3202875852584839
-530374213280527478,53.037421359599655,-28.052747889003662,2.140000104904175,2.6860992908477783
-531529174280520013,53.15291743855464,-28.052001360844525,2.5899999141693115,3.039933681488037
-529358544280501453,52.93585443842869,-28.050145399183926,4.429999828338623,4.550352096557617
-530814136279809456,53.08141369237357,-27.980945683176014,2.3299999237060547,2.8270304203033447
-530203747279780857,53.02037473123823,-27.978085748681373,2.5899999141693115,3.0590009689331055
-530591636279774124,53.059163626729735,-27.977412430237493,3.069999933242798,3.7341196537017822
-530458494279760596,53.04584949176167,-27.976059603399328,5.420000076293945,5.548314571380615
-531919507279698171,53.191950743689816,-27.969817173172483,0.6899999976158142,0.607789158821106
-531938204279693610,53.193820473039324,-27.969361024441955,1.0800000429153442,1.1002840995788574
-531130052279644618,53.11300524503795,-27.964461860480885,3.25,0.793885350227356
-531247055279610356,53.12470554606144,-27.961035631003984,1.2999999523162842,0.75430828332901
-532417595279585580,53.24175950086854,-27.958558074186428,0.6299999952316284,0.7103294730186462
-530958211279575444,53.09582119041249,-27.957544470359615,0.27000001072883606,0.1982850432395935
-532489081279564219,53.248908184821744,-27.95642199283497,1.5399999618530273,0.9815540909767151
-531312228279562511,53.13122282001855,-27.956251116770204,1.7799999713897705,1.6954872608184814
-529869161279544502,52.98691613125939,-27.95445022730285,1.0299999713897705,0.8627628684043884
-532269991279491802,53.226999108160754,-27.94918024630696,1.2699999809265137,0.859173059463501
-529949531279487530,52.9949531669031,-27.948753033954482,0.8600000143051147,0.8656129240989685
-530342736279472108,53.0342736958764,-27.947210899055708,1.1799999475479126,1.1509625911712646
-530025397279456781,53.00253979671302,-27.94567814941872,1.4299999475479126,1.4174782037734985
-531274882279422182,53.1274882983751,-27.942218243574057,0.8100000023841858,0.15849171578884125
-530603874279412648,53.060387425143865,-27.941264877420444,0.6700000166893005,0.6475830078125
-530602364279409483,53.060236419721825,-27.94094831128007,0.3100000023841858,0.30970290303230286
-532384160279403320,53.2384160094492,-27.940332061772192,0.949999988079071,0.8591245412826538
-531182292279385498,53.11822929463473,-27.938549850198235,0.3199999928474426,0.3082822263240814
-531732147279354323,53.17321471783865,-27.935432392836084,1.440000057220459,1.5590537786483765
-530879226279335320,53.087922673973466,-27.933532043817763,0.44999998807907104,0.36696484684944153
-531107424279297542,53.11074244949239,-27.929754231244534,0.75,0.7982117533683777
-532167753279271510,53.21677534991381,-27.927151097447652,2.0799999237060547,0.2836681008338928
-530614662279273096,53.06146627791069,-27.927309670733877,1.0700000524520874,1.0863364934921265
-531385848279223582,53.13858480508365,-27.922358282300294,0.6000000238418579,0.3170074224472046
