object_id,right_ascension,declination,phz_median,phz_mode_1
-609879046485980986,60.987904674851215,-48.59809865080978,2.4700000286102295,3.434803009033203
-610655061485904383,61.06550612290159,-48.59043831086146,0.5899999737739563,0.6113781929016113
-609235141485897002,60.92351410258388,-48.58970027644802,0.4399999976158142,0.38190510869026184
-609860629485889944,60.98606297458025,-48.58899449083702,3.4600000381469727,3.5975725650787354
-610189028485862386,61.01890283958871,-48.58623860189653,0.7799999713897705,0.7898389101028442
-610356762485737007,61.0356762295187,-48.5737007616145,3.4000000953674316,3.94946551322937
-609847790485727022,60.9847790060767,-48.57270221295328,2.2699999809265137,2.440157413482666
-611274118485725586,61.127411816303116,-48.572558619114446,1.590000033378601,0.9609021544456482
-610880005485724259,61.088000577767055,-48.57242593794958,2.549999952316284,2.4335134029388428
-611035897485709800,61.103589705602225,-48.57098000764761,0.8399999737739563,0.803290605545044
-609606164485703095,60.96061644321965,-48.57030952498451,1.0499999523162842,0.27502912282943726
-609389220485700628,60.938922036181516,-48.570062856716504,0.9900000095367432,0.7694815397262573
-610045386485698327,61.004538679339454,-48.56983271513606,1.7699999809265137,1.732116937637329
-610181466485672626,61.01814668918139,-48.56726261105055,1.350000023841858,1.338557481765747
-610565328485544148,61.056532877137975,-48.55441482806344,1.0499999523162842,1.0406968593597412
-611291666485517159,61.12916663432598,-48.551715993878766,1.0700000524520874,1.0644450187683105
-610003763485494858,61.000376303717005,-48.54948585911992,3.3399999141693115,3.4255192279815674
-610693728485489508,61.06937286747762,-48.548950821359384,1.8700000047683716,1.8048453330993652
-610267957485471419,61.02679577083426,-48.54714196926307,1.399999976158142,1.5003211498260498
-609056587485441027,60.905658712020895,-48.54410273446462,0.75,0.7476900219917297
-609991909485429365,60.9991909767499,-48.5429365865937,3.9200000762939453,3.9759395122528076
-610709590485412935,61.07095900486115,-48.541293560009684,0.46000000834465027,0.43631938099861145
-609269289485388930,60.92692893074784,-48.53889300968649,1.9900000095367432,0.5406281352043152
-609411533485301399,60.94115338980699,-48.530139935269894,4.369999885559082,4.374321460723877
-609810836485303166,60.98108364794296,-48.530316685821084,0.3400000035762787,0.3387554883956909
-611957844485243221,61.195784459689534,-48.52432211492798,1.1699999570846558,1.1391615867614746
-611731387485191540,61.17313875714385,-48.51915408874299,0.7799999713897705,0.7671254873275757
-611757947485164761,61.175794777066166,-48.51647619322643,2.0799999237060547,1.853211522102356
-610129462485138061,61.012946296748055,-48.51380610578234,0.7699999809265137,0.4825308322906494
-609737846485129153,60.973784613020506,-48.51291532632754,1.6200000047683716,0.21029448509216309
-610331477485087119,61.03314770634588,-48.508711917972924,2.890000104904175,3.357760190963745
-610727910485088577,61.07279103884937,-48.50885779342485,2.6700000762939453,2.983046054840088
-610926075485078011,61.09260759502899,-48.507801165949495,0.44999998807907104,0.16068316996097565
-610649743485063318,61.064974385152986,-48.50633188417006,3.75,3.842327833175659
-610252968485037853,61.02529680882493,-48.5037853132455,0.5699999928474426,0.6175147294998169
-610523521485036010,61.05235215231826,-48.50360101478656,0.1599999964237213,0.16014184057712555
-612020936485027346,61.20209368212044,-48.50273461426183,4.260000228881836,4.373011112213135
-612237984485017583,61.223798470053275,-48.50175839244617,0.3400000035762787,0.16319000720977783
-612037152485006604,61.20371524118935,-48.50066048216497,0.7599999904632568,0.5053338408470154
-611842235485004701,61.18422352354684,-48.50047017065224,2.450000047683716,2.5643603801727295
-612306413485004428,61.23064137072515,-48.500442895029394,2.4000000953674316,2.4486031532287598
-612142485484994435,61.214248550210655,-48.499443589124766,1.5199999809265137,1.6941572427749634
-610457883484974870,61.045788357449034,-48.4974870673444,0.5,0.6018974781036377
-611511176484970970,61.151117637441665,-48.49709707434909,0.7200000286102295,0.7403461933135986
-610449286484959586,61.044928660533685,-48.495958667831715,0.6399999856948853,0.6735348105430603
-609915562484936959,60.991556276838985,-48.49369595120117,3.2699999809265137,4.132729530334473
-609802806484930351,60.980280654279014,-48.49303514667774,1.090000033378601,0.32074135541915894
-610880670484929221,61.08806705645356,-48.492922138478825,3.880000114440918,3.908416509628296
-609398072484891053,60.93980725069006,-48.489105336791134,1.590000033378601,1.5376160144805908
-610536090484888939,61.0536090147581,-48.48889394586661,1.8300000429153442,1.403907299041748
-609582913484885500,60.95829138905016,-48.48855001863403,1.7599999904632568,1.6949936151504517
-610274669484876328,61.02746694900308,-48.487632810240214,2.440000057220459,3.782850742340088
-610896345484805816,61.089634527687565,-48.480581675083364,2.8299999237060547,3.4841384887695312
-610719482484797142,61.0719482454166,-48.479714214484474,1.6399999856948853,1.6990718841552734
-610395060484785158,61.03950605582605,-48.47851588728984,2.0,2.2352418899536133
-610233717484776538,61.023371702850696,-48.47765383123329,4.03000020980835,4.415133953094482
-610439612484762251,61.043961204853545,-48.47622518940024,2.569999933242798,3.6831772327423096
-612526216484761578,61.252621697535524,-48.47615783437783,2.2799999713897705,2.283170223236084
-610537986484752687,61.053798637846306,-48.47526877486021,1.5,1.3986902236938477
-612338182484747618,61.23381827046839,-48.47476185460436,2.630000114440918,3.88896107673645
-611891623484730018,61.18916237526669,-48.473001850555974,2.440000057220459,3.7905540466308594
-609712917484710449,60.9712917265175,-48.471044907642174,0.8100000023841858,0.3149470090866089
-611730318484701170,61.17303189253989,-48.47011702090227,0.49000000953674316,0.5919285416603088
-610151349484687983,61.01513494366091,-48.468798343125265,1.149999976158142,1.0428248643875122
-612736666484685290,61.27366661770255,-48.46852904948454,2.359999895095825,2.748443126678467
-611411244484633864,61.14112441677308,-48.46338643581055,0.6700000166893005,0.16051600873470306
-610483429484613085,61.048342936683696,-48.4613085300904,0.8399999737739563,1.042299747467041
-609670139484618366,60.967013942102405,-48.46183665680476,0.8299999833106995,0.16201339662075043
-612865466484609668,61.28654663403744,-48.460966817882664,3.8399999141693115,3.9674644470214844
-610030911484595338,61.0030911454981,-48.45953384666918,0.5199999809265137,0.40677696466445923
-612047142484542388,61.20471425209916,-48.45423883314412,2.5399999618530273,2.9327118396759033
-609097796484512082,60.90977961763488,-48.45120827976586,0.9900000095367432,0.3228954076766968
-609861827484494607,60.98618273313591,-48.4494607812134,2.359999895095825,2.2649505138397217
-609094017484490155,60.9094017289175,-48.449015525700666,0.5600000023841858,0.6146291494369507
-610157422484490773,61.01574225713617,-48.44907731943452,0.4300000071525574,0.42378130555152893
-610075388484456097,61.00753889958752,-48.44560974959574,0.6499999761581421,0.7019115090370178
-612208366484438354,61.22083660003883,-48.44383547790422,1.3700000047683716,1.615490436553955
-610085229484428234,61.008522915604026,-48.44282345015027,0.8600000143051147,0.4757726788520813
-610236827484390858,61.023682752302875,-48.439085852510296,2.299999952316284,2.3140487670898438
-609519412484382654,60.95194126025647,-48.438265421024724,2.2200000286102295,2.275644302368164
-611807950484357639,61.18079500034005,-48.43576390476151,3.5999999046325684,3.6238160133361816
-610967159484339061,61.09671598810621,-48.433906152048436,2.390000104904175,0.38348984718322754
-611234412484321812,61.12344123858268,-48.43218125577221,2.0899999141693115,2.0548794269561768
-609875585484303025,60.98755850222181,-48.430302561120165,1.4199999570846558,1.409287691116333
-612746143484272829,61.27461435354714,-48.427282975076054,0.2199999988079071,0.2125292271375656
-609805748484266449,60.98057483214117,-48.42664496216607,0.8299999833106995,0.8630352020263672
-610481065484254753,61.04810657338075,-48.425475360279286,3.4200000762939453,4.007730484008789
-612468610484216594,61.24686104572197,-48.421659471567274,3.7300000190734863,3.79681658744812
-611426147484176758,61.14261476526439,-48.417675817794894,1.6799999475479126,1.5639253854751587
-611050793484171124,61.105079326704626,-48.417112436908255,0.8199999928474426,0.4264013171195984
-609538032484151275,60.95380329495585,-48.41512753862216,2.4600000381469727,3.3784046173095703
-611328897484151638,61.132889716674235,-48.41516383698765,0.10999999940395355,0.07767470180988312
-611160202484141815,61.11602022417165,-48.414181548729054,1.4299999475479126,1.3698971271514893
-609686973484120885,60.968697370054585,-48.41208858955668,4.489999771118164,4.494871616363525
-609692687484122968,60.96926870051577,-48.41229686808773,4.400000095367432,4.374420166015625
-612649731484118579,61.26497311297439,-48.41185790540605,0.8500000238418579,0.8551424741744995
-613007440484088472,61.30074403512672,-48.40884720113521,0.33000001311302185,0.3238731324672699
-610595805484085030,61.05958059853529,-48.40850300511107,3.990000009536743,4.128606796264648
-610644285484083929,61.064428507135574,-48.40839295710408,0.4300000071525574,0.44848448038101196
-609106573484068583,60.91065735692206,-48.40685837189144,2.180000066757202,2.367377281188965
-612668625484050995,61.26686259451527,-48.405099561906674,0.7599999904632568,0.8564319014549255
-610981090484034284,61.098109087300564,-48.40342845926168,0.6700000166893005,0.6648752093315125
-612449640484022574,61.24496400184721,-48.40225747588766,2.559999942779541,2.2946128845214844
-609764909483979020,60.976490987301965,-48.397902015747185,0.8399999737739563,0.8537992238998413
-610719345483960935,61.0719345564185,-48.39609354040482,0.6399999856948853,0.6809679865837097
-609711095483928215,60.97110957791835,-48.3928215849185,1.2999999523162842,1.2577775716781616
-611458901483860012,61.145890141460804,-48.386001298137046,3.569999933242798,3.6439309120178223
-609889475483846931,60.98894750533024,-48.38469310837423,0.4399999976158142,0.4040580093860626
-609630669483835178,60.963066980982724,-48.38351782873641,3.4200000762939453,3.966850757598877
-610996189483826812,61.09961891164338,-48.38268123796782,0.46000000834465027,0.554828405380249
-611237846483825848,61.12378461121349,-48.38258480994594,2.9100000858306885,3.600141763687134
-610746086483822541,61.0746086027728,-48.38225410543118,2.3499999046325684,0.3694261312484741
-609217327483795451,60.92173271023931,-48.37954516289209,1.4199999570846558,1.1191633939743042
-611625433483790538,61.16254331280975,-48.37905386403395,1.4800000190734863,1.2931935787200928
-609454270483782283,60.94542700842932,-48.37822831088581,2.7200000286102295,3.330946207046509
-612499248483781685,61.24992486141478,-48.378168587021484,0.44999998807907104,0.31053969264030457
-609992065485989180,60.99920656362738,-48.59891803409844,1.649999976158142,1.6366710662841797
-610188681485983013,61.01886819677877,-48.598301337898896,2.3499999046325684,3.134005308151245
-610726574485928166,61.07265745531814,-48.59281664634792,1.7699999809265137,1.52632737159729
-610203193485859333,61.020319311655605,-48.58593335232196,3.9200000762939453,4.011908531188965
-610916846485817215,61.09168465289811,-48.581721505038715,3.2899999618530273,3.9752731323242188
-611017827485807294,61.1017827598962,-48.580729483511405,0.6600000262260437,0.8707828521728516
-609299290485800729,60.92992904333979,-48.58007290805968,1.2599999904632568,1.2365005016326904
-610732114485799072,61.07321148678091,-48.579907285309694,0.2199999988079071,0.21219280362129211
-609564510485792049,60.95645102609297,-48.57920495888662,0.9300000071525574,0.9077543616294861
-611477405485739260,61.147740557590375,-48.57392605493975,3.25,3.283169746398926
-610288807485724427,61.02888078677553,-48.57244278420372,0.4099999964237213,0.35201266407966614
-610048935485706507,61.004893561575095,-48.570650740715266,3.440000057220459,3.665058135986328
-609666484485674054,60.96664842148189,-48.56740544540827,2.4800000190734863,2.6692452430725098
-610043360485673835,61.00433609350712,-48.567383590145866,1.2599999904632568,1.243431806564331
-610324233485659401,61.032423332207074,-48.5659401495317,0.949999988079071,0.9527777433395386
-611091478485629548,61.10914787313125,-48.56295480708056,1.7300000190734863,1.6987478733062744
-609587078485624695,60.95870789545102,-48.5624695556277,2.0199999809265137,2.3605403900146484
-610758488485604418,61.075848825588565,-48.56044181346258,2.640000104904175,2.704002618789673
-609664992485580058,60.96649923938209,-48.55800586980707,2.009999990463257,1.970230221748352
-609525568485531734,60.952556870540484,-48.553173474318584,0.33000001311302185,0.3382796049118042
-608987654485528707,60.8987654720571,-48.552870717303236,0.8299999833106995,0.8327348828315735
-611174496485522786,61.11744967293179,-48.55227863776252,0.7900000214576721,0.7903630137443542
-610883370485411710,61.08833704095628,-48.541171040112346,1.5199999809265137,1.37287175655365
-610238957485406514,61.023895715092635,-48.54065142948972,1.2200000286102295,0.24213851988315582
-609740606485359443,60.97406064971159,-48.535944386111986,1.2599999904632568,1.2978723049163818
-610914116485304881,61.091411651014354,-48.5304881321835,0.49000000953674316,0.48044857382774353
-610070752485271532,61.00707520847344,-48.52715323383635,2.880000114440918,3.627112865447998
-610466021485253163,61.04660214412508,-48.52531633800757,0.7900000214576721,0.8537413477897644
-610483594485243542,61.04835947222603,-48.5243542188355,1.090000033378601,0.7043834328651428
-609162605485172221,60.916260569042265,-48.5172221895413,3.0199999809265137,3.9579153060913086
-609464270485160069,60.94642702288788,-48.51600692721419,4.28000020980835,4.709749221801758
-611781924485132512,61.17819249795213,-48.51325122106615,3.3499999046325684,4.030492782592773
-609240298485113197,60.92402985301123,-48.51131976571825,1.5,1.5602043867111206
-610137357485102931,61.01373571701776,-48.51029316175206,0.5,0.5611270070075989
-610984687485102578,61.098468790283626,-48.510257809189945,4.130000114440918,4.258116245269775
-611198767485064024,61.1198767283254,-48.506402451230485,0.38999998569488525,0.4067673683166504
-609568337485040929,60.95683374318141,-48.50409299289013,4.079999923706055,4.17643404006958
-611602137485030067,61.160213778382136,-48.50300673872071,1.2400000095367432,0.28445684909820557
-611658853484993932,61.1658853049799,-48.4993932129943,1.7899999618530273,0.36852437257766724
-610196138484972818,61.019613860325066,-48.49728184133893,2.75,3.0567076206207275
-611562195484949626,61.156219546646895,-48.49496265917302,0.9100000262260437,1.0222135782241821
-611040761484931621,61.104076180493465,-48.49316219735662,0.8199999928474426,0.47803813219070435
-609676838484928793,60.9676838864534,-48.49287932573342,0.5099999904632568,0.49039918184280396
-609915081484880735,60.991508197597746,-48.48807356094027,3.0399999618530273,3.5065760612487793
-609489706484866026,60.94897064375333,-48.48660262206269,1.2200000286102295,1.2901713848114014
-612453444484870209,61.24534448988461,-48.48702098165334,2.799999952316284,2.924736499786377
-612249119484849338,61.224911911849,-48.48493380707188,4.099999904632568,4.3744025230407715
-611215156484845861,61.121515685624594,-48.48458612661511,0.47999998927116394,0.5335184931755066
-610642275484832389,61.06422757914122,-48.483238991716675,0.699999988079071,0.7310677170753479
-609203938484811652,60.92039380505433,-48.48116526077353,0.6499999761581421,0.6835309267044067
-612707376484808259,61.27073760751273,-48.4808259549759,1.7400000095367432,1.5584107637405396
-609360711484793773,60.936071115133714,-48.47937739120501,0.5299999713897705,0.3238932192325592
-610982020484795726,61.09820202782375,-48.47957266795879,1.3899999856948853,1.3044090270996094
-609308149484768105,60.93081495137187,-48.47681059097881,1.1399999856948853,1.1912142038345337
-609695038484757047,60.96950389557619,-48.47570477764286,1.3899999856948853,1.4008469581604004
-610470150484738075,61.04701509870129,-48.473807519955066,1.1100000143051147,1.1129815578460693
-612241212484730916,61.224121282659716,-48.4730916996293,1.7000000476837158,1.3349378108978271
-610978851484711121,61.09788513299916,-48.47111218864059,2.509999990463257,3.007173776626587
-609377391484700247,60.937739158944396,-48.47002475573743,2.0799999237060547,1.694383978843689
-610857713484686877,61.08577136779089,-48.46868776055565,2.2300000190734863,3.751124858856201
-610565692484669868,61.056569257170224,-48.46698680396833,1.7300000190734863,1.7019914388656616
-612208453484647298,61.22084536585943,-48.46472988748502,0.7300000190734863,0.7306858897209167
-609659700484636834,60.96597005346854,-48.46368347359108,2.450000047683716,2.451076030731201
-610573094484637433,61.057309431258076,-48.46374332763194,1.3600000143051147,1.0705186128616333
-611058395484612036,61.1058395984859,-48.46120364496963,1.899999976158142,1.9279980659484863
-610250424484577998,61.02504248899243,-48.457799828457965,0.47999998927116394,0.5960158705711365
-612333818484575401,61.23338180163346,-48.45754012096136,3.950000047683716,3.947645664215088
-611260205484572129,61.12602055075526,-48.45721290310787,1.1100000143051147,0.3448750674724579
-609999794484566125,60.99997949179138,-48.4566125543318,4.070000171661377,4.117519378662109
-609478120484563719,60.947812052037456,-48.45637196829065,1.8700000047683716,1.4032995700836182
-611122997484534517,61.11229979912982,-48.45345170047578,0.5899999737739563,0.5994167327880859
-611447647484524027,61.144764743199964,-48.45240273107945,1.2100000381469727,1.2926360368728638
-611368164484511861,61.13681641805432,-48.45118612370494,1.9800000190734863,2.2363100051879883
-611408594484500305,61.140859449766104,-48.45003057608333,1.2400000095367432,0.9894875884056091
-611794825484494504,61.17948258093376,-48.44945047118503,2.9700000286102295,3.6636219024658203
-609207049484469894,60.92070495930097,-48.44698940793131,1.059999942779541,0.9155627489089966
-611509333484463756,61.15093333737501,-48.4463756417492,1.899999976158142,0.7539172768592834
-609910105484447993,60.99101055488534,-48.44479938929068,0.8899999856948853,0.539239764213562
-612346121484446616,61.23461214718834,-48.444661632884674,1.7000000476837158,0.9328882694244385
-610114204484438908,61.01142049549534,-48.44389082935449,0.27000001072883606,0.27206310629844666
-610273672484432639,61.02736720160919,-48.443263919407194,0.3100000023841858,0.3178752064704895
-610962804484433074,61.096280428855195,-48.44330743299551,1.8600000143051147,1.8168506622314453
-609320828484369863,60.932082843185384,-48.436986368194,3.200000047683716,3.5750935077667236
-610443051484360722,61.044305150754816,-48.436072221505924,1.3600000143051147,1.307311773300171
-610577455484360534,61.05774557588048,-48.43605345061346,3.2699999809265137,4.12565279006958
-611985592484352616,61.19855928246688,-48.435261684134694,0.28999999165534973,0.17224282026290894
-612552042484311047,61.255204263684035,-48.431104774141915,3.3299999237060547,3.41851806640625
-609467180484291476,60.94671809852572,-48.42914767285967,1.2899999618530273,1.3023333549499512
-611717115484294678,61.17171154689391,-48.42946788634041,0.6600000262260437,0.5538979172706604
-612382218484286828,61.23822184375797,-48.42868287541313,2.0,2.3336620330810547
-609333421484252213,60.93334212829875,-48.425221362730355,1.8300000429153442,1.4023090600967407
-611007070484221914,61.10070702547321,-48.42219142805915,1.899999976158142,1.7767127752304077
-612289611484216268,61.22896119670701,-48.42162682807112,0.3199999928474426,0.309677392244339
-609510548484196802,60.95105482354978,-48.41968028691737,1.2100000381469727,0.34777650237083435
-611586921484189527,61.158692158469925,-48.41895273828751,4.380000114440918,4.503428936004639
-609035234484181693,60.903523468891436,-48.418169391422666,2.759999990463257,3.231884002685547
-611538742484127553,61.1538742062899,-48.41275537333409,0.9800000190734863,0.3173927366733551
-611535621484120355,61.1535621910398,-48.4120355127446,2.1500000953674316,2.0365023612976074
-610836481484118586,61.08364813008711,-48.411858606702744,2.009999990463257,3.171971082687378
-610732183484086129,61.07321833446033,-48.40861295417646,0.9399999976158142,1.0421879291534424
-609574440484075566,60.957444072407775,-48.40755664882725,0.5699999928474426,0.48135679960250854
-609758577484072839,60.975857776826935,-48.40728393610246,0.49000000953674316,0.4827643036842346
-609271739484050328,60.92717399196122,-48.40503280702586,0.7799999713897705,0.8713710904121399
-610340445484037256,61.03404455711306,-48.403725679468224,3.369999885559082,3.678525924682617
-611056808484025272,61.10568084033518,-48.40252728912777,1.2799999713897705,1.1509385108947754
-612422294483999118,61.24222947483511,-48.399911856603964,2.0299999713897705,2.208660840988159
-610560219483994815,61.05602196725232,-48.39948156877611,0.6299999952316284,0.5349879264831543
-612355711483991402,61.23557115854224,-48.39914029832025,0.30000001192092896,0.20157545804977417
-609140925483981636,60.91409252966056,-48.39816362053379,1.9299999475479126,1.7148538827896118
-610157128483976932,61.01571280436893,-48.39769322275936,1.2100000381469727,1.2940740585327148
-609691714483962028,60.96917147922198,-48.39620284164935,1.9199999570846558,2.077552080154419
-610962720483944136,61.09627209783388,-48.39441364295976,2.6500000953674316,3.2229933738708496
-612820016483941397,61.28200160623639,-48.39413971080621,0.7200000286102295,0.7050447463989258
-610423730483923187,61.04237309079415,-48.39231870612504,0.3700000047683716,0.27126434445381165
-612721482483912501,61.272148213019385,-48.39125011671446,0.6000000238418579,0.596799373626709
-612261423483909095,61.22614235228827,-48.39090959908469,0.9599999785423279,1.0203049182891846
-609403711485939357,60.940371181530466,-48.59393570216433,1.7599999904632568,1.344631552696228
-609971761485840233,60.99717614094045,-48.58402335110932,1.6399999856948853,1.6976172924041748
-609940006485793721,60.99400063999059,-48.57937215124,0.25999999046325684,0.22812750935554504
-610999990485786930,61.09999902911296,-48.578693016177105,1.149999976158142,1.1766470670700073
-610023196485779310,61.00231962002689,-48.577931010455295,1.7000000476837158,0.31733188033103943
-609900311485759259,60.990031109687266,-48.57592594388076,2.3499999046325684,2.940666675567627
-610272061485758598,61.02720617958781,-48.57585988075968,1.649999976158142,1.4073066711425781
-609259826485716713,60.92598267830949,-48.57167130812492,1.1200000047683716,0.15987111628055573
-609531721485711110,60.95317218779291,-48.57111109625865,2.1600000858306885,2.2137656211853027
-609136642485694964,60.91366421253141,-48.56949643784137,4.590000152587891,4.897238254547119
-609649020485665189,60.96490209678463,-48.566518950965126,3.8399999141693115,4.310754776000977
-609242087485663414,60.92420876611309,-48.56634147161143,0.38999998569488525,0.3885759711265564
-610278600485665515,61.02786000275528,-48.56655159268869,1.9900000095367432,0.8619970083236694
-609739993485657546,60.97399930175037,-48.56575460575093,0.3499999940395355,0.3386741578578949
-610965462485649451,61.09654622471532,-48.56494517982636,4.210000038146973,4.385894298553467
-610760173485606897,61.076017392542525,-48.56068971329509,1.9600000381469727,1.8900467157363892
-610761950485591960,61.07619509452784,-48.55919609571982,0.5099999904632568,0.5064018964767456
-611248606485521435,61.124860698530796,-48.552143524057065,1.649999976158142,1.5091224908828735
-611787373485475777,61.17873738621903,-48.54757772412106,2.490000009536743,2.9423794746398926
-609082305485464492,60.90823055742989,-48.54644928729451,1.590000033378601,0.3227584660053253
-610004050485436006,61.000405091977896,-48.543600650739016,3.990000009536743,4.207448959350586
-609520322485403875,60.95203227893602,-48.54038758833259,0.6700000166893005,0.43529212474823
-609096703485402124,60.909670354595605,-48.54021244133103,4.139999866485596,4.213588237762451
-611552725485378973,61.15527251940567,-48.53789733953321,2.069999933242798,2.701756715774536
-609523802485341977,60.95238028852164,-48.53419775058309,0.4099999964237213,0.41049641370773315
-610123108485328947,61.012310838099864,-48.5328947963127,1.2899999618530273,1.312125325202942
-609706405485312249,60.9706405707586,-48.53122498010273,1.4299999475479126,1.4041119813919067
-609663042485296931,60.96630421978201,-48.52969315457169,,
-612038221485294512,61.20382212974591,-48.52945127217899,0.9200000166893005,0.9227363467216492
-610757918485279451,61.07579186614431,-48.52794511543622,0.41999998688697815,0.4203508496284485
-609473902485271172,60.94739022469097,-48.52711727951453,0.7699999809265137,0.7946401238441467
-609056327485262306,60.90563274804186,-48.52623061566455,2.700000047683716,0.4264698028564453
-609133326485243579,60.91333269423351,-48.52435795118227,2.059999942779541,2.6242828369140625
-611487691485248702,61.14876914869779,-48.52487023828997,0.6499999761581421,0.7076835036277771
-610368774485237462,61.036877479687156,-48.52374627265181,1.659999966621399,1.5611639022827148
-609851284485236377,60.985128440384415,-48.52363771110361,0.8700000047683716,0.8357242345809937
-611708296485217315,61.17082961178822,-48.52173150913923,3.369999885559082,0.484390527009964
-610827358485195973,61.082735840200705,-48.51959737811651,0.5199999809265137,0.3003086745738983
-611749573485196609,61.17495736481743,-48.51966096506325,2.190000057220459,2.2803730964660645
-610075383485154974,61.007538385828866,-48.515497491641106,1.6399999856948853,0.2982964515686035
-611377966485122459,61.137796659020516,-48.51224592974196,0.3499999940395355,0.42766013741493225
-610317136485109697,61.03171361338453,-48.51096978727566,0.9300000071525574,0.9368056654930115
-610150041485091445,61.01500410523896,-48.50914451112108,1.1399999856948853,1.124695897102356
-610907242485089822,61.09072427358039,-48.50898220780379,4.170000076293945,4.640908718109131
-611989524485080693,61.19895244395565,-48.50806936836052,3.069999933242798,3.189384937286377
-612146989485071326,61.21469898662871,-48.50713263388547,2.369999885559082,2.4187171459198
-610925499485076045,61.09254997026189,-48.507604597310895,0.36000001430511475,0.35909050703048706
-612465777485033104,61.246577739182655,-48.50331049804384,2.1500000953674316,0.6892957091331482
-609910121485026397,60.991012179897474,-48.50263979453505,1.190000057220459,1.191118597984314
-609582118485012357,60.95821184713585,-48.501235763634654,0.38999998569488525,0.35392144322395325
-610751748485004007,61.07517482645939,-48.500400735735354,1.6299999952316284,1.5600404739379883
-611283030484989895,61.12830301191117,-48.49898957615902,1.0399999618530273,1.0407544374465942
-611277097484953750,61.12770977911208,-48.495375041066154,0.5699999928474426,0.7300620675086975
-610751395484945671,61.075139532475866,-48.494567152532795,1.6699999570846558,1.6343700885772705
-611413217484929477,61.14132176196815,-48.49294779562659,1.1799999475479126,1.1624455451965332
-609944367484915713,60.99443671650476,-48.49157132716405,1.7400000095367432,1.5632959604263306
-609047808484898975,60.9047808116924,-48.489897501822156,2.0999999046325684,3.17916202545166
-612652987484862111,61.265298724437216,-48.486211136059865,2.630000114440918,3.118618965148926
-610826842484857275,61.08268429924501,-48.48572758303742,1.25,0.2981121242046356
-610178584484842973,61.017858430704926,-48.484297308264104,2.200000047683716,2.3109638690948486
-611890618484835686,61.189061803862735,-48.483568688624096,0.800000011920929,0.5051925778388977
-611410500484828518,61.14105002890374,-48.48285187232386,1.2699999809265137,1.242871880531311
-612356713484822995,61.23567139391728,-48.48229950588447,1.1399999856948853,1.173841953277588
-609358821484796365,60.935882173278856,-48.47963655870731,0.5199999809265137,0.34668460488319397
-610753888484787299,61.07538883302067,-48.47872990772667,1.9800000190734863,2.1466028690338135
-611272320484785597,61.127232028555504,-48.478559703194655,0.5799999833106995,0.5791597366333008
-612122362484767093,61.21223620697891,-48.4767093953136,0.5199999809265137,0.5329617261886597
-610543630484732132,61.05436301673505,-48.47321323879994,2.950000047683716,3.2245755195617676
-609528943484708879,60.952894305167675,-48.47088798633441,1.2699999809265137,1.2520231008529663
-609816836484701143,60.98168363892414,-48.4701143699898,2.5,0.9500046968460083
-609699079484693442,60.96990794314053,-48.46934420158903,2.009999990463257,0.4116041660308838
-610531050484678840,61.05310502672991,-48.46788407531545,0.4699999988079071,0.4513021409511566
-610395181484678240,61.03951813543421,-48.4678240083593,1.0199999809265137,1.3024173974990845
-612731395484651848,61.27313952440222,-48.465184828171665,2.0799999237060547,2.150463819503784
-610324739484623716,61.03247390714582,-48.46237163374213,2.299999952316284,0.8614175915718079
-609255432484583756,60.925543280712894,-48.458375648407085,1.1299999952316284,1.0643690824508667
-609923712484580162,60.99237126326058,-48.458016273234286,2.0299999713897705,1.714300513267517
-612407902484578029,61.24079020546563,-48.45780294893419,4.400000095367432,4.4025444984436035
-612290399484567839,61.22903993623087,-48.456783990990196,3.0199999809265137,3.225571393966675
-609143278484555914,60.91432787127511,-48.45559143125478,0.44999998807907104,0.48178407549858093
-612788395484550260,61.278839560708136,-48.455026087104116,2.7100000381469727,3.96631121635437
-611268830484545570,61.126883047810765,-48.45455706110601,0.5099999904632568,0.3475254774093628
-609323050484532293,60.93230502594784,-48.45322932814058,0.8299999833106995,0.8503847122192383
-612267676484501303,61.22676762295331,-48.450130358574185,1.5099999904632568,1.4911788702011108
-611124443484495367,61.11244431568934,-48.449536763801696,1.409999966621399,1.4020076990127563
-609468800484483339,60.94688006770765,-48.4483339476446,4.21999979019165,4.373688220977783
-611686979484405816,61.16869795818943,-48.44058160189479,4.239999771118164,4.3731255531311035
-609979904484395451,60.99799045251473,-48.43954514917094,0.8100000023841858,0.8032468557357788
-610086220484385645,61.00862200941774,-48.43856451865077,1.440000057220459,0.9489485621452332
-612889747484383905,61.28897478295938,-48.43839056748464,0.3499999940395355,0.288053423166275
-610761463484358763,61.076146302905045,-48.43587630615751,0.3199999928474426,0.2941238582134247
-611236425484311581,61.12364259118137,-48.4311581270308,2.2899999618530273,4.016846656799316
-609480462484300219,60.94804623560159,-48.43002196751413,1.2300000190734863,1.0981773138046265
-611873675484300574,61.187367556164666,-48.43005741133214,2.75,3.0481643676757812
-612508083484300112,61.25080831811822,-48.43001122986879,1.590000033378601,0.15917982161045074
-611774194484282362,61.17741943119084,-48.42823625490192,0.9599999785423279,0.32328301668167114
-611260487484270011,61.12604874994112,-48.42700113012141,2.0199999809265137,2.0357589721679688
-609172807484262784,60.91728074394158,-48.4262784972331,0.75,0.36892133951187134
-611412048484259533,61.1412048529498,-48.425953319445135,0.8399999737739563,0.1954682618379593
-612970968484258863,61.29709684200451,-48.425886339849846,0.8299999833106995,0.8354477286338806
-611732122484241097,61.17321229357618,-48.42410979879834,1.6399999856948853,1.5633199214935303
-611923221484233872,61.19232212277008,-48.423387259550445,0.8299999833106995,0.8719202280044556
-610455405484223517,61.045540553654156,-48.42235174715573,1.3899999856948853,1.2450871467590332
-609489327484174369,60.948932791364776,-48.41743696989761,3.4600000381469727,3.8811261653900146
-611309733484156991,61.13097338596804,-48.41569915151564,0.14000000059604645,0.11877580732107162
-612849639484146381,61.28496391746737,-48.4146381730044,1.25,1.2989156246185303
-609682922484127991,60.968292215481,-48.41279911068717,4.099999904632568,4.106301307678223
-612318772484129264,61.23187729688225,-48.41292645295194,1.2000000476837158,0.8033431172370911
-611662532484125411,61.166253235262424,-48.412541174539605,1.0800000429153442,1.157006025314331
-611437404484122359,61.14374046800651,-48.412235901050906,3.630000114440918,4.459716796875
-610268395484096560,61.026839594368276,-48.40965605423913,0.3400000035762787,0.30153989791870117
-609111204484090078,60.91112048926597,-48.40900788105318,3.680000066757202,4.059177398681641
-609785309484080548,60.97853090293543,-48.40805487468522,1.2699999809265137,1.3004463911056519
-611605156484076445,61.16051561755161,-48.40764456854544,1.6100000143051147,1.4006422758102417
-611652050484062824,61.16520506055037,-48.406282447973986,0.4099999964237213,0.16139103472232819
-609385135484025403,60.93851351109291,-48.40254038311799,2.559999942779541,2.7553253173828125
-609511338485966618,60.95113382323132,-48.59666183407284,0.6200000047683716,0.6144152283668518
-609751635485921514,60.975163542708174,-48.592151401489666,1.4900000095367432,0.9361098408699036
-609369249485914841,60.93692498272874,-48.59148412565057,0.23000000417232513,0.19548891484737396
-611006769485817953,61.10067699513401,-48.58179539771279,1.8899999856948853,1.3265758752822876
-609033093485795282,60.9033093249496,-48.57952824076538,1.159999966621399,1.3283978700637817
-611325915485785347,61.1325915226922,-48.57853479727302,1.3200000524520874,1.3314942121505737
-610368492485765731,61.03684923967467,-48.576573181699,1.440000057220459,0.15955594182014465
-609321040485757131,60.93210409785978,-48.57571315045338,0.550000011920929,0.15981286764144897
-609925027485700751,60.99250278313346,-48.57007518723463,2.190000057220459,2.342867374420166
-611457754485695185,61.14577542258805,-48.5695185127249,1.0,0.9983402490615845
-610878900485691930,61.0878900620576,-48.56919305505488,2.819999933242798,3.306551933288574
-611123411485683161,61.11234117331677,-48.568316123501724,1.3300000429153442,1.3158477544784546
-611687420485651445,61.16874202023989,-48.56514458735865,0.27000001072883606,0.30715611577033997
-609702220485597093,60.97022202003294,-48.55970934491314,1.3300000429153442,1.0430480241775513
-611346076485594424,61.134607658530584,-48.55944240125345,0.8299999833106995,0.07070062309503555
-609431504485589747,60.943150412835365,-48.55897477789078,0.6399999856948853,0.6921422481536865
-609697399485542387,60.9697399132828,-48.55423870772332,3.2200000286102295,3.3059542179107666
-609088306485539391,60.90883067223822,-48.55393910187586,4.489999771118164,4.6705641746521
-611156270485501959,61.11562709650525,-48.55019598943539,1.1799999475479126,1.198236107826233
-610692941485487885,61.06929418711648,-48.54878859807706,1.9299999475479126,1.764162540435791
-611276072485479574,61.1276072071398,-48.547957410873195,3.0899999141693115,3.428990364074707
-610317475485464683,61.03174759812229,-48.5464683144084,1.1799999475479126,1.160961627960205
-611415161485453895,61.14151616099651,-48.54538950108544,1.909999966621399,2.0537526607513428
-609864776485430590,60.98647761122648,-48.54305904219143,0.550000011920929,0.4960628151893616
-609969460485411933,60.99694600197057,-48.54119336434115,3.3299999237060547,4.0174736976623535
-610509721485398648,61.05097215329563,-48.539864885515776,1.4800000190734863,1.3296141624450684
-611480594485366384,61.1480594619025,-48.53663843017672,1.1299999952316284,0.3150777518749237
-611079384485362492,61.107938462035506,-48.53624921356745,3.430000066757202,3.830739736557007
-609959904485345938,60.99599043307882,-48.534593818386966,0.3100000023841858,0.2790447473526001
-611826086485340045,61.18260867300401,-48.5340045996299,3.7100000381469727,4.645949840545654
-610355545485314912,61.03555454547818,-48.531491255658565,2.0999999046325684,1.741234302520752
-611788735485305509,61.17887354241899,-48.53055097862441,2.059999942779541,2.0545103549957275
-611367512485257127,61.13675129203858,-48.525712755503,0.9900000095367432,0.9903684854507446
-609536703485248094,60.95367032360977,-48.5248094956095,2.569999933242798,2.714719295501709
-612299099485175981,61.22990994460626,-48.51759814988977,0.1599999964237213,0.1614493578672409
-611006258485146544,61.10062584593211,-48.514654445225254,1.2599999904632568,1.251247525215149
-612405818485143758,61.24058183857201,-48.51437581007279,1.1200000047683716,1.149285912513733
-610296377485105499,61.02963773246396,-48.51054990560948,0.30000001192092896,0.06305880099534988
-609680011485066468,60.968001115709136,-48.50664681879475,2.880000114440918,3.060377597808838
-610959837485055569,61.09598371217354,-48.505556946461255,1.0800000429153442,0.9340459704399109
-610264562485048012,61.026456262123006,-48.504801204330256,3.509999990463257,3.668325185775757
-610686565485034549,61.06865656526059,-48.50345496930419,1.8700000047683716,1.863725185394287
-610519513485023123,61.051951388021756,-48.502312348413945,1.3700000047683716,1.3658920526504517
-612313165485022336,61.231316543770916,-48.502233686039126,1.75,1.9113264083862305
-609396811485012213,60.93968116823658,-48.5012213592391,1.7100000381469727,1.4540972709655762
-610802078484996112,61.08020780367808,-48.49961122137025,1.25,1.2677068710327148
-611799224484994235,61.17992247617358,-48.49942358067483,2.509999990463257,2.7866177558898926
-609394379484987940,60.939437947621826,-48.498794010662095,1.8300000429153442,1.707082748413086
-609100961484985421,60.91009613264013,-48.49854210641902,2.1700000762939453,2.3792083263397217
-612198196484988202,61.21981966873796,-48.49882021751165,0.8399999737739563,0.7743503451347351
-609037047484963534,60.90370479540335,-48.49635344308885,1.0700000524520874,1.0810376405715942
-610060414484943692,61.00604149288306,-48.49436921078949,1.2999999523162842,1.256305456161499
-610018995484929291,61.00189957497869,-48.492929154719384,3.380000114440918,3.88037371635437
-611973562484922795,61.1973562391631,-48.49227950964743,1.440000057220459,1.3771177530288696
-611357153484885965,61.135715382249494,-48.48859658557692,2.9100000858306885,3.1053786277770996
-611011649484824476,61.1011649259251,-48.482447693173924,0.3700000047683716,0.30373451113700867
-612663037484785227,61.26630376979201,-48.47852274654917,1.9700000286102295,0.8300418853759766
-611571604484765323,61.157160435068114,-48.47653235516702,0.7200000286102295,0.48302268981933594
-610460707484747108,61.04607071939864,-48.4747108867576,0.8799999952316284,1.1424113512039185
-611982052484726434,61.198205251206495,-48.47264340001473,2.5899999141693115,2.928622245788574
-610359463484708601,61.03594637866777,-48.47086017274619,3.369999885559082,3.7291259765625
-610156903484703649,61.015690311856666,-48.4703649391309,1.2400000095367432,1.2073498964309692
-612232877484695284,61.22328775442683,-48.46952847423191,1.5299999713897705,1.3284298181533813
-612039812484692972,61.20398125090825,-48.46929729699206,2.0199999809265137,2.055981159210205
-610550850484683614,61.0550850959261,-48.468361439392496,4.329999923706055,4.327294826507568
-611126562484673297,61.11265626829974,-48.46732979222508,2.7200000286102295,3.002626657485962
-609973333484643881,60.99733334942051,-48.46438814093281,0.699999988079071,0.6990955471992493
-609513638484591977,60.951363873357415,-48.45919771977748,3.5299999713897705,3.7591190338134766
-612033288484593319,61.203328871679815,-48.4593319606853,2.700000047683716,0.3664572536945343
-611705531484582937,61.17055319725361,-48.458293710760366,0.23999999463558197,0.23616918921470642
-610746159484579786,61.07461591036661,-48.45797867033702,0.8299999833106995,0.8279229998588562
-611540819484570224,61.15408196593015,-48.45702242309021,3.3499999046325684,3.597395420074463
-609115839484562252,60.91158390073532,-48.45622524527503,1.0800000429153442,1.138600468635559
-611580864484568436,61.158086413742566,-48.4568436042157,0.6299999952316284,0.635029673576355
-612617132484562693,61.26171320856742,-48.45626933064453,2.2200000286102295,2.2500860691070557
-612509128484562621,61.250912825523145,-48.456262190939526,2.3499999046325684,2.5483345985412598
-612623138484551962,61.262313810196424,-48.455196248337415,2.059999942779541,2.10798716545105
-611353306484531394,61.13533062909403,-48.45313947851039,2.430000066757202,2.786384105682373
-610594754484528842,61.059475433242035,-48.45288426828189,0.7599999904632568,0.7917896509170532
-610279774484525205,61.02797741337716,-48.45252053733028,1.2799999713897705,0.4094752371311188
-609454006484503262,60.945400670828356,-48.45032625165812,1.4700000286102295,0.30236300826072693
-612876197484492023,61.28761976343406,-48.44920232881336,1.9500000476837158,2.0528223514556885
-611196085484486745,61.119608569981935,-48.44867450273971,1.4600000381469727,1.1246975660324097
-611323555484456250,61.13235551053237,-48.445625053045255,2.0999999046325684,2.294355869293213
-611766102484443838,61.17661022778105,-48.44438389619039,0.4699999988079071,0.29904454946517944
-612117010484381700,61.211701083096685,-48.43817004473627,2.940000057220459,3.016981601715088
-609295292484366469,60.92952928563553,-48.43664690274949,2.4200000762939453,2.4575583934783936
-610081753484317963,61.00817531795918,-48.43179634134136,4.380000114440918,5.077064514160156
-610485166484314961,61.04851667739249,-48.431496103456396,1.7599999904632568,2.0541903972625732
-612299445484279044,61.229944567327784,-48.4279044231041,1.940000057220459,2.0535850524902344
-611775562484273325,61.17755625432537,-48.42733259549669,0.800000011920929,0.15993601083755493
-610000923484237614,61.00009234955384,-48.42376149970484,0.800000011920929,0.851865291595459
-612106687484232420,61.210668775598386,-48.42324208163485,2.9700000286102295,0.297884464263916
-611156735484216882,61.11567356772787,-48.42168823863956,1.8200000524520874,0.30325180292129517
-609629730484165843,60.96297306296929,-48.41658431287289,1.5399999618530273,1.5061073303222656
-611480752484141263,61.14807528238971,-48.41412639124383,0.25999999046325684,0.2059537172317505
-610451419484126085,61.04514193567964,-48.41260855800682,3.5299999713897705,3.7362825870513916
-609438203484121780,60.94382035985427,-48.41217800060895,1.149999976158142,1.143216609954834
-610475884484073581,61.04758843470872,-48.40735811512432,1.2599999904632568,0.797569215297699
-610781812484064116,61.07818127265495,-48.40641161586221,2.009999990463257,2.0547735691070557
-612735840484022406,61.27358407625136,-48.40224069188097,0.3400000035762787,0.31392624974250793
-610585010483991366,61.05850100822111,-48.399136604803815,0.8399999737739563,0.765876293182373
-612786577483988011,61.278657701871175,-48.39880112736189,2.869999885559082,3.1187381744384766
-610538918483975726,61.053891844975944,-48.397572641807955,1.6200000047683716,1.2448203563690186
-610782041483972999,61.07820418518125,-48.397299938739245,1.6399999856948853,1.580414056777954
-611916639483875757,61.19166392105952,-48.387575794707715,1.0399999618530273,0.5346390008926392
-612386581483874428,61.23865815900816,-48.38744280817783,1.3799999952316284,1.3700144290924072
-611591565483828731,61.159156501200506,-48.382873137368364,0.6299999952316284,0.35694533586502075
-612168559483824183,61.21685597924233,-48.382418325775454,0.47999998927116394,0.505321741104126
-610112762483803236,61.01127622778111,-48.380323658906384,1.3200000524520874,1.3053430318832397
-609871936483790291,60.98719363482604,-48.37902919325951,2.0999999046325684,2.4298853874206543
-610015121483743786,61.00151218038398,-48.37437864253545,1.3300000429153442,1.3177193403244019
-611700426483731825,61.17004265314302,-48.373182581456945,0.7599999904632568,0.595372200012207
-612330911483697242,61.233091180654185,-48.36972425827189,0.2199999988079071,0.2116202414035797
-611146580483695152,61.11465808472224,-48.36951522339404,3.549999952316284,4.374751567840576
-609862648483689752,60.986264861625614,-48.36897523352199,3.5,3.662307024002075
-610271364485970520,61.02713643470285,-48.59705207752979,4.739999771118164,4.730594158172607
-609629235485927972,60.962923511106176,-48.59279721946087,3.0899999141693115,4.115775108337402
-610343086485899688,61.03430863157233,-48.589968819083175,1.2000000476837158,1.3108386993408203
-609559689485892242,60.95596895639104,-48.58922428134755,0.3799999952316284,0.3692978620529175
-609772142485888860,60.9772142430826,-48.58888605330752,1.2200000286102295,1.186084270477295
-610871717485861363,61.087171769111144,-48.58613630653054,1.7200000286102295,2.9506263732910156
-609225450485838398,60.92254506746029,-48.583839812376475,0.6299999952316284,0.3696261942386627
-609174044485827224,60.917404456612104,-48.582722476585054,1.2100000381469727,1.308778166770935
-610650207485822556,61.06502070975406,-48.58225568717598,1.9800000190734863,2.2670845985412598
-609848731485808264,60.98487316141481,-48.580826478019226,3.3299999237060547,3.82006573677063
-609244143485804589,60.92441435428241,-48.5804589858209,4.130000114440918,4.221808433532715
-611232737485753334,61.12327372645768,-48.57533346282038,1.899999976158142,1.5644692182540894
-610380396485736494,61.03803961056033,-48.573649421074364,1.1299999952316284,0.45262011885643005
-610295556485725589,61.02955567485443,-48.57255893144275,0.6600000262260437,0.6638531684875488
-611305436485682165,61.13054368772547,-48.56821655671743,1.2999999523162842,0.7657822370529175
-609046787485632903,60.90467879205619,-48.5632903220442,0.6700000166893005,0.7001169323921204
-609652425485631542,60.96524252063862,-48.56315426688259,0.7699999809265137,0.7580770254135132
-609509667485606008,60.950966771871165,-48.56060083014757,3.0299999713897705,3.1236412525177
-609391286485604524,60.93912861350327,-48.560452470285654,0.3400000035762787,0.1600077748298645
-610761364485609498,61.07613648426215,-48.560949807826354,1.659999966621399,1.3379846811294556
-611495211485606662,61.14952119395845,-48.560666231312084,0.8999999761581421,0.8890374302864075
-610018396485588960,61.00183961287302,-48.55889603547099,0.47999998927116394,0.4023381471633911
-609549702485514404,60.9549702605825,-48.55144041384179,3.390000104904175,4.373992443084717
-611244543485513708,61.124454380925705,-48.55137082065106,1.5199999809265137,1.2136164903640747
-610591925485505221,61.059192510997846,-48.55052213349675,0.9399999976158142,1.0030088424682617
-610295764485488016,61.02957641935644,-48.5488016043798,1.440000057220459,1.4407968521118164
-609938655485415887,60.99386552556319,-48.54158871542278,2.5999999046325684,2.907498836517334
-611636720485385139,61.16367202614357,-48.53851396592749,1.809999942779541,2.1710047721862793
-609385540485307408,60.938554073522916,-48.530740873616246,4.239999771118164,4.273120403289795
-609109343485308393,60.91093436979758,-48.530839342504166,0.23999999463558197,0.15979252755641937
-612041920485309448,61.204192067764396,-48.53094484282828,2.240000009536743,0.24893732368946075
-609819828485290012,60.98198289378265,-48.52900129676356,0.6800000071525574,0.6626178026199341
-612220153485262257,61.222015324954086,-48.52622570182995,1.3600000143051147,0.4087919294834137
-609632540485250711,60.96325404378789,-48.525071190122496,0.38999998569488525,0.30147072672843933
-611928399485249893,61.19283997505601,-48.5249893972933,1.6399999856948853,1.403977870941162
-610515272485214954,61.051527246183014,-48.52149547389795,0.4300000071525574,0.47846248745918274
-610719047485205149,61.071904762034976,-48.52051493789015,0.25,0.24961824715137482
-609818800485195138,60.981880053864614,-48.519513848733766,3.75,4.248349666595459
-611381571485195889,61.138157144490265,-48.51958892575253,3.130000114440918,3.540534257888794
-612438436485158452,61.24384361633359,-48.5158452335948,1.600000023841858,1.4462230205535889
-609295683485135873,60.92956836248038,-48.51358738224772,1.409999966621399,0.37454304099082947
-611139899485079332,61.113989902736925,-48.50793328528785,0.5400000214576721,0.157320037484169
-610512589485075305,61.051258912657744,-48.507530560462264,1.9600000381469727,1.8503572940826416
-611443010485016864,61.14430105081986,-48.50168640870862,3.9000000953674316,4.0795207023620605
-612363433485003812,61.23634330440468,-48.500381247695614,2.309999942779541,0.2966247797012329
-609779197484998914,60.97791977741724,-48.49989147240577,2.440000057220459,2.756887912750244
-612597695485001195,61.259769578319954,-48.500119565974984,2.2100000381469727,2.452789306640625
-611650226484991848,61.16502260358849,-48.49918485571618,2.059999942779541,0.4132142961025238
-611039280484979481,61.1039280865215,-48.49794811673809,0.30000001192092896,0.2999415397644043
-610079528484970603,61.00795280439557,-48.49706032811734,2.3399999141693115,3.1576242446899414
-610863894484933867,61.086389470098595,-48.49338679076306,0.5799999833106995,0.5766839981079102
-610184700484898515,61.01847003429329,-48.489851544231655,0.9300000071525574,0.9788769483566284
-610978748484864434,61.09787480608135,-48.4864434155581,0.3799999952316284,0.3736896514892578
-611585874484826947,61.15858744418993,-48.48269475133355,1.1399999856948853,1.2486846446990967
-609622864484823581,60.96228649202803,-48.48235810034092,2.6500000953674316,2.7727460861206055
-610776996484806579,61.07769963387662,-48.48065799776563,1.590000033378601,1.5098806619644165
-610072471484779725,61.007247162017485,-48.47797255336851,1.6799999475479126,1.7025374174118042
-612767849484782337,61.276784995384084,-48.478233758562965,0.3400000035762787,0.24996426701545715
-611910391484774991,61.19103915509773,-48.47749911573477,1.659999966621399,0.9596359133720398
-609834402484749206,60.98344025197455,-48.47492063039987,1.1299999952316284,1.10269296169281
-610670976484742939,61.06709762049454,-48.47429393025534,2.140000104904175,2.1644287109375
-609695971484698925,60.96959719053952,-48.46989251385028,2.7799999713897705,3.334643602371216
-609627675484697829,60.96276752701444,-48.46978292339382,2.1600000858306885,2.2664952278137207
-610550829484654678,61.0550829339189,-48.46546785928615,0.699999988079071,0.7131307721138
-610501922484635443,61.05019227830117,-48.463544322722996,0.3799999952316284,0.0814925879240036
-612858476484628408,61.285847639811095,-48.46284081118952,1.75,1.3033138513565063
-611056468484615967,61.10564682836363,-48.461596706573175,2.049999952316284,2.053617238998413
-609709349484609021,60.97093497169385,-48.46090217345514,1.5099999904632568,1.3678429126739502
-611297868484602070,61.12978682122015,-48.46020709914704,0.5600000023841858,0.5651648640632629
-611904318484594041,61.190431883210884,-48.45940419071567,1.6100000143051147,1.3318915367126465
-609707904484577462,60.97079045413341,-48.4577462969547,1.1100000143051147,1.0883243083953857
-610695975484568351,61.06959756534486,-48.45683511645277,2.1600000858306885,2.2402844429016113
-612650368484561672,61.26503685627498,-48.45616722656229,2.2699999809265137,2.4584622383117676
-612012292484552632,61.20122923119039,-48.455263256059396,1.2200000286102295,1.2489632368087769
-609324754484533742,60.93247541444534,-48.45337420622552,0.6899999976158142,0.7788650393486023
-610349581484522385,61.03495818917645,-48.45223856013174,3.109999895095825,3.1837637424468994
-609803713484501012,60.98037139418641,-48.45010126444767,0.949999988079071,0.8819470405578613
-611822176484501679,61.182217654080375,-48.45016799905673,3.4200000762939453,4.017183303833008
-610280915484485209,61.02809153385841,-48.44852092533899,2.5999999046325684,3.384291172027588
-609629904484476374,60.96299043335403,-48.447637460574406,1.0800000429153442,1.1483553647994995
-609463031484461625,60.94630317587541,-48.446162540763396,3.75,3.9443304538726807
-611269628484462912,61.12696285879664,-48.44629121919257,0.5799999833106995,0.6881051659584045
-609290748484422911,60.929074832060905,-48.44229117448491,1.7799999713897705,1.8018852472305298
-610600216484422170,61.06002169803815,-48.442217002562614,1.5,1.486377239227295
-610683634484406229,61.068363489966565,-48.44062296174551,0.49000000953674316,0.5396844744682312
-610313994484375475,61.03139940922573,-48.43754758601336,3.640000104904175,3.650735855102539
-609066408484362257,60.906640870806704,-48.436225763425995,0.9900000095367432,1.039288878440857
-611047510484354771,61.10475103249844,-48.4354771626026,4.630000114440918,4.804203033447266
-611361060484352850,61.1361060011837,-48.435285034005624,1.940000057220459,2.0543391704559326
-610411480484321838,61.041148078619116,-48.43218388595817,0.8500000238418579,0.9308508634567261
-612514712484302613,61.25147129681148,-48.430261311678905,0.44999998807907104,0.5813842415809631
-611262067484290342,61.12620674916081,-48.42903425571264,0.46000000834465027,0.5057323575019836
-611073489484287706,61.10734895018744,-48.42877065711712,1.2599999904632568,1.0865212678909302
-609085381484278094,60.908538167653326,-48.42780944375092,3.140000104904175,3.6749868392944336
-610691915484270765,61.069191584031486,-48.42707653319466,1.350000023841858,1.3187634944915771
-610059261484260002,61.00592614732951,-48.42600022892644,0.5600000023841858,0.5600001811981201
-611528202484249261,61.15282026879523,-48.42492617155011,2.309999942779541,2.75447154045105
-610489884484247727,61.048988496384894,-48.42477278185217,0.4399999976158142,0.4109077751636505
-609721543484217059,60.972154323959934,-48.42170593881538,0.2800000011920929,0.09166734665632248
-612354689484198483,61.23546891548054,-48.419848340467595,0.41999998688697815,0.41847723722457886
-609115275484172124,60.91152751167187,-48.41721243639023,0.4399999976158142,0.07817734777927399
-611234234484163744,61.123423425162486,-48.41637440068739,1.4299999475479126,1.3705567121505737
-609757458484161832,60.97574581405329,-48.41618329262889,2.799999952316284,2.859308958053589
-612894188484151159,61.28941883473019,-48.415115973411325,0.4099999964237213,0.4436705708503723
-609150517484072047,60.91505175251009,-48.40720478290243,0.5400000214576721,0.5069730281829834
-609507977484047666,60.950797750624936,-48.40476662068897,3.430000066757202,3.6919422149658203
-612374496484057687,61.237449684256255,-48.40576874478259,0.5199999809265137,0.6204498410224915
-609501634484041540,60.950163446375534,-48.404154034768005,2.5,2.9444262981414795
-612395819484032856,61.23958198638696,-48.40328569417299,2.390000104904175,3.0132193565368652
-611927473484022958,61.19274731164371,-48.40229580230979,0.6399999856948853,0.6867437958717346
-609011648484014361,60.90116487777332,-48.401436103414454,2.309999942779541,2.3808507919311523
-609297598483989304,60.92975981462249,-48.39893042298939,0.7799999713897705,0.8603571653366089
-612228405483988775,61.222840541253085,-48.39887755678175,0.8199999928474426,0.8200092315673828
-609723231483981895,60.9723231358717,-48.39818956598231,0.699999988079071,0.6831295490264893
-612228003483956841,61.222800320026586,-48.39568410798002,0.7699999809265137,0.7646974921226501
-612686035483947788,61.26860357980395,-48.39477886220298,1.4199999570846558,0.932920515537262
-610078661485996808,61.00786617646763,-48.59968081807558,1.6399999856948853,1.6935548782348633
-609388748485935407,60.93887481011805,-48.593540756910066,2.490000009536743,2.4730420112609863
-610256161485914741,61.02561612933662,-48.59147411810704,1.75,1.8072396516799927
-610791267485883578,61.07912676068148,-48.58835784355471,1.0800000429153442,1.0441069602966309
-610831958485874401,61.08319588330591,-48.58744019770478,1.2799999713897705,1.3069840669631958
-610487676485795621,61.048767681318516,-48.57956211266627,2.450000047683716,0.28066420555114746
-610651343485793360,61.06513434481809,-48.579336072911765,2.990000009536743,3.1838932037353516
-609068943485787609,60.90689430453862,-48.578760907886384,0.4399999976158142,0.4375942647457123
-609096926485731202,60.90969265265138,-48.57312025966224,0.550000011920929,0.599972665309906
-609160373485720521,60.91603730583152,-48.57205212024037,3.4600000381469727,4.2360615730285645
-610927538485715115,61.09275387637404,-48.57151154644156,1.6399999856948853,0.4111396074295044
-611354066485680303,61.13540664449411,-48.56803032786832,1.5700000524520874,1.5619672536849976
-609602036485675469,60.96020363952978,-48.5675469782329,0.6899999976158142,0.16279548406600952
-611127508485648489,61.112750851245615,-48.5648489055521,0.8199999928474426,1.0436043739318848
-610799302485616383,61.07993022335912,-48.56163836205685,1.0,1.1165900230407715
-610804964485545629,61.080496460210746,-48.55456290000459,1.2599999904632568,1.409952998161316
-609292435485469075,60.929243585167065,-48.546907528485285,0.7699999809265137,0.7874236106872559
-611991962485462832,61.19919628651816,-48.5462832326672,1.6699999570846558,1.3122230768203735
-611843236485409093,61.18432366346574,-48.540909379584285,1.7100000381469727,2.054811716079712
-609314835485399231,60.93148353295954,-48.53992315923297,1.0399999618530273,1.0419868230819702
-612058268485397202,61.20582686622332,-48.53972028960924,1.5099999904632568,1.3033103942871094
-611073219485379810,61.10732191102928,-48.53798104506086,0.6899999976158142,0.23127131164073944
-610783389485358304,61.07833891435869,-48.53583047896093,2.940000057220459,3.064291477203369
-611827767485350178,61.18277676237177,-48.535017849308396,0.7799999713897705,0.8375582695007324
-612106952485343804,61.21069527561052,-48.53438047024399,3.240000009536743,3.8964521884918213
-610443514485312824,61.044351446673595,-48.53128240506888,1.75,0.45739343762397766
-609381039485306232,60.938103923222776,-48.53062326407138,4.670000076293945,4.513647079467773
-609139921485293932,60.913992184192175,-48.52939328462184,2.950000047683716,3.6229052543640137
-610862886485282205,61.08628866033366,-48.528220505561464,0.4699999988079071,0.4856398403644562
-609593787485232074,60.95937878355199,-48.52320744923085,2.1500000953674316,1.5619308948516846
-611062067485223847,61.106206744000815,-48.52238470493347,0.36000001430511475,0.33695435523986816
-609553988485215381,60.95539889516824,-48.52153818050102,2.490000009536743,2.4979324340820312
-610985385485169358,61.09853857660177,-48.516935890248334,2.7100000381469727,3.1663429737091064
-610240040485154329,61.024004021639676,-48.51543295792129,0.5699999928474426,0.4832856357097626
-610036909485148835,61.003690911385036,-48.51488353146144,0.699999988079071,0.6967331171035767
-611218584485131860,61.12185842497585,-48.513186093938344,3.140000104904175,3.5670790672302246
-609789177485125950,60.97891775060982,-48.512595051982814,3.059999942779541,3.3980395793914795
-609815837485097713,60.98158374818991,-48.50977139554888,2.7300000190734863,3.222416639328003
-610097882485079566,61.00978824894195,-48.5079566005676,1.7000000476837158,1.3789488077163696
-611319384485077971,61.13193849891172,-48.507797109487036,4.170000076293945,4.627189636230469
-610988373485076272,61.09883735468685,-48.50762721299949,1.7899999618530273,0.9641226530075073
-612278790485054448,61.22787905019452,-48.50544483232224,2.640000104904175,2.9198248386383057
-612547346484989592,61.25473461864298,-48.49895924431192,2.6600000858306885,3.2842462062835693
-610772194484992265,61.07721940715385,-48.499226571967206,0.6399999856948853,0.6461746692657471
-612067885484908694,61.20678858661099,-48.49086949633631,1.9600000381469727,1.482267141342163
-609953764484823968,60.99537648104131,-48.482396879758895,1.5800000429153442,1.5072461366653442
-611220409484798231,61.12204091784046,-48.47982316492839,2.5799999237060547,2.5736770629882812
-611877811484795970,61.187781162723596,-48.479597069805536,0.550000011920929,0.5332913994789124
-610433282484772967,61.04332828012959,-48.4772967803373,2.0399999618530273,0.9412078261375427
-612217058484764527,61.22170580960839,-48.4764527731078,4.659999847412109,5.594457626342773
-611494868484718484,61.14948687363271,-48.47184843665547,2.240000009536743,2.2732036113739014
-611913229484714173,61.19132298247302,-48.47141730896465,0.18000000715255737,0.17293520271778107
-609846891484692789,60.98468913962764,-48.4692789414772,1.8200000524520874,0.9328763484954834
-610041174484686688,61.004117483244634,-48.46866884983415,1.1699999570846558,1.2478245496749878
-609821590484675741,60.98215900564106,-48.46757414596594,1.149999976158142,0.8202083110809326
-611481790484652966,61.14817901498747,-48.465296636051185,1.340000033378601,1.4067829847335815
-612299872484652736,61.22998727113862,-48.46527364535324,2.299999952316284,2.7028350830078125
-612741029484645023,61.274102972975584,-48.46450232734208,2.0799999237060547,0.32304397225379944
-611255326484628208,61.125532606258574,-48.46282089729126,0.3700000047683716,0.3377615213394165
-609447448484621158,60.94474483149041,-48.46211585388603,1.8899999856948853,1.8701794147491455
-610486727484615840,61.04867274338524,-48.461584049840575,1.1200000047683716,1.0430203676223755
-609420003484560799,60.942000310013896,-48.456079997325006,2.7100000381469727,2.886073589324951
-610511066484538008,61.051106684440015,-48.45380086541213,3.319999933242798,4.721535682678223
-609114400484507834,60.91144001383388,-48.450783426936475,1.3899999856948853,1.3203248977661133
-609770108484493194,60.97701088744505,-48.449319492051664,1.3899999856948853,0.32529690861701965
-609825503484486592,60.98255033359838,-48.44865926137919,0.23999999463558197,0.22516027092933655
-609474604484466882,60.94746047869384,-48.446688233288754,1.8700000047683716,0.9311118721961975
-609564649484465878,60.95646494280893,-48.44658788799897,4.010000228881836,4.6891679763793945
-610865969484432034,61.08659693934731,-48.44320347441546,1.8300000429153442,2.209625720977783
-612889266484413527,61.28892665418151,-48.44135277817574,1.3300000429153442,1.2987382411956787
-611290698484409843,61.1290698885666,-48.44098438875808,1.3799999952316284,1.3067762851715088
-611885105484408154,61.18851054341133,-48.44081543053531,3.640000104904175,3.77065372467041
-611798462484360186,61.179846210920466,-48.43601866985725,3.509999990463257,3.444039821624756
-611796659484344893,61.179665947684335,-48.43448939492139,1.5099999904632568,0.16123615205287933
-610393971484327044,61.03939715441061,-48.432704445872616,1.1399999856948853,1.1456961631774902
-609059340484279771,60.90593400229951,-48.427977144173184,0.699999988079071,0.7021269202232361
-609488966484277350,60.94889662065718,-48.427735087184146,0.5400000214576721,0.31967607140541077
-611286175484257470,61.1286175859487,-48.42574700892893,2.069999933242798,2.0361194610595703
-612097676484253745,61.209767691148116,-48.425374517537584,0.7699999809265137,0.390206903219223
-609425221484208692,60.942522193279736,-48.420869216533234,1.3799999952316284,1.3928797245025635
-610918722484160486,61.09187224637137,-48.41604862195105,0.7900000214576721,0.7684274315834045
-609153588484122654,60.915358849981885,-48.41226548655732,1.0800000429153442,0.46815037727355957
-609284438484111733,60.928443859671546,-48.41117331512215,0.5899999737739563,0.2931613326072693
-609175807484109648,60.91758076056893,-48.410964877716054,1.2999999523162842,1.3118599653244019
-609093307484106590,60.909330714306044,-48.41065902656691,0.38999998569488525,0.3612888753414154
-612689188484111056,61.2689188753515,-48.41110568339757,1.2799999713897705,1.4024189710617065
-612864318484109218,61.286431841920795,-48.41092181034998,2.140000104904175,2.146731376647949
-611349704484105498,61.13497043433255,-48.41054987635371,1.6699999570846558,1.5608851909637451
-612546553484094532,61.25465533883979,-48.40945326689036,1.1399999856948853,0.8252906799316406
-610747441484064717,61.07474410287211,-48.406471725254576,1.440000057220459,1.2715377807617188
-612100035484041513,61.21000354734251,-48.404151399229185,0.7300000190734863,0.3807982802391052
-610526687484014716,61.05266870586473,-48.40147167401184,1.5,1.1605679988861084
-612007914484009622,61.20079143236005,-48.40096224743367,0.3400000035762787,0.30340126156806946
-609075973483993635,60.90759730609009,-48.39936355997184,1.8899999856948853,1.5682493448257446
-610998611483993558,61.09986114127711,-48.39935584762542,1.5800000429153442,1.391277551651001
-609652771483960503,60.96527711689537,-48.39605031399445,2.509999990463257,2.6866931915283203
-609524658483957492,60.95246584693806,-48.395749265066776,1.309999942779541,0.9400834441184998
-612387155483945010,61.238715543943776,-48.39450105842517,2.9000000953674316,2.896476984024048
-609477102483932252,60.94771029788483,-48.39322527334411,3.1600000858306885,3.285646915435791
-610865488483918918,61.08654883709813,-48.39189189811194,1.600000023841858,1.5634864568710327
-612951877483921093,61.29518779588639,-48.392109368560504,0.30000001192092896,0.08224295824766159
-612869910483902465,61.286991039228546,-48.390246537226275,3.8399999141693115,4.031135082244873
-612044069483884806,61.20440697530058,-48.388480614693364,1.9900000095367432,1.9951765537261963
-610675106483860253,61.067510666125784,-48.38602530316405,0.5,0.36892327666282654
-609390570483846269,60.93905703245462,-48.38462691673377,0.3700000047683716,0.3544299602508545
-609213930483830367,60.921393020985356,-48.38303670739694,0.9100000262260437,0.7068711519241333
-612897536483828567,61.28975367196821,-48.38285671182103,0.800000011920929,0.7979857325553894
-610635937483807293,61.06359377073089,-48.38072937952021,0.7400000095367432,0.499418705701828
-611496809483807974,61.14968095917481,-48.38079743646886,3.569999933242798,3.7416505813598633
-612918243483803312,61.29182432105588,-48.3803312749618,1.2200000286102295,1.2106828689575195
-612417612483799133,61.24176120548346,-48.37991331538983,0.44999998807907104,0.5305315852165222
-610397368483794503,61.03973685371042,-48.37945034527264,0.6399999856948853,0.3141496181488037
-611493935483740782,61.14939356216589,-48.374078291979956,1.149999976158142,1.1471819877624512
-611763446483730817,61.17634468140979,-48.373081777940676,3.430000066757202,4.021950721740723
-609830300483723486,60.98303003902648,-48.37234864287371,,
-609745870483704650,60.97458701813275,-48.37046505477812,1.8899999856948853,1.9285879135131836
-610205776485973031,61.02057764663721,-48.59730317677976,0.9100000262260437,0.9097279906272888
-609615071485916861,60.96150717372999,-48.591686140188756,2.9200000762939453,3.0624406337738037
-610198534485868290,61.01985345927805,-48.58682904143535,0.9300000071525574,0.9334863424301147
-609697238485836654,60.969723830280216,-48.58366548859608,1.399999976158142,1.0429980754852295
-610899344485812443,61.08993446587893,-48.58124438575155,0.6800000071525574,0.7080829739570618
-610750666485768611,61.075066606271136,-48.57686119846751,2.640000104904175,3.0426621437072754
-609712640485751283,60.97126402111837,-48.575128303760266,2.140000104904175,2.7625675201416016
-610421762485725728,61.04217621428481,-48.57257280951504,0.46000000834465027,0.3530826270580292
-609470176485709339,60.94701763024343,-48.57093391851794,0.6899999976158142,0.6455434560775757
-609969886485676634,60.99698864449221,-48.56766347014597,0.23000000417232513,0.13326337933540344
-611086082485668977,61.10860820536197,-48.566897717155584,0.27000001072883606,0.23081988096237183
-610827302485661597,61.082730217493996,-48.56615970975307,0.4000000059604645,0.42119014263153076
-611291002485653862,61.129100230398706,-48.565386266051455,1.350000023841858,1.3415862321853638
-611199145485635885,61.119914556935534,-48.563588546944814,2.5199999809265137,3.057882785797119
-610179093485622768,61.01790931517134,-48.562276820664074,1.340000033378601,1.2905782461166382
-611759173485590891,61.175917364691855,-48.55908913247301,0.8299999833106995,0.804448127746582
-610399481485514424,61.03994815087953,-48.55144244322687,1.1200000047683716,1.118539571762085
-610837219485512513,61.0837219675269,-48.551251345962136,1.2000000476837158,1.2453322410583496
-610250506485438785,61.025050634135596,-48.5438785898582,1.7100000381469727,2.0546700954437256
-609989021485435359,60.998902195590404,-48.54353596378094,1.899999976158142,2.0544259548187256
-609921776485423150,60.992177640827755,-48.54231500516708,1.2400000095367432,0.3831230700016022
-609254444485412767,60.925444498148856,-48.541276734441325,0.3100000023841858,0.19160810112953186
-609327294485393244,60.932729418415036,-48.539324457093755,0.3499999940395355,0.5193572640419006
-610305159485390379,61.03051591408928,-48.53903799872844,1.0800000429153442,1.080271601676941
-610082050485380968,61.00820508611544,-48.53809689651967,2.490000009536743,3.137341022491455
-609973820485379441,60.99738202344789,-48.53794416390841,0.6000000238418579,0.16103717684745789
-609202585485329063,60.92025856219405,-48.53290637250837,1.3600000143051147,1.29002845287323
-610360242485325420,61.03602429655873,-48.532542066543975,2.390000104904175,2.3798601627349854
-610816286485316963,61.0816286286751,-48.53169638927813,2.119999885559082,2.451291084289551
-609875206485300684,60.98752063105992,-48.53006840919658,3.490000009536743,4.016539096832275
-611073762485300601,61.107376297688226,-48.53006019767499,0.6100000143051147,0.5073573589324951
-612007945485289272,61.20079454279428,-48.52892724410383,2.390000104904175,2.2920827865600586
-610463067485286666,61.04630670989355,-48.52866661728256,0.6299999952316284,0.275056928396225
-610761168485268504,61.076116842107965,-48.52685043181783,0.46000000834465027,0.4904879927635193
-611176104485210775,61.11761046787407,-48.52107751874371,3.069999933242798,3.258120059967041
-609834137485189861,60.98341373296947,-48.518986101891855,2.130000114440918,2.144509792327881
-609067190485178968,60.90671900297161,-48.517896847429306,1.649999976158142,2.0545578002929688
-611229293485168716,61.12292939401232,-48.51687167849131,0.6499999761581421,0.6454129219055176
-611130888485106669,61.11308889411766,-48.51066692121063,0.7099999785423279,0.6610812544822693
-609670758485059460,60.96707588037173,-48.505946063071704,2.9700000286102295,3.1760053634643555
-611883071485061683,61.18830718891511,-48.50616836208578,2.5799999237060547,2.765519380569458
-611306215485058257,61.13062158566094,-48.505825710072195,1.2799999713897705,1.3061046600341797
-612189854485050023,61.21898540168482,-48.50500230191514,0.4000000059604645,0.2863173484802246
-611190494485044502,61.11904946922206,-48.50445024945602,1.9500000476837158,1.6993862390518188
-609898982485016860,60.989898246389366,-48.50168602178505,0.800000011920929,0.1597571074962616
-610276167485007696,61.02761679635721,-48.500769625558185,1.0399999618530273,1.025964379310608
-609398405485004008,60.93984052615931,-48.500400807565235,2.75,3.065251350402832
-610862478485006622,61.08624782851098,-48.50066228277599,1.809999942779541,0.21756890416145325
-610504013485003102,61.05040136569919,-48.50031021038612,1.25,1.287590742111206
-611645364484947746,61.16453644775335,-48.49477466318135,1.2200000286102295,1.2559208869934082
-610670636484942851,61.06706366616048,-48.49428519406199,0.6899999976158142,0.29995307326316833
-609554541484928034,60.95545417143323,-48.4928034510664,1.1299999952316284,0.7947906255722046
-609370927484918757,60.93709279116493,-48.49187575232962,1.340000033378601,1.3079298734664917
-612631380484902516,61.2631380145596,-48.49025163735248,0.8600000143051147,0.47990474104881287
-612544033484893123,61.25440339630906,-48.489312312162404,3.430000066757202,4.032880783081055
-610923376484879041,61.09233768660857,-48.48790413461057,2.450000047683716,3.228700876235962
-611176107484839143,61.117610713141275,-48.483914367416965,0.38999998569488525,0.40963393449783325
-610209631484819819,61.02096311273841,-48.48198196152804,3.0799999237060547,3.7465267181396484
-609704312484815152,60.9704312408017,-48.481515247922744,2.5399999618530273,3.303670883178711
-610852634484793515,61.08526341896207,-48.479351570432804,0.699999988079071,0.7097170352935791
-612639350484788518,61.26393509812181,-48.478851803341975,0.27000001072883606,0.3602542579174042
-609664806484772025,60.96648065118902,-48.4772025143472,2.0199999809265137,1.9676668643951416
-612232237484774566,61.223223766742656,-48.47745668308304,0.7799999713897705,0.7654403448104858
-610822922484761592,61.08229226813756,-48.476159255367705,0.6600000262260437,0.6693698763847351
-612210075484671317,61.221007512882125,-48.467131751533,1.1699999570846558,1.0435785055160522
-609997120484653709,60.99971209493281,-48.465370947952266,0.7599999904632568,0.7562300562858582
-612314483484652330,61.23144830888916,-48.46523301616762,1.149999976158142,0.915097177028656
-611230108484651185,61.12301081562406,-48.4651185037432,0.4699999988079071,0.4200693368911743
-611211586484640467,61.12115862887539,-48.46404672378786,1.7799999713897705,0.41661569476127625
-609389193484610284,60.93891935016735,-48.46102845751999,1.8700000047683716,2.054034471511841
-611746877484602720,61.17468772749823,-48.46027208800807,0.4399999976158142,0.44000008702278137
-609475323484588503,60.9475323694485,-48.4588503042956,2.25,2.262143611907959
-611327029484576751,61.13270297238742,-48.457675164298664,1.4900000095367432,0.41717028617858887
-611415397484505485,61.14153976033471,-48.45054851159234,0.6000000238418579,0.7275559306144714
-610131265484493855,61.01312658439458,-48.44938550986291,0.4000000059604645,0.41945308446884155
-609936502484488169,60.9936502885557,-48.448816901956036,1.6699999570846558,1.6959229707717896
-610267530484458249,61.026753074699705,-48.44582490151561,0.9900000095367432,0.34943291544914246
-609050513484415625,60.905051317432104,-48.44156258027501,4.599999904632568,4.580254077911377
-612772542484419651,61.277254255572956,-48.441965144512196,2.2100000381469727,3.058159828186035
-610179215484411927,61.01792157603295,-48.44119278322864,1.899999976158142,3.0425660610198975
-610190478484393042,61.019047854848935,-48.4393042608289,1.8200000524520874,0.9316368103027344
-610896697484384663,61.08966976062226,-48.43846638897628,0.41999998688697815,0.08026346564292908
-609065850484309253,60.90658505498259,-48.430925373736635,2.380000114440918,2.5913352966308594
-611158853484309176,61.115885359836724,-48.430917615390854,3.1700000762939453,0.5338011980056763
-610046347484301491,61.004634771663554,-48.43014919223551,0.27000001072883606,0.239934504032135
-612466304484275015,61.24663043754337,-48.42750156340614,3.569999933242798,3.743748903274536
-609770438484262938,60.97704389667836,-48.426293862654795,1.2300000190734863,0.16019567847251892
-610713507484255294,61.071350775159,-48.425529416832674,0.7400000095367432,0.08390647917985916
-610991301484229367,61.099130143088686,-48.422936773583835,1.4500000476837158,0.3874548673629761
-609454479484218363,60.945447967379465,-48.42183633960073,2.259999990463257,3.221687078475952
-609769412484215676,60.97694127152872,-48.42156760757689,2.25,2.417276620864868
-612141084484195492,61.214108421640084,-48.41954926799622,0.5899999737739563,0.6079511046409607
-612595357484190685,61.25953570294644,-48.419068534818756,1.2100000381469727,1.2011046409606934
-612051500484177317,61.20515002741945,-48.41773175588441,0.8899999856948853,0.32943105697631836
-610776433484173751,61.07764333045429,-48.41737518230602,2.0199999809265137,1.3122563362121582
-611908202484171061,61.19082020475931,-48.41710618544655,2.259999990463257,2.363377332687378
-612188293484156298,61.218829390038,-48.415629842838925,0.25999999046325684,0.26619306206703186
-610272708484102425,61.02727084480206,-48.410242546141646,0.44999998807907104,0.38528937101364136
-610364774484096999,61.03647748184351,-48.409699927517956,1.2000000476837158,1.1829067468643188
-610746556484085551,61.07465567489055,-48.40855516665892,1.4299999475479126,1.3294761180877686
-612046226484049889,61.20462268598445,-48.404988911863896,0.20999999344348907,0.21822941303253174
-611967357484049095,61.19673579525223,-48.404909522142056,2.569999933242798,2.054837703704834
-609741925483986394,60.97419252630219,-48.39863945446385,0.7699999809265137,0.7660090327262878
-609142355483976965,60.914235516319735,-48.397696565400274,0.7799999713897705,0.16176433861255646
-610620060483975484,61.062006015561494,-48.397548465218556,0.6700000166893005,0.697133481502533
-610216768483898588,61.02167689897317,-48.38985884603743,2.619999885559082,2.6500182151794434
-610340016483896474,61.03400165207707,-48.389647493358666,0.8299999833106995,1.0432425737380981
-612324858483891485,61.232485865452865,-48.389148593379396,1.6100000143051147,1.48202383518219
-610630925483889082,61.06309257756341,-48.38890829836131,1.2799999713897705,1.04287850856781
-610034996483887695,61.003499613682244,-48.38876954552545,1.2899999618530273,1.3023542165756226
-610479788483850378,61.04797884176888,-48.38503781799384,0.8399999737739563,1.0424432754516602
-611653480483789286,61.16534800071242,-48.378928632252325,0.30000001192092896,0.2999975383281708
-612459886483762115,61.24598868228114,-48.37621159399028,0.9300000071525574,0.4384527802467346
-609269780483752327,60.92697802841413,-48.37523277325524,3.549999952316284,3.9747490882873535
-611775481483754397,61.17754811665689,-48.37543974155151,1.9800000190734863,2.053662061691284
-612663651483754837,61.26636510075878,-48.37548375353688,0.20000000298023224,0.1310959905385971
-609417949485931480,60.94179490613072,-48.59314808181366,2.240000009536743,2.2622525691986084
-609358191485891947,60.9358191685697,-48.58919471011832,2.6500000953674316,2.814276933670044
-610416751485886367,61.0416751929713,-48.588636711551366,0.4399999976158142,0.5330387949943542
-611346048485788742,61.13460482132279,-48.57887423996484,1.3200000524520874,1.3114092350006104
-610281118485775017,61.028111896706825,-48.57750177042956,1.6200000047683716,1.284055233001709
-609096543485757536,60.90965436113754,-48.57575366973055,2.9700000286102295,3.0436272621154785
-611038433485732362,61.103843318525925,-48.573236256259,3.3499999046325684,3.4293060302734375
-609214685485725178,60.92146858462273,-48.57251785464411,4.539999961853027,4.706443786621094
-611006590485725137,61.100659058277174,-48.57251378873057,1.8200000524520874,0.16100893914699554
-609011099485715609,60.901109921726004,-48.57156093144865,0.6800000071525574,0.7406176328659058
-609564872485713451,60.95648722521576,-48.57134513659046,1.7999999523162842,1.5616127252578735
-610173262485702831,61.01732622188007,-48.5702831686305,2.0799999237060547,0.8024560809135437
-609248884485696857,60.92488840738791,-48.56968572672352,1.659999966621399,0.9383932948112488
-610227575485696165,61.02275750527187,-48.56961659935728,2.0399999618530273,2.083897113800049
-610344813485687310,61.03448137992362,-48.56873107667811,0.9300000071525574,0.6955163478851318
-609740514485676811,60.974051455276204,-48.567681144929516,2.990000009536743,3.0902321338653564
-610593224485673534,61.0593224120341,-48.567353457485076,1.909999966621399,1.5649911165237427
-609231240485658801,60.923124032040846,-48.565880137854414,0.8700000047683716,0.7946870923042297
-609758110485650039,60.975811088632966,-48.565003948006186,3.200000047683716,3.613962173461914
-609203099485644068,60.920309947420265,-48.56440685768298,0.4300000071525574,0.4834606945514679
-610788713485647047,61.0788713447041,-48.564704756876644,1.2100000381469727,1.1219251155853271
-611180994485639395,61.118099465272216,-48.56393951935421,0.6600000262260437,0.689826488494873
-610057110485623045,61.00571103171204,-48.56230459193807,1.9700000286102295,3.183239698410034
-611458262485624124,61.14582627281222,-48.56241241619254,3.869999885559082,4.119380474090576
-609166276485615115,60.916627677065776,-48.561511504112055,1.4500000476837158,1.0735220909118652
-610441277485610754,61.04412773635094,-48.561075421083046,2.0399999618530273,2.0547220706939697
-610748865485607014,61.0748865464219,-48.56070144621745,1.2799999713897705,1.3043169975280762
-608974585485567120,60.897458517030906,-48.55671207788276,0.4099999964237213,0.342503160238266
-611708774485563022,61.17087740727976,-48.55630222854499,1.340000033378601,1.3043972253799438
-611881108485552726,61.188110866945344,-48.55527266552148,2.4100000858306885,3.240553140640259
-609661883485516379,60.96618831966027,-48.551637913097686,1.2699999809265137,1.2886831760406494
-609830400485520119,60.983040011976115,-48.5520119506198,0.6899999976158142,0.7037951946258545
-610376285485489246,61.03762858485533,-48.548924647420826,1.2200000286102295,1.1965692043304443
-609183201485456167,60.91832012093988,-48.545616702410214,0.4699999988079071,0.48283252120018005
-610899535485452096,61.08995351239762,-48.54520963728307,1.5199999809265137,1.3136273622512817
-610544311485451366,61.054431121194526,-48.54513668681838,1.5199999809265137,1.374476432800293
-610595187485413150,61.059518776353066,-48.541315051400886,3.9700000286102295,4.374453544616699
-610805459485405914,61.080545977884135,-48.54059145504821,0.8700000047683716,1.0724154710769653
-611303580485399678,61.130358092314765,-48.53996783642111,0.8899999856948853,0.9396421313285828
-609124009485394451,60.912400977771306,-48.53944518013867,0.4300000071525574,0.5457178354263306
-610869399485377422,61.08693995935102,-48.5377422884689,2.0,2.146050453186035
-611830161485377960,61.18301610189117,-48.53779605295175,1.1799999475479126,0.31422844529151917
-611184431485279866,61.11844315517399,-48.527986676894194,0.7799999713897705,0.7684199213981628
-611939879485280149,61.19398794860733,-48.52801491520248,1.8700000047683716,1.4024893045425415
-611962136485255537,61.19621367247471,-48.52555373480328,2.490000009536743,2.854140520095825
-612153213485226191,61.21532136502089,-48.52261917774282,1.399999976158142,1.5599435567855835
-610311891485218009,61.03118912376569,-48.52180096530406,1.8600000143051147,2.6875054836273193
-609478504485197096,60.947850409982266,-48.519709611686345,2.930000066757202,2.9851062297821045
-611005344485191468,61.100534489187645,-48.51914683946675,0.25,0.23103468120098114
-610966590485156355,61.09665907761632,-48.51563554590503,0.12999999523162842,0.12958775460720062
-612104095485146301,61.21040951084941,-48.51463018537013,0.5899999737739563,0.5905889272689819
-609926456485115028,60.992645657770154,-48.51150286465145,2.5999999046325684,2.915616273880005
-610771195485109192,61.077119568162885,-48.51091924225524,1.1699999570846558,1.188581943511963
-610256385485102655,61.02563857193895,-48.51026555501009,1.9199999570846558,0.3157576620578766
-609982097485093504,60.99820976069308,-48.50935049548892,1.0,1.698784351348877
-612006874485077094,61.200687402628155,-48.50770943006671,4.130000114440918,4.1720147132873535
-610574638485073976,61.057463890725906,-48.50739769255881,2.4600000381469727,3.7425448894500732
-612159345485011814,61.21593450669495,-48.50118142307097,1.2300000190734863,1.2965443134307861
-612416240484992856,61.24162407249703,-48.49928569505581,4.179999828338623,4.3561859130859375
-611989635484985905,61.19896359349659,-48.49859058150065,3.2699999809265137,4.374945163726807
-612244465484958832,61.22444651202087,-48.49588321016075,0.46000000834465027,0.4842381179332733
-609843259484950543,60.98432596182112,-48.49505432619761,2.190000057220459,2.6266469955444336
-612363631484908068,61.236363122092605,-48.49080681074213,3.740000009536743,3.9448659420013428
-610789302484899024,61.078930232398314,-48.48990244198214,1.7200000286102295,0.7998436093330383
-612610820484888300,61.261082032913265,-48.4888300110191,0.44999998807907104,0.09280059486627579
-612088688484882739,61.20886887245366,-48.48827393886241,2.7300000190734863,2.7558913230895996
-611905212484879040,61.19052124404723,-48.48790405691558,2.859999895095825,2.985109567642212
-609406649484863774,60.940664981304515,-48.4863774471962,0.18000000715255737,0.16080759465694427
-611918003484856470,61.19180036051283,-48.485647053348714,4.389999866485596,4.401866436004639
-611928151484843253,61.19281518027774,-48.48432537257951,0.49000000953674316,0.4899989664554596
-609939643484812438,60.993964307049126,-48.481243883409384,1.5,1.303595781326294
-612602072484784857,61.26020721915282,-48.478485709635095,2.9600000381469727,3.1531214714050293
-611207107484780074,61.120710703440686,-48.47800747082528,0.46000000834465027,0.5326789617538452
-610882286484777123,61.08822868186127,-48.47771237109762,4.050000190734863,4.282774448394775
-610589471484773484,61.0589471862554,-48.47734845620277,3.0,3.2723612785339355
-612692111484766054,61.26921119183632,-48.47660541536068,0.8500000238418579,0.8369953036308289
-612238379484752894,61.22383795113348,-48.475289478066664,0.8199999928474426,0.7621794939041138
-611616961484747408,61.16169615716885,-48.474740836826506,1.940000057220459,1.963168740272522
-609559287484743068,60.95592876759713,-48.47430685785748,1.3200000524520874,1.2467808723449707
-610653572484731797,61.06535727594964,-48.47317977393879,1.809999942779541,1.323952317237854
-609224055484727781,60.92240556505034,-48.47277819763509,2.5299999713897705,0.9319517016410828
-611484099484731331,61.14840994176981,-48.473133131018834,0.7300000190734863,0.5057883858680725
-611878560484700082,61.187856028498594,-48.47000824884136,0.49000000953674316,0.5058638453483582
-609236374484693739,60.92363746007788,-48.46937395965552,0.36000001430511475,0.336658239364624
-610066476484690415,61.00664760811975,-48.469041538979766,4.079999923706055,4.756458759307861
-611066650484691053,61.106665078994254,-48.46910538261005,0.38999998569488525,0.15997427701950073
-611222341484679996,61.12223419493608,-48.467999688320205,2.369999885559082,2.6960277557373047
-610554680484686337,61.055468075377,-48.46863374103904,0.8899999856948853,0.9051662683486938
-609713162484671215,60.971316200689095,-48.467121583136624,1.8700000047683716,1.56179940700531
-609843140484648660,60.9843140937921,-48.464866055303084,0.9800000190734863,1.041094183921814
-610195836484582516,61.01958362637629,-48.45825165251588,1.649999976158142,1.4094053506851196
-611616383484584476,61.161638328881374,-48.4584476384339,3.6700000762939453,3.904294013977051
-612402744484554154,61.24027445429322,-48.455415417961845,0.800000011920929,0.5550004243850708
-609305485484498453,60.93054857447558,-48.44984530430781,3.440000057220459,3.8114912509918213
-611199748484475037,61.119974893108086,-48.447503729113116,2.4800000190734863,2.4723246097564697
-610082105484465214,61.008210501188195,-48.446521400953436,1.5399999618530273,0.9320857524871826
-610465789484459138,61.04657893765677,-48.44591380382405,0.7900000214576721,0.48164549469947815
-610168305484454818,61.01683057033353,-48.4454818824602,2.4000000953674316,2.574375629425049
-610255108484390286,61.025510829933324,-48.43902862939561,1.9600000381469727,1.9973034858703613
-611199810484377102,61.11998100921093,-48.43771023409352,1.2999999523162842,0.3210543990135193
-611454453484375106,61.14544536290879,-48.43751064322963,1.0499999523162842,1.0482980012893677
-611863139484362743,61.1863139715939,-48.43627431908715,0.5099999904632568,0.5076627731323242
-612357794484343625,61.23577946650447,-48.434362526847366,3.0799999237060547,3.6174533367156982
-609037352484328322,60.9037352566371,-48.43283227601152,1.659999966621399,1.6910210847854614
-611393681484302159,61.13936816647934,-48.430215971276134,1.1100000143051147,1.145810604095459
-609381807484290693,60.93818073070529,-48.42906934853244,2.2100000381469727,2.6896183490753174
-611371887484274007,61.13718878611328,-48.427400766958094,0.9599999785423279,0.9797146320343018
-609294301484240991,60.92943012370711,-48.42409918776388,1.4900000095367432,1.4220045804977417
-611287387484241391,61.12873876699429,-48.42413913202889,4.429999828338623,4.430909633636475
-611755675484231348,61.17556751235962,-48.42313488377552,1.0700000524520874,1.0099365711212158
-611133240484217734,61.113324076303,-48.42177347233322,0.7699999809265137,0.7684701681137085
-609074869484163151,60.907486935899065,-48.416315176636274,0.6700000166893005,0.708410918712616
-610414879484152360,61.0414879177357,-48.415236062154754,2.4800000190734863,3.1544620990753174
-610133894484130696,61.01338941991094,-48.41306963770168,0.46000000834465027,0.48066118359565735
-612066693484125758,61.20666937153162,-48.4125758430197,0.46000000834465027,0.41904187202453613
-609243315484094157,60.924331507860565,-48.40941577062413,1.2999999523162842,1.3073399066925049
-609816960485982895,60.98169602283648,-48.598289586072205,1.5199999809265137,1.2845802307128906
-609813815485966332,60.981381539881184,-48.59663329770543,0.28999999165534973,0.08345860987901688
-610630707485948673,61.06307073718676,-48.594867353777836,0.3499999940395355,0.3459911346435547
-610210546485916002,61.02105465875016,-48.59160028387312,0.30000001192092896,0.29841089248657227
-609032943485892198,60.903294325383776,-48.589219833008634,1.6200000047683716,1.69223153591156
-610148031485876080,61.01480310712057,-48.58760801352577,0.4000000059604645,0.45786505937576294
-610927951485823078,61.092795187370214,-48.58230784989522,1.0399999618530273,1.0077414512634277
-610376539485799041,61.037653932619946,-48.57990415164307,2.640000104904175,2.850325584411621
-609899060485773193,60.989906000117166,-48.577319337848984,1.309999942779541,1.3209518194198608
-611345421485775424,61.13454218294053,-48.57754243415034,2.009999990463257,2.054793357849121
-609474596485768705,60.947459614018506,-48.576870581105325,1.2999999523162842,1.3062586784362793
-610685319485730733,61.06853190527636,-48.57307330460012,0.550000011920929,0.47669804096221924
-608994700485725487,60.89947004178344,-48.572548725654876,2.6600000858306885,3.408115863800049
-610206425485705081,61.020642531708425,-48.570508135800885,1.6100000143051147,1.0615068674087524
-610181458485695513,61.018145808108606,-48.56955135209606,0.5699999928474426,0.14478567242622375
-610836066485692814,61.08360668696594,-48.56928147618603,1.2799999713897705,1.2809873819351196
-610605504485688772,61.06055048374179,-48.568877277897855,0.8999999761581421,0.3486173748970032
-609927513485675422,60.99275130868668,-48.56754223528968,2.180000066757202,2.435149908065796
-610214161485607090,61.021416186561915,-48.56070907500758,1.0499999523162842,0.41074663400650024
-609790231485552098,60.97902311167934,-48.55520986047876,0.30000001192092896,0.34699031710624695
-610722369485523775,61.07223699478279,-48.552377576584625,2.190000057220459,0.31686079502105713
-611920135485497722,61.19201350148544,-48.54977224915372,1.149999976158142,1.1090768575668335
-610234945485483864,61.023494502421215,-48.54838646438395,3.240000009536743,3.4622442722320557
-610871904485468083,61.0871904901161,-48.546808389448806,0.30000001192092896,0.28435012698173523
-611910291485458842,61.19102912343824,-48.54588424790065,1.2899999618530273,1.3296304941177368
-611175294485426499,61.117529453677065,-48.54264999521099,1.850000023841858,2.054568290710449
-610434345485417397,61.04343456060872,-48.541739781335686,1.909999966621399,2.0543975830078125
-609162209485411404,60.91622094802304,-48.541140428213126,0.3700000047683716,0.36861884593963623
-610370887485364273,61.03708878811696,-48.536427387067334,1.2400000095367432,1.2958664894104004
-611236405485360436,61.12364051902492,-48.53604364976602,1.840000033378601,1.5605626106262207
-610049832485344017,61.004983291876584,-48.534401719967434,0.11999999731779099,0.0667295753955841
-610536763485296300,61.05367632325924,-48.52963007267083,0.6399999856948853,0.1612648367881775
-609722887485247325,60.97228874869297,-48.52473257643961,0.5699999928474426,0.5936179757118225
-610872694485229343,61.08726947061493,-48.522934337649644,0.30000001192092896,0.29602089524269104
-608982598485210805,60.898259826910255,-48.52108050921268,1.190000057220459,1.4061338901519775
-609312776485208225,60.93127765517042,-48.52082250254628,0.36000001430511475,0.33343803882598877
-611840177485203386,61.1840177333742,-48.520338684075156,2.3399999141693115,2.281557559967041
-610723783485168629,61.07237835066255,-48.51686292792802,2.200000047683716,2.2710113525390625
-612117764485110279,61.211776489202585,-48.51102799328,2.9600000381469727,3.1060752868652344
-610292029485106278,61.029202907351824,-48.51062785625826,0.5099999904632568,0.29482173919677734
-609317838485057983,60.93178385943558,-48.50579838237183,0.36000001430511475,0.3514243960380554
-611823877485061595,61.18238770170823,-48.50615952519037,0.4099999964237213,0.0669841319322586
-612469663485051764,61.24696631620417,-48.50517645528926,1.0199999809265137,1.041204571723938
-611048167485046271,61.10481672015344,-48.504627139265075,1.5199999809265137,1.559317946434021
-609540050485042454,60.954005057497476,-48.504245468167106,3.859999895095825,4.238824844360352
-611070866485020223,61.10708660329495,-48.50202238610528,0.7400000095367432,0.16122661530971527
-610160258485001090,61.016025816155526,-48.50010906618759,3.559999942779541,3.7326290607452393
-612289199485002598,61.22891993348118,-48.50025982089346,1.9500000476837158,2.0540425777435303
-611722366484984082,61.17223660556952,-48.49840823859613,0.9800000190734863,0.9667991995811462
-612093062484954117,61.20930624324418,-48.4954117706598,3.6700000762939453,3.6626501083374023
-612132836484904765,61.213283621756524,-48.490476594442704,0.3700000047683716,0.3979836404323578
-611325531484889898,61.13255313113301,-48.488989883353575,2.5799999237060547,2.6160905361175537
-609248777484883453,60.92487770167603,-48.48834537047788,1.0299999713897705,1.0434691905975342
-610762826484852749,61.076282622042704,-48.485274929892405,0.3799999952316284,0.36905142664909363
-610479024484837583,61.0479024989313,-48.483758388374454,0.3100000023841858,0.30024251341819763
-609440264484816809,60.9440264874705,-48.481680948564666,0.9900000095367432,0.48368555307388306
-612552242484818891,61.255224248355326,-48.48188916808185,2.0399999618530273,2.238393783569336
-611189443484806830,61.11894433266337,-48.48068302793049,0.5099999904632568,0.4127943217754364
-611304760484806457,61.13047601850116,-48.48064571547049,0.7599999904632568,0.7607460021972656
-610678976484767253,61.067897687016874,-48.476725324210435,0.5799999833106995,0.3666504919528961
-610922349484786709,61.092234936629886,-48.47867090289422,2.700000047683716,0.698155403137207
-612083746484784405,61.20837468614748,-48.4784405447688,0.800000011920929,0.8632702827453613
-610112457484777215,61.011245712764655,-48.47772156363856,2.0399999618530273,0.9324841499328613
-612594760484748498,61.25947602753454,-48.47484982704644,1.659999966621399,1.487796425819397
-610182336484738003,61.01823360873853,-48.47380036822207,2.4000000953674316,2.4957125186920166
-610282698484731675,61.0282698866745,-48.47316750601705,0.9700000286102295,0.42371851205825806
-610348573484712841,61.0348573967677,-48.471284158360746,2.740000009536743,2.8542587757110596
-610906871484691510,61.090687130216594,-48.46915102954264,2.950000047683716,0.4098219573497772
-610414640484650764,61.04146402374388,-48.46507646974789,1.7200000286102295,1.6230807304382324
-612206894484644391,61.2206894876734,-48.46443919312809,0.6000000238418579,0.5997951030731201
-612747685484635102,61.27476851915397,-48.463510284499606,0.6399999856948853,0.7911999225616455
-609944131484620844,60.994413190080486,-48.4620844714204,1.649999976158142,1.6262000799179077
-609637917484590436,60.963791741411214,-48.459043692393635,3.3399999141693115,3.4534361362457275
-609581428484589569,60.9581428572243,-48.45895691080971,1.0499999523162842,0.6955506205558777
-610431191484585765,61.04311918725052,-48.45857650092225,0.4300000071525574,0.4240330159664154
-612461141484575295,61.246114106254495,-48.45752955541768,0.6800000071525574,0.4137363135814667
-609922974484551171,60.992297404307415,-48.455117132622945,1.409999966621399,1.5985329151153564
-610268987484481750,61.026898765437394,-48.448175011652765,1.0499999523162842,1.0413734912872314
-610617869484407897,61.061786906013104,-48.44078977625235,1.4800000190734863,1.4361482858657837
-610612792484406137,61.06127926752803,-48.440613755272814,1.3700000047683716,1.4003956317901611
-612668019484363639,61.266801921640436,-48.436363962761554,0.699999988079071,0.6650590300559998
-609676435484356660,60.967643515193636,-48.43566601068117,3.549999952316284,4.14878511428833
-611846448484302656,61.18464488179072,-48.430265630047074,1.3200000524520874,1.302976131439209
-611437563484296782,61.143756306434355,-48.4296782102655,1.3600000143051147,1.334111213684082
-609971406484243909,60.99714061954098,-48.42439093913421,1.25,1.315867304801941
-609267905484235069,60.92679056342754,-48.423506916975036,3.680000066757202,3.9730989933013916
-610727281484235528,61.07272818302697,-48.42355281610189,1.940000057220459,0.161282017827034
-611188251484232896,61.11882519411571,-48.423289654632114,0.5199999809265137,0.16202883422374725
-611425242484230585,61.14252420419673,-48.42305858198374,1.5199999809265137,1.3044342994689941
-611871935484224664,61.18719350760756,-48.42246649714427,1.1299999952316284,1.1237934827804565
-612586377484210923,61.25863778920819,-48.42109231604043,4.289999961853027,4.328861713409424
-611131926484202539,61.11319265866159,-48.42025391640974,3.5399999618530273,3.5985267162323
-610687103484174184,61.0687103744063,-48.41741845095215,2.1500000953674316,2.220491886138916
-610852414484172774,61.08524144972322,-48.417277487452,1.559999942779541,1.5616295337677002
-612928150484151030,61.292815088500305,-48.415103002279594,3.0,3.6029536724090576
-612472686484149144,61.24726864649747,-48.414914449375395,3.1600000858306885,3.665313482284546
-612908478484146662,61.29084789713643,-48.41466625621294,1.5199999809265137,0.3988146483898163
-611839425484137309,61.18394252892112,-48.41373094756153,4.360000133514404,4.7140212059021
-612794488484137294,61.27944880794689,-48.413729435980706,2.8399999141693115,0.5327557921409607
-609695086484119371,60.96950863111634,-48.4119371092483,4.369999885559082,4.373557090759277
-610253430484089563,61.02534305351599,-48.40895637562327,0.4000000059604645,0.4229893088340759
-612629823484084293,61.26298233434908,-48.40842935219608,3.609999895095825,3.830332040786743
-610686805484079063,61.06868057627985,-48.407906376625434,2.109999895095825,2.6065704822540283
-611316681484050995,61.13166811046326,-48.4050995224853,0.8100000023841858,0.7900238633155823
-611728283484047801,61.17282833541076,-48.4047801632588,3.299999952316284,3.6565513610839844
-609874482484028862,60.98744821277276,-48.40288625584357,2.2100000381469727,2.7633752822875977
-609826731484016981,60.98267314416301,-48.40169819210609,1.7599999904632568,1.6926352977752686
-609436440483988091,60.9436440665575,-48.3988091867592,0.699999988079071,0.6825403571128845
-609267409483977794,60.926740965769945,-48.39777949746603,2.7200000286102295,0.3461466431617737
-611756984483975572,61.17569842670015,-48.39755720364077,1.9500000476837158,1.848618507385254
-611239626483967334,61.12396268642922,-48.396733413496065,1.409999966621399,1.0255200862884521
-609797007483944071,60.97970078369116,-48.39440711311603,2.3499999046325684,2.524029493331909
-609316724483941291,60.9316724495862,-48.39412916271768,0.8500000238418579,0.44842302799224854
-610129257483915732,61.012925750315,-48.39157324521201,2.1600000858306885,2.249884605407715
-612049724483886707,61.204972451761336,-48.3886707885802,2.1700000762939453,2.186011552810669
-609173062483869833,60.91730623871954,-48.38698337709925,0.6100000143051147,0.6103187203407288
-609952505485961364,60.9952505496208,-48.59613648055325,2.049999952316284,3.0556230545043945
-610426155485936419,61.04261550540951,-48.59364192287612,1.7400000095367432,1.699777364730835
-610177733485912194,61.01777333946947,-48.5912194755039,2.390000104904175,0.9679831862449646
-610870164485897483,61.087016419200665,-48.58974833169187,0.7799999713897705,0.7890592813491821
-610080269485871920,61.008026967338566,-48.587192016048164,0.41999998688697815,0.45513904094696045
-610504237485793236,61.05042370123464,-48.57932367773526,0.7900000214576721,0.07146495580673218
-610589504485747639,61.05895047050967,-48.574763914663855,3.569999933242798,3.9843225479125977
-611553207485702484,61.15532079065675,-48.57024848756541,0.9800000190734863,0.9900385141372681
-611566505485651604,61.156650528243,-48.565160456258276,0.6399999856948853,0.28606176376342773
-611758334485586830,61.17583347072313,-48.558683071115375,0.4699999988079071,0.38243111968040466
-609434661485552189,60.94346615653786,-48.555218999178734,1.5299999713897705,1.5102540254592896
-610756148485551578,61.07561487091727,-48.55515786651834,2.4600000381469727,3.6564767360687256
-610548899485550399,61.05488991389088,-48.55503997404844,1.4800000190734863,1.5064513683319092
-611416789485537302,61.14167898267944,-48.55373026084082,1.5499999523162842,1.6932790279388428
-611889591485511674,61.18895919732923,-48.55116746305858,0.3799999952316284,0.4195731580257416
-610473467485459472,61.04734676682911,-48.54594725876297,0.25,0.2482132911682129
-610316482485459067,61.031648287690466,-48.54590674999266,0.44999998807907104,0.42179417610168457
-609944965485384370,60.994496584898265,-48.53843703132331,1.4800000190734863,0.1594056785106659
-610836071485358997,61.083607149581134,-48.5358997602818,2.7200000286102295,3.1020331382751465
-612121917485357845,61.21219172087574,-48.535784510798955,0.6200000047683716,0.6605985760688782
-611342901485328833,61.13429012683543,-48.53288333873253,0.9700000286102295,0.15936847031116486
-609490341485321268,60.949034148389366,-48.532126865930074,2.299999952316284,3.187163829803467
-611373761485315037,61.137376125488565,-48.53150374402328,1.6299999952316284,4.706387519836426
-609375612485306722,60.93756122994507,-48.53067226988442,0.6800000071525574,0.7949991226196289
-610872248485288605,61.087224844084794,-48.52886057898886,2.930000066757202,3.052320957183838
-611770671485266252,61.17706717033335,-48.526625282380195,0.949999988079071,1.0117404460906982
-610735174485243954,61.073517433362255,-48.52439540143707,1.1200000047683716,1.0428463220596313
-609028097485216807,60.902809777822256,-48.521680702566,1.190000057220459,1.172247290611267
-609535269485202927,60.95352690907137,-48.52029277693312,3.299999952316284,3.370061159133911
-611010686485197468,61.10106867495225,-48.519746889945985,0.20999999344348907,0.07318153232336044
-611025450485186027,61.102545063375196,-48.518602710961645,1.5199999809265137,1.253298044204712
-610796516485106689,61.07965161821153,-48.51066899290228,0.75,0.5383306741714478
-609068786485073560,60.90687865633014,-48.50735607927196,4.340000152587891,4.3419342041015625
-611517196485075932,61.15171962697131,-48.5075932960977,2.0,1.6995337009429932
-609392336485058770,60.939233630711826,-48.50587708135718,0.49000000953674316,0.5017783045768738
-610311598485044296,61.03115985159876,-48.50442962004602,0.36000001430511475,0.2765862047672272
-611925240485022694,61.19252405472837,-48.50226940244003,2.180000066757202,3.161074638366699
-610042199485004911,61.00421997542772,-48.50049116429966,2.140000104904175,2.498253345489502
-611940868484973716,61.194086822496104,-48.49737164335412,2.190000057220459,1.4026892185211182
-611426742484967569,61.14267429417129,-48.49675692244179,1.0700000524520874,0.3141200542449951
-611929010484937241,61.19290102539917,-48.49372413129006,1.5199999809265137,1.4015666246414185
-611591998484936026,61.159199876343365,-48.49360266401132,5.989999771118164,5.974172592163086
-609476010484906607,60.94760109922866,-48.49066076427769,0.8299999833106995,0.8579370379447937
-611418986484910202,61.14189861508439,-48.491020237904166,0.23000000417232513,0.21897178888320923
-610358516484896766,61.035851686233265,-48.48967664345777,0.33000001311302185,0.3143555819988251
-610789581484868580,61.07895813476824,-48.4868580109798,1.4700000286102295,1.5594274997711182
-609014499484825748,60.901449964763366,-48.48257489508636,1.4299999475479126,1.444695234298706
-611298769484800910,61.129876952057316,-48.48009109279253,0.6899999976158142,0.6921253204345703
-609092440484785410,60.90924409352918,-48.4785410633461,2.509999990463257,2.4603707790374756
-611218635484758824,61.12186357957858,-48.47588241701711,0.9900000095367432,0.9933278560638428
-609765704484755433,60.97657047326112,-48.47554336974052,0.8999999761581421,0.9866555333137512
-609824503484744775,60.982450303084526,-48.47447758535401,0.8899999856948853,0.8904080390930176
-612322737484733764,61.23227375405373,-48.473376480930604,2.7200000286102295,3.2235004901885986
-609281856484721956,60.92818567461611,-48.47219560151236,3.369999885559082,3.9885025024414062
-610347213484721260,61.034721307819865,-48.47212609755959,1.4900000095367432,0.41181081533432007
-612181755484712210,61.2181755198329,-48.47122105286531,2.009999990463257,0.2854069769382477
-609985069484700350,60.99850695469856,-48.47003506290981,1.0299999713897705,1.0767560005187988
-611009076484672856,61.10090760659942,-48.46728563794507,0.5600000023841858,0.48041006922721863
-610618499484671318,61.06184996294661,-48.46713189350756,1.7799999713897705,1.7047367095947266
-609692784484632154,60.96927845054894,-48.46321542224235,0.6399999856948853,3.168992519378662
-609664306484612590,60.96643062792752,-48.461259065097664,1.0499999523162842,0.5720124840736389
-611828150484611113,61.18281506220056,-48.46111139149883,1.0499999523162842,1.0918939113616943
-611666974484603690,61.16669743377321,-48.46036904897196,1.0299999713897705,0.9893689751625061
-610932571484590475,61.09325713801684,-48.459047560548015,1.2999999523162842,0.4812294840812683
-610444902484570466,61.044490253909125,-48.45704661523407,0.6299999952316284,0.6347173452377319
-609232018484564971,60.92320182974113,-48.45649719035332,1.5499999523162842,1.5583341121673584
-609903769484529644,60.990376959256615,-48.452964465594064,2.4000000953674316,2.56712007522583
-610196660484522536,61.01966603699012,-48.45225369227886,1.2400000095367432,1.1961044073104858
-612692715484453135,61.26927158824771,-48.44531353797881,3.9000000953674316,4.376450538635254
-609836341484448804,60.98363412451424,-48.44488041041515,1.7100000381469727,1.1870028972625732
-612279314484438946,61.22793147450121,-48.44389462721327,1.4800000190734863,1.6921870708465576
-609792382484431294,60.979238283595976,-48.44312943693864,2.0799999237060547,2.210789203643799
-609861876484379006,60.986187699995526,-48.43790069526174,3.130000114440918,3.394439220428467
-612589428484378291,61.25894288818108,-48.43782914898895,1.590000033378601,1.5772430896759033
-610311887484362732,61.03118878631473,-48.43627326533045,0.8600000143051147,0.32266518473625183
-611319004484361487,61.13190041175423,-48.43614870317298,2.2200000286102295,2.655344247817993
-611837695484330563,61.183769582977284,-48.43305636103946,1.5099999904632568,1.5111202001571655
-610491993484320754,61.0491993249817,-48.43207546948248,0.9399999976158142,0.914605438709259
-612745411484319156,61.27454119353678,-48.431915634549924,1.1299999952316284,0.40941935777664185
-609703170484297436,60.97031706187856,-48.42974363286118,2.049999952316284,2.1409621238708496
-609882849484293621,60.988284996894876,-48.42936216057377,2.450000047683716,3.1707663536071777
-610406274484290721,61.04062748894067,-48.42907217829602,0.7300000190734863,0.7607464790344238
-610182619484279804,61.0182619878216,-48.42798049983752,2.190000057220459,0.24907277524471283
-609670929484275499,60.96709290354422,-48.427549904111956,2.9600000381469727,3.039839744567871
-612911737484264469,61.29117377196063,-48.42644697722744,2.8399999141693115,0.7635268568992615
-612965680484259273,61.29656800278968,-48.425927393412884,0.9900000095367432,0.9981386065483093
-611854576484258553,61.185457647201424,-48.42585533456426,3.3299999237060547,3.658571243286133
-608983528484225180,60.89835283447474,-48.42251801363488,3.6500000953674316,4.213229656219482
-609876565484217542,60.987656514511954,-48.42175429465733,1.690000057220459,1.6656782627105713
-610019899484193655,61.00198997694419,-48.41936554436887,3.4200000762939453,4.170653820037842
-610550204484162920,61.055020417543155,-48.41629202756324,0.8899999856948853,0.8351813554763794
-612997852484122319,61.299785200852355,-48.412231955943504,3.0999999046325684,3.8807528018951416
-609697693484107587,60.96976933457059,-48.41075879246838,4.239999771118164,4.240819454193115
-610320434484099914,61.032043414543494,-48.40999143939669,0.75,0.7128692269325256
-609122860484084870,60.91228608862045,-48.408487011635174,0.4000000059604645,0.35865727066993713
-609943927484035496,60.99439279189124,-48.40354966825753,1.2699999809265137,1.3126449584960938
-610712527484020552,61.07125272775881,-48.40205521885556,2.0899999141693115,0.2761405408382416
-612103189483998111,61.21031894170937,-48.39981115037844,3.8299999237060547,4.374203681945801
-611818295483983583,61.181829516042704,-48.39835838836734,1.1799999475479126,0.16131190955638885
-612413835483982629,61.24138354138236,-48.398262922943175,0.5400000214576721,0.6055581569671631
-610481146483973204,61.04811467301119,-48.3973204248377,1.75,2.054074287414551
-609892966483949650,60.98929668309584,-48.39496507472958,1.649999976158142,1.5867249965667725
-611571818483955288,61.15718186932547,-48.395528845173516,3.9600000381469727,3.9430932998657227
-612830113483938501,61.28301130891199,-48.393850104020785,1.8700000047683716,1.7338454723358154
-612642032483931791,61.26420320041421,-48.39317910347555,0.7300000190734863,0.7853670716285706
-609252791483922798,60.92527911875378,-48.39227985218713,1.5800000429153442,1.309214472770691
-610357645483827815,61.03576451543187,-48.38278156126173,1.350000023841858,1.19778573513031
-612167906483817684,61.21679066118842,-48.38176841622448,3.059999942779541,3.3564367294311523
-611229042483763211,61.12290428454195,-48.376321187464384,3.7799999713897705,4.65114164352417
-611494050483746073,61.1494050862254,-48.37460737822575,1.100000023841858,1.141624927520752
-611077069483728000,61.107706955007956,-48.37280004399507,0.3499999940395355,0.3131164312362671
-611086600483720478,61.108660035633726,-48.37204786963048,1.159999966621399,1.5061943531036377
-610521555483687066,61.05215555550481,-48.36870669031722,,
-611021428483701450,61.10214283600967,-48.37014508353627,2.0999999046325684,2.739943265914917
-612584367483687205,61.258436704159756,-48.36872057278404,3.1500000953674316,3.1454362869262695
-610846311483649428,61.08463119816856,-48.36494283527332,2.059999942779541,2.054072380065918
-611179998483765915,61.11799981471175,-48.37659153831094,3.740000009536743,3.948270082473755
-612819722483683702,61.28197221601226,-48.36837028007938,2.319999933242798,0.4087052643299103
-612495470483664620,61.24954706392271,-48.366462018180485,0.949999988079071,1.0409703254699707
-610494644483610004,61.04946442960682,-48.36100047983806,1.4299999475479126,1.4043757915496826
-609183785483578449,60.91837853643899,-48.35784493241571,3.490000009536743,4.746284008026123
-610566588483569249,61.05665880818038,-48.35692490565877,1.690000057220459,1.6951143741607666
-610568468483568528,61.05684685092252,-48.35685283490088,1.7100000381469727,2.0542757511138916
-612245261483541751,61.22452611899357,-48.354175171128865,3.5899999141693115,4.201997756958008
-610504607483532680,61.05046078937443,-48.353268077362394,0.6399999856948853,0.629815399646759
-612742981483533691,61.27429818532337,-48.353369197065454,3.7699999809265137,4.008729934692383
-610559392483509524,61.055939236752,-48.35095242601343,0.5799999833106995,0.31295883655548096
-612719501483507796,61.27195012338846,-48.35077965986604,1.5199999809265137,0.20680654048919678
-611080982483461911,61.108098221782505,-48.34619111006457,0.949999988079071,1.0855542421340942
-612416053483459543,61.24160531063091,-48.34595439741525,4.340000152587891,4.701136112213135
-611436526483382757,61.143652692760604,-48.33827579126019,0.38999998569488525,0.3009631335735321
-612037182483342669,61.203718213309116,-48.33426692802602,2.2200000286102295,2.263307809829712
-609200363483332643,60.920036371424004,-48.333264331452106,2.440000057220459,3.351820707321167
-608999046483330333,60.89990466660561,-48.33303336509813,0.8100000023841858,0.15997186303138733
-609151889483317525,60.91518895689302,-48.33175257894086,0.25,0.25421079993247986
-610132656483312076,61.01326565427128,-48.3312076231835,1.25,1.3068605661392212
-612065768483311215,61.20657687001349,-48.33112159467463,1.8899999856948853,1.8635634183883667
-612395087483305452,61.23950871868034,-48.330545258589105,1.4900000095367432,1.4984257221221924
-610288336483293335,61.02883362389081,-48.329333586811615,1.0800000429153442,0.5550192594528198
-610826645483280496,61.08266459928838,-48.328049658214134,2.890000104904175,3.2224607467651367
-610729944483220599,61.07299444212363,-48.32205997985564,1.159999966621399,0.9400250315666199
-611026729483223607,61.102672906022946,-48.32236077100903,3.130000114440918,3.3202412128448486
-612677301483210889,61.267730168852026,-48.321088964137665,0.8199999928474426,1.0426313877105713
-609049224483194209,60.90492243950294,-48.31942095161821,1.4299999475479126,1.3770307302474976
-610434154483182863,61.04341540546317,-48.318286317024715,2.4200000762939453,2.291557788848877
-609911682483173117,60.99116822406999,-48.31731173205369,4.360000133514404,4.700078010559082
-611166637483141857,61.11666373622893,-48.31418573383337,4.210000038146973,4.374369144439697
-609816380483120344,60.98163804192482,-48.312034405366504,3.490000009536743,4.0049638748168945
-609557267483117010,60.9557267711228,-48.31170109809301,0.47999998927116394,0.2987983226776123
-612319561483094954,61.23195615783483,-48.309495426526766,0.3700000047683716,0.36960262060165405
-610735903483077839,61.07359030727216,-48.30778391079886,2.0,2.171654224395752
-612224408483054367,61.22244082057856,-48.305436705767264,1.7999999523162842,1.7031452655792236
-610463541483044271,61.04635416239037,-48.30442710508316,0.6100000143051147,0.5055969953536987
-611305356483044471,61.1305356355123,-48.304447120678894,0.8799999952316284,0.8356039524078369
-610913052483027405,61.09130521547391,-48.30274056626049,2.490000009536743,2.7023837566375732
-610951307482990158,61.095130798921744,-48.29901589058091,0.7799999713897705,0.33737024664878845
-611839422482976521,61.183942223564785,-48.297652155083284,2.4000000953674316,2.663703680038452
-611787108482950571,61.178710848208574,-48.2950571105139,1.2100000381469727,1.307302713394165
-609637301482922976,60.963730164356555,-48.29229761174141,0.20000000298023224,0.2095503807067871
-610483115482878156,61.048311573761836,-48.287815680960826,0.8999999761581421,0.8906682133674622
-611611335482875198,61.1611335616454,-48.28751987176598,2.950000047683716,0.9425796270370483
-609547734482849315,60.95477348503627,-48.28493159330193,3.319999933242798,4.838437557220459
-611328225482842210,61.132822590221984,-48.28422107551719,0.8799999952316284,0.8769199252128601
-609762533482835372,60.97625334992803,-48.283537259347575,3.4100000858306885,3.4997105598449707
-609992053482777342,60.999205358861964,-48.27773424593095,0.550000011920929,0.32058197259902954
-610575003482775132,61.05750037516099,-48.27751328302731,4.559999942779541,5.502852916717529
-610427337482747628,61.042733770620636,-48.27476281038096,1.9900000095367432,2.0354995727539062
-610673733482733430,61.06737336809611,-48.273343030987924,3.0899999141693115,3.0997612476348877
-611019691482724918,61.10196916829741,-48.272491878875165,0.800000011920929,0.8011611104011536
-609083584482649322,60.90835842014462,-48.26493227309406,0.7599999904632568,0.7590637803077698
-610853040482649692,61.085304027028855,-48.26496922814189,1.1100000143051147,1.0425515174865723
-611093082482647298,61.109308221431625,-48.26472989391991,0.7799999713897705,0.7827337384223938
-611556916482646739,61.15569162093932,-48.264673960958035,2.240000009536743,2.768493413925171
-609396474482630411,60.93964744223404,-48.263041146423205,1.0299999713897705,1.0337532758712769
-610543433482580419,61.05434336700882,-48.25804197652448,0.4699999988079071,0.47830069065093994
-610724924482556103,61.07249246390456,-48.25561035774792,0.46000000834465027,0.4696910083293915
-610243133482544292,61.02431332332521,-48.25442924588329,0.25,0.19717568159103394
-609812081482518837,60.981208142731745,-48.25188379797496,1.6399999856948853,3.1577699184417725
-611729512482514805,61.172951219904135,-48.251480515633624,3.1500000953674316,3.4527499675750732
-611911801482475587,61.19118015872856,-48.247558759612325,1.5700000524520874,2.0542972087860107
-609662414485977913,60.966241488394154,-48.59779133273694,2.6500000953674316,3.7771222591400146
-610669134485846691,61.06691344640283,-48.58466918055034,1.3200000524520874,1.2660390138626099
-610966891485777641,61.09668917229824,-48.57776417646027,3.4200000762939453,4.580101013183594
-610504477485663436,61.05044774307894,-48.56634362370633,2.0399999618530273,2.054295778274536
-610904002485613292,61.09040020983885,-48.561329259880594,1.0399999618530273,0.32126379013061523
-610828131485527730,61.08281312070761,-48.55277300543461,1.3200000524520874,0.7969021797180176
-611874352485482571,61.187435222644986,-48.54825719011391,1.1200000047683716,0.5374322533607483
-609339043485411632,60.93390438306737,-48.541163221408915,2.490000009536743,1.409919023513794
-609271430485404737,60.927143088153244,-48.54047379903919,3.2799999713897705,4.798647403717041
-609760992485392435,60.97609922501384,-48.53924354226685,2.9700000286102295,1.302585244178772
-610904904485313679,61.09049046541863,-48.53136790244511,1.2599999904632568,1.3783278465270996
-610644194485065659,61.06441943124075,-48.50656590744907,0.7699999809265137,0.7640637755393982
-610340486485049807,61.03404861142039,-48.50498073041155,3.5299999713897705,4.004354476928711
-609335547484923667,60.93355473409826,-48.49236673354183,1.1699999570846558,1.089174509048462
-610169212484897318,61.0169212114095,-48.48973180496676,3.0399999618530273,3.335627317428589
-611963683484797144,61.196368396416275,-48.479714479181276,2.799999952316284,1.3033939599990845
-612711466484768459,61.27114665561676,-48.47684591007441,2.440000057220459,1.0424280166625977
-611482180484730769,61.14821803266672,-48.473076941732685,1.0,0.9397451877593994
-611506600484707221,61.150660072337594,-48.470722146474266,1.5099999904632568,1.371246576309204
-612022696484493223,61.202269683112114,-48.449322351158365,1.9800000190734863,2.0534586906433105
-611055683484490520,61.105568381378546,-48.449052014381984,1.4600000381469727,1.503220796585083
-612415001484433422,61.24150017590822,-48.44334226260102,1.149999976158142,1.1987744569778442
-611062059484410696,61.1062059318902,-48.44106962203897,1.3200000524520874,1.3730363845825195
-609618321484275855,60.96183216646641,-48.42758555473628,2.9100000858306885,3.2568359375
-609769642484247286,60.97696421139814,-48.42472869198255,2.880000114440918,3.103022813796997
-609657433484158965,60.96574338901101,-48.415896506604376,3.0199999809265137,3.1937294006347656
-609157557484123418,60.91575571145658,-48.412341801472735,1.4199999570846558,1.043929934501648
-609192887484105346,60.919288734226505,-48.41053461818157,1.399999976158142,1.1438926458358765
-612847525484085878,61.28475254505248,-48.40858789896141,1.6699999570846558,1.701781988143921
-612718422484043288,61.271842217028464,-48.40432884849677,1.850000023841858,1.3013603687286377
-612432953483977996,61.24329538304875,-48.39779968407572,1.899999976158142,0.3684845268726349
-611394480483852394,61.13944801783507,-48.38523943947193,2.359999895095825,2.0370097160339355
-611410983483838948,61.14109834872491,-48.383894809221516,1.7100000381469727,1.138461947441101
-610303324483830527,61.030332484773076,-48.38305272233444,2.259999990463257,2.530224323272705
-612221243483830965,61.22212431855851,-48.38309652821979,1.5199999809265137,1.4041639566421509
-610408351483512037,61.04083519796436,-48.351203786143735,0.7900000214576721,0.7655154466629028
-611048935483452787,61.10489355638587,-48.34527871478752,0.4099999964237213,0.42162665724754333
-611587723483452491,61.158772351439154,-48.3452491549578,3.009999990463257,0.7580466866493225
-610320218483435379,61.03202187934313,-48.34353798127274,1.2599999904632568,1.2107542753219604
-611931782483414823,61.19317823637753,-48.341482301487424,1.5199999809265137,1.3136920928955078
-609997792483221696,60.999779245025834,-48.322169600264395,0.5899999737739563,0.16183343529701233
-611288356483123645,61.12883569161907,-48.31236458966137,2.059999942779541,2.0365469455718994
-609455538482944216,60.945553838230005,-48.29442165818232,4.010000228881836,4.373566150665283
-610919071482944500,61.091907175186684,-48.29445006803129,2.6600000858306885,0.40317603945732117
-610387864482942745,61.038786473705095,-48.29427458762685,2.200000047683716,0.4724647104740143
-611898694482794253,61.18986948687755,-48.279425342902314,2.509999990463257,1.146741271018982
-609321096482787331,60.93210965243704,-48.278733169144694,1.3200000524520874,0.4771246612071991
-611853685482763909,61.185368525286115,-48.27639094467072,2.6500000953674316,1.184699535369873
-610675713482521802,61.06757138333119,-48.25218024005617,2.259999990463257,2.5258629322052
-609508742485968412,60.950874244816816,-48.596841257649565,0.6299999952316284,0.6358156800270081
-609733331485922549,60.97333317310468,-48.59225493768304,2.0299999713897705,1.3125673532485962
-610172783485904316,61.01727832777823,-48.5904316499782,1.1200000047683716,1.0997809171676636
-610345760485885961,61.03457609506608,-48.58859618581742,0.6100000143051147,0.377944678068161
-610865350485798820,61.086535013557025,-48.57988201384768,0.4000000059604645,0.4030064046382904
-609595618485729159,60.95956180869774,-48.57291591565967,0.949999988079071,1.0407543182373047
-609652353485708918,60.965235314134205,-48.570891804308346,1.309999942779541,1.1404588222503662
-610395002485709300,61.03950029093585,-48.57093005916835,1.3600000143051147,1.3916277885437012
-609993960485702822,60.9993960450682,-48.57028229488881,1.7799999713897705,1.7096225023269653
-610415093485630402,61.04150930513496,-48.563040238527094,2.009999990463257,1.694110631942749
-610012375485619501,61.00123752553186,-48.5619501655911,1.8200000524520874,2.0545268058776855
-609702412485581803,60.970241293155155,-48.55818036566917,3.5299999713897705,3.6120941638946533
-609938349485575181,60.993834908467505,-48.55751812520191,0.5099999904632568,0.4734424948692322
-611199557485524774,61.1199557706508,-48.552477461725076,1.9700000286102295,2.0544826984405518
-609425104485459744,60.94251042833431,-48.54597441567791,0.6200000047683716,0.6876862049102783
-611146154485455103,61.11461544174179,-48.54551039068659,0.23999999463558197,0.2195436805486679
-609451507485426586,60.945150769617584,-48.54265860003805,1.600000023841858,1.6142795085906982
-610874084485404575,61.0874084324815,-48.54045758343822,1.090000033378601,1.0659884214401245
-610164854485383371,61.016485441801116,-48.538337158896056,1.659999966621399,0.12372352182865143
-609568294485357610,60.956829453087934,-48.53576108910866,1.2899999618530273,0.7752791047096252
-609714912485349334,60.971491274126244,-48.53493347018163,1.440000057220459,1.3065484762191772
-609347227485331537,60.93472273694403,-48.53315373102679,1.7200000286102295,2.0546820163726807
-610134667485326094,61.01346678751988,-48.5326094727136,2.119999885559082,0.3232998251914978
-610205263485294677,61.02052637287309,-48.52946778595571,1.440000057220459,0.8164761066436768
-611515925485270997,61.15159259303448,-48.52709977861149,0.4699999988079071,0.46064913272857666
-609542514485266557,60.95425146531152,-48.526655739185635,1.2899999618530273,1.3063896894454956
-610964908485255843,61.09649085283969,-48.52558435738563,4.420000076293945,4.50401496887207
-609548459485245955,60.95484597840988,-48.52459554219594,1.2100000381469727,0.9380382895469666
-610115172485240988,61.01151727674287,-48.52409887439584,3.6700000762939453,4.203808784484863
-610684726485242280,61.068472630347706,-48.52422802004895,1.0700000524520874,1.071763038635254
-611973367485222904,61.19733672729839,-48.52229040006202,1.350000023841858,1.3024872541427612
-610112000485205779,61.01120003329595,-48.52057792421406,0.9700000286102295,1.0029617547988892
-610969805485204495,61.096980521489684,-48.52044952984163,1.399999976158142,1.1757338047027588
-611796342485193165,61.179634271699406,-48.51931658319471,2.0399999618530273,0.8626766204833984
-611263493485183166,61.12634937950053,-48.518316668384834,1.0099999904632568,1.0751926898956299
-609107588485166786,60.91075882706048,-48.516678614767436,1.3700000047683716,0.536196231842041
-609975130485161094,60.99751306293009,-48.516109477223566,1.1399999856948853,1.1380821466445923
-612482598485135237,61.24825983048484,-48.51352378968866,3.859999895095825,4.3553547859191895
-611275796485121513,61.127579651200016,-48.512151380481974,0.41999998688697815,0.07670705020427704
-611801589485115615,61.18015892679338,-48.511561503502385,4.820000171661377,5.267764568328857
-610449577485108112,61.044957701421104,-48.51081121604848,3.0799999237060547,2.6266396045684814
-612406081485058339,61.24060818498441,-48.505833973826654,0.9300000071525574,0.932839035987854
-611239935485034046,61.123993502015374,-48.50340466604226,1.2300000190734863,1.222132682800293
-611349924485016947,61.13499240790115,-48.50169472738875,3.5799999237060547,4.356081962585449
-612449038485013163,61.24490381852937,-48.50131635917196,3.059999942779541,3.2870028018951416
-609493853485004254,60.949385341970796,-48.50042542088772,1.1100000143051147,1.1266345977783203
-610278911484996142,61.02789118987599,-48.499614260146146,1.6399999856948853,2.1636605262756348
-612165510484989064,61.216551066700504,-48.49890647875586,3.9600000381469727,4.958252906799316
-611950912484986457,61.19509124551791,-48.49864574547066,2.990000009536743,3.2590508460998535
-609728693484979213,60.97286931889581,-48.49792134679258,1.5,1.4883605241775513
-609426011484962722,60.942601131488246,-48.496272225213644,0.949999988079071,0.4650697112083435
-609798780484931208,60.97987806957079,-48.49312083693206,0.8399999737739563,0.7992706298828125
-612019755484927575,61.20197552540115,-48.492757588287965,4.079999923706055,4.378477573394775
-609462231484916086,60.94622315521745,-48.49160861032597,3.109999895095825,3.4435479640960693
-612480940484920065,61.248094066244256,-48.49200656850838,0.699999988079071,0.7940783500671387
-610755995484911461,61.075599509270276,-48.49114615451881,4.059999942779541,4.186364650726318
-612050651484906929,61.20506512751211,-48.49069299735572,2.890000104904175,4.3748698234558105
-609785774484902402,60.97857744191139,-48.49024023072375,2.640000104904175,3.134369373321533
-611863077484905118,61.186307715889825,-48.49051182012404,1.9299999475479126,1.9670634269714355
-610699448484874609,61.06994486339664,-48.48746097676688,2.1500000953674316,2.1084976196289062
-612601538484862460,61.26015385272508,-48.486246054007815,1.4600000381469727,0.9821673035621643
-609234717484855769,60.92347173236987,-48.48557696267647,4.25,4.374008655548096
-609857378484856039,60.98573782882718,-48.48560397624287,0.3400000035762787,0.29656535387039185
-610467779484843341,61.046777943268026,-48.48433412967252,1.4700000286102295,1.4121651649475098
-612335653484841032,61.233565346957796,-48.48410320732741,0.6200000047683716,0.7218968868255615
-610052347484817440,61.005234773063364,-48.48174409186454,1.9900000095367432,2.14790415763855
-611576344484781560,61.15763448994667,-48.47815606265248,0.30000001192092896,0.2997451424598694
-610233243484757009,61.02332433989792,-48.47570094316872,1.25,1.3045040369033813
-610799164484755890,61.07991644836711,-48.475589013660546,4.53000020980835,5.345306396484375
-611490936484728428,61.1490936288628,-48.47284286987079,2.619999885559082,2.685678482055664
-609954288484701882,60.995428831783855,-48.47018820568495,0.7900000214576721,0.7541365027427673
-610723104484694849,61.072310463381115,-48.469484995639505,1.9900000095367432,1.6218234300613403
-609675554484676279,60.967555491336945,-48.467627975497784,1.5399999618530273,1.5215542316436768
-610772845484676299,61.077284599173446,-48.46762994697003,0.6899999976158142,0.6644467115402222
-612144443484673072,61.21444439243484,-48.467307229075104,1.590000033378601,0.7630475759506226
-612834624484666016,61.283462465488476,-48.466601623266826,1.909999966621399,2.05429744720459
-611450665484656090,61.14506651517273,-48.46560901600067,1.0,0.9701946973800659
-610379729484645508,61.03797296944991,-48.464550898423965,0.9399999976158142,0.9603962898254395
-610865399484625654,61.086539976943556,-48.46256545057331,0.8299999833106995,0.8352203965187073
-612514817484607435,61.25148177924625,-48.46074356049945,1.9600000381469727,2.787282943725586
-610605850484603879,61.06058508437938,-48.46038791993845,1.8899999856948853,1.694984793663025
-612763995484600421,61.276399525416096,-48.46004214796109,0.3799999952316284,0.4105628728866577
-609405528484589579,60.94055282690752,-48.458957955569964,3.7899999618530273,3.9919686317443848
-610433335484583581,61.04333357262398,-48.45835819369341,0.550000011920929,0.4227043092250824
-611562364484586780,61.15623641844371,-48.458678086339674,0.25,0.2976510524749756
-609957571484575285,60.995757121713005,-48.457528541018924,2.430000066757202,2.8851158618927
-611948704484549136,61.194870491212676,-48.45491366953662,0.7599999904632568,0.7917015552520752
-610788419484540320,61.07884199154463,-48.454032069901274,2.25,4.408660411834717
-611803122484534845,61.180312240835924,-48.4534845747948,0.6499999761581421,0.6507570147514343
-612367250484524685,61.236725007438736,-48.45246854624926,2.619999885559082,0.42050111293792725
-609821508484505479,60.98215081694837,-48.45054799061442,0.3400000035762787,0.3121989667415619
-609112287484503020,60.911228724258564,-48.45030209562885,2.359999895095825,3.0584990978240967
-611248303484503667,61.12483030064649,-48.450366778120625,1.0399999618530273,1.0275230407714844
-612824037484496313,61.28240372850927,-48.44963130364713,1.309999942779541,1.3071227073669434
-611938981484464480,61.19389814171026,-48.44644801198343,0.8700000047683716,1.0425405502319336
-611270574484462619,61.12705740359784,-48.446261930050824,0.699999988079071,0.7922332286834717
-612613074484462353,61.26130744226404,-48.446235380118836,0.6499999761581421,0.6978520750999451
-609571437484451768,60.957143715771046,-48.44517685049471,1.6799999475479126,1.4851654767990112
-610666376484444486,61.06663761898386,-48.44444860787629,0.6499999761581421,0.6983658671379089
-609286124484438497,60.92861248487644,-48.4438497826898,0.5,0.334663450717926
-609912819484419702,60.99128193609497,-48.44197025978932,0.7799999713897705,0.7854993939399719
-609207779484407290,60.92077791141548,-48.44072905289929,3.0899999141693115,3.8688056468963623
-610563780484408887,61.05637808459013,-48.44088870618193,1.8700000047683716,1.661485195159912
-612370905484396208,61.23709054974632,-48.43962084766373,3.5999999046325684,3.9326155185699463
-609006663484388648,60.90066630658812,-48.43886489125727,2.7100000381469727,3.091916799545288
-609517181484387832,60.9517181391753,-48.43878323641473,1.4600000381469727,1.0422000885009766
-612039678484389981,61.20396788034729,-48.43899813735161,2.990000009536743,3.629805088043213
-609386779484372708,60.93867799156022,-48.43727088372742,2.6600000858306885,2.8033788204193115
-612120732484368824,61.21207325992881,-48.436882421862556,1.1399999856948853,1.145811676979065
-609073362484353311,60.907336281156624,-48.4353311681246,0.7099999785423279,0.7655031085014343
-609041162484339934,60.90411623586753,-48.43399347464808,0.9399999976158142,0.9695777297019958
-610334115484335260,61.03341151399985,-48.4335260494399,0.5099999904632568,0.5973943471908569
-609719788484326657,60.971978831412905,-48.43266578603455,0.7699999809265137,0.8538357615470886
-610382783484312285,61.03827838375859,-48.43122858836218,1.5299999713897705,1.4959096908569336
-612478738484267453,61.24787381529713,-48.42674532394267,3.759999990463257,4.1166863441467285
-612144705484254648,61.214470555995284,-48.425464808245515,2.6700000762939453,3.1816048622131348
-609340296484240983,60.93402961757625,-48.42409838662639,0.49000000953674316,0.4927406311035156
-612968867484240135,61.296886718267636,-48.42401356793857,3.490000009536743,4.057976245880127
-611026247484232742,61.102624742307,-48.42327422007995,1.4199999570846558,1.468220829963684
-610379128483906714,61.03791288581204,-48.390671489316205,3.7300000190734863,3.9052481651306152
-611437178483900646,61.1437178158401,-48.390064620797254,0.3499999940395355,0.3343069553375244
-612529520483891588,61.25295202773641,-48.389158853467144,2.5899999141693115,3.1525516510009766
-612999557483886067,61.29995577156353,-48.38860678552667,0.6600000262260437,0.6474374532699585
-609965923483876781,60.9965923839049,-48.38767817164577,0.3100000023841858,0.3006836771965027
-612722897483872766,61.2722897079273,-48.3872766423345,0.5099999904632568,0.5068762898445129
-611466795483854149,61.14667953431497,-48.38541499811031,0.699999988079071,0.29844924807548523
-610915004483838736,61.091500470600906,-48.38387364270052,1.1399999856948853,3.1370489597320557
-612812013483789326,61.281201392370775,-48.37893262547499,0.9700000286102295,0.9917694926261902
-611197115483781763,61.11971159250331,-48.378176385951186,1.7899999618530273,1.6503347158432007
-611375485483777716,61.137548598455176,-48.377771627932724,1.0499999523162842,1.043006181716919
-611173965483755535,61.11739655228627,-48.37555350401246,3.5899999141693115,4.132835865020752
-612712247483744843,61.271224710985805,-48.37448433415167,1.850000023841858,1.7234477996826172
-612411454483743310,61.24114547606115,-48.3743310621487,1.3899999856948853,1.5603229999542236
-610527033483740001,61.052703335272966,-48.37400014807016,0.6800000071525574,0.20796117186546326
-610849796483739295,61.084979646081734,-48.37392951099593,1.6100000143051147,0.16126851737499237
-610212701483702729,61.021270137721714,-48.37027295801984,0.6499999761581421,0.7216209769248962
-609767973483685142,60.97679731236946,-48.36851429124682,3.630000114440918,3.6711530685424805
-611953268483654160,61.19532689985028,-48.36541605041668,3.4700000286102295,3.578768253326416
-612897003483641022,61.28970033037244,-48.364102228552774,1.9299999475479126,1.8672730922698975
-609040369483630005,60.90403696099914,-48.36300050081102,0.4399999976158142,0.34474122524261475
-609349295483630488,60.934929514018776,-48.363048862487716,3.819999933242798,4.566992282867432
-611474000483605639,61.14740000540637,-48.36056390059638,2.25,1.6948984861373901
-611501317483601533,61.15013176634585,-48.360153335419646,2.3299999237060547,0.35560038685798645
-612252554483598005,61.22525545341517,-48.359800528639994,1.0399999618530273,1.0306751728057861
-609968200483574322,60.99682001905685,-48.357432233842445,2.2899999618530273,2.2899420261383057
-611102794483564550,61.11027941759002,-48.35645505406024,2.109999895095825,3.0420186519622803
-609605225483551273,60.96052253512301,-48.355127367719355,0.8899999856948853,0.9302135109901428
-611669451483508908,61.16694511515179,-48.35089089770733,0.6200000047683716,0.7912275195121765
-612050752483484512,61.2050752726944,-48.3484512477488,3.0399999618530273,4.659152507781982
-609027609483473647,60.90276096749547,-48.34736477747303,1.2000000476837158,1.1864113807678223
-609357685483473392,60.93576857522335,-48.347339230380165,1.8200000524520874,1.4039844274520874
-610996122483458633,61.09961227079965,-48.34586337362548,0.7699999809265137,0.7826423645019531
-610885794483415483,61.08857947832398,-48.34154833556037,0.8399999737739563,0.31174737215042114
-612443160483391283,61.24431604945817,-48.33912835707216,0.4000000059604645,0.2816123962402344
-610690280483367586,61.069028021746604,-48.33675866366472,1.3899999856948853,1.4075108766555786
-611111351483367954,61.11113515751116,-48.33679548652361,1.8300000429153442,0.29664692282676697
-609826355483352973,60.98263557025375,-48.33529739418331,1.809999942779541,0.08563867956399918
-610004817483333563,61.00048175664535,-48.333356375327156,2.190000057220459,3.2901034355163574
-609648412483326395,60.964841269947264,-48.332639563887646,0.6499999761581421,0.656254768371582
-609513337483315930,60.95133379121019,-48.3315930780322,0.46000000834465027,0.3573931157588959
-609846912483306804,60.984691222519785,-48.33068048707567,1.0399999618530273,0.6960636377334595
-609556840483297479,60.955684028156206,-48.32974796134419,1.2000000476837158,1.2092552185058594
-612114137483287398,61.21141370483946,-48.32873982242539,1.940000057220459,1.6897333860397339
-610785378483269604,61.07853786123902,-48.32696046396926,1.0499999523162842,1.0428801774978638
-612102642483247878,61.21026422220121,-48.3247878846882,1.659999966621399,1.6915348768234253
-612067380483246201,61.20673804349443,-48.32462012810636,1.0199999809265137,0.1598684936761856
-609531891483232713,60.95318914887716,-48.32327135326814,1.6399999856948853,3.1785900592803955
-612044165483220238,61.20441653487897,-48.322023875594375,2.0299999713897705,2.0355358123779297
-611510389483169092,61.15103899092018,-48.31690922316452,3.2300000190734863,3.290893793106079
-611183416483165628,61.11834160987022,-48.31656282225481,0.7300000190734863,0.7666479349136353
-609241700483160490,60.924170081340755,-48.31604900302705,1.25,0.2761845290660858
-609860408483083094,60.98604085387259,-48.30830944177392,2.0299999713897705,2.0548768043518066
-609378213483074879,60.93782138470012,-48.30748799408842,0.4099999964237213,0.45987144112586975
-611503892483030609,61.15038924440606,-48.303060990298825,3.4000000953674316,3.3956127166748047
-611323350482947728,61.13233505504307,-48.294772872112745,1.5199999809265137,0.29749345779418945
-609368409482936604,60.93684094597509,-48.293660442738556,3.819999933242798,4.77046537399292
-609599244482916844,60.95992441053695,-48.29168449468022,0.550000011920929,0.6260976195335388
-609849393482916002,60.98493933516647,-48.291600261519505,0.6899999976158142,0.7286855578422546
-609262706482889343,60.926270669735324,-48.288934354612195,3.180000066757202,3.8838980197906494
-610208503482890421,61.02085037583184,-48.28904212226058,1.7100000381469727,1.4100418090820312
-609455605482884902,60.945560587692775,-48.28849022400967,3.0,3.8835885524749756
-609465909482884433,60.94659099246702,-48.28844337443775,3.5,4.032052993774414
-610254884482885958,61.02548845700215,-48.28859585128528,2.0299999713897705,3.9756243228912354
-610347437482876412,61.03474379038449,-48.28764125056635,1.159999966621399,1.2652645111083984
-609830645482871762,60.9830645785493,-48.287176295395874,1.0700000524520874,1.0956664085388184
-611013212482852811,61.10132125791677,-48.28528116826337,1.0700000524520874,1.132568597793579
-611864547482849326,61.18645479334495,-48.2849326896957,1.190000057220459,1.2479803562164307
-611528853482833966,61.152885359533435,-48.283396600635214,0.7400000095367432,0.4831710755825043
-610159582482800317,61.015958269801025,-48.280031788592254,1.3300000429153442,0.8737582564353943
-611024064482800330,61.10240641034377,-48.28003301011014,0.25999999046325684,0.24686166644096375
-611664043482784857,61.166404338508656,-48.27848572860471,2.380000114440918,1.3032792806625366
-610246485482779775,61.0246485426675,-48.2779775518733,1.6100000143051147,0.40608131885528564
-609467704482765107,60.94677043252389,-48.276510730858405,4.21999979019165,4.2856645584106445
-612228428482768537,61.22284281452671,-48.27685379728126,3.4000000953674316,4.632081985473633
-610518499482756619,61.05184991732911,-48.27566194998954,0.4300000071525574,0.4783458113670349
-611183453482766767,61.118345390843224,-48.27667678274224,0.46000000834465027,0.1606365591287613
-611606133482748090,61.16061330104286,-48.27480900781419,1.2400000095367432,1.2708115577697754
-612060921482718980,61.20609212230151,-48.27189805302979,1.6399999856948853,1.6921380758285522
-612024763482687923,61.20247638923654,-48.26879237512743,2.390000104904175,2.455458641052246
-612051692482653582,61.205169206989794,-48.26535822059227,2.569999933242798,2.8393666744232178
-609506420482598508,60.95064209805605,-48.25985081854339,0.8799999952316284,0.7387672066688538
-610728551482594283,61.072855193289925,-48.25942832660516,3.25,3.4182474613189697
-610317440482593312,61.03174407042331,-48.259331235921486,0.5799999833106995,0.4595184624195099
-611497717482589534,61.14977175524374,-48.25895343528828,1.9800000190734863,2.343986988067627
-609294516482585831,60.9294516608844,-48.258583180385685,0.4099999964237213,0.3903852701187134
-609647505482581724,60.964750565648856,-48.258172474655915,3.619999885559082,4.632350921630859
-610604211482576472,61.06042115219391,-48.25764720231419,2.130000114440918,2.5444743633270264
-611658471482522711,61.16584718907815,-48.25227119566375,0.6200000047683716,0.40205222368240356
-609897112482457221,60.98971123709303,-48.24572215892584,0.3700000047683716,0.36891353130340576
-610662581485922663,61.06625812742794,-48.592266358498506,1.3600000143051147,1.3951174020767212
-609894407485844501,60.9894407350654,-48.584450131476665,1.6399999856948853,1.6600428819656372
-610159653485819272,61.0159653071896,-48.58192721827168,2.4700000286102295,2.660163164138794
-611154653485794150,61.11546539175636,-48.57941503542559,1.5099999904632568,5.887975215911865
-611333844485782243,61.13338443560654,-48.57822439584192,2.390000104904175,2.442579984664917
-611381180485699513,61.13811808142064,-48.56995136470506,1.4299999475479126,0.8666769862174988
-609086968485655207,60.90869684344966,-48.56552070170708,4.570000171661377,4.698730945587158
-611085477485331174,61.10854771645367,-48.533117447100715,1.6399999856948853,1.6965923309326172
-611870886485278103,61.187088681268435,-48.52781032378059,1.559999942779541,1.4991750717163086
-611619798485160456,61.16197985701983,-48.5160456645824,2.7899999618530273,0.8593595027923584
-609334358485123264,60.933435858090775,-48.512326490045226,1.7699999809265137,1.6712911128997803
-610871710485089723,61.0871710243195,-48.50897233878641,2.5799999237060547,0.3561708331108093
-609280768484996357,60.928076847248,-48.499635792310286,1.8700000047683716,1.6695133447647095
-611575562484916558,61.15755620544352,-48.491655845666315,0.8899999856948853,0.5843771696090698
-609168691484872129,60.916869159431876,-48.48721291756092,0.5400000214576721,0.5419992804527283
-611112804484872499,61.11128045097898,-48.48724996927672,0.6399999856948853,0.6756824254989624
-610804367484848770,61.08043671614752,-48.48487703848591,1.409999966621399,1.3080376386642456
-611145588484820483,61.11455889876367,-48.48204835931008,2.6600000858306885,0.9891190528869629
-610644378484778107,61.06443789982544,-48.47781070977556,1.399999976158142,0.9920066595077515
-610556978484759841,61.055697827593534,-48.47598412842438,2.8399999141693115,2.9423375129699707
-612430101484722172,61.24301010922967,-48.4722172030118,1.3300000429153442,0.6829821467399597
-609969051484715646,60.99690510505497,-48.47156468893354,3.0799999237060547,2.2123477458953857
-610359132484554730,61.0359132718757,-48.45547304081311,1.0199999809265137,0.8542576432228088
-610416776484421537,61.04167763572118,-48.44215379540201,2.4800000190734863,1.5622460842132568
-611057061484421589,61.105706170975935,-48.44215899422135,1.4600000381469727,1.307041049003601
-611722814484425142,61.17228141006169,-48.442514282680776,0.9200000166893005,0.5823419690132141
-609697125484394751,60.96971256960354,-48.439475150510134,3.640000104904175,5.540103435516357
-611645653484328018,61.16456530047133,-48.43280182825887,1.7999999523162842,1.370542287826538
-610380301484221525,61.038030122648244,-48.4221525193781,1.2899999618530273,1.377319097518921
-611542146484192668,61.15421464678523,-48.419266896850715,2.609999895095825,2.92822265625
-611877121484131227,61.18771212702476,-48.41312279096267,2.630000114440918,2.649224281311035
-612390319483930845,61.23903194179037,-48.39308456061448,1.3700000047683716,1.4077941179275513
-612955798483880952,61.29557980297903,-48.38809526920199,1.4199999570846558,1.3092317581176758
-612532575483874089,61.253257599210116,-48.38740893297486,1.8899999856948853,1.4029006958007812
-609142009483736594,60.91420093160212,-48.37365944661265,2.1700000762939453,0.2757135033607483
-612410679483698422,61.24106794942774,-48.369842225355114,1.1100000143051147,1.049960732460022
-611509018483689223,61.15090183640279,-48.368922332572964,0.7699999809265137,0.34873688220977783
-609171990483423940,60.91719903576837,-48.34239409194589,2.0299999713897705,2.573822021484375
-609094582483418989,60.909458225327256,-48.34189891812119,1.2200000286102295,1.1931495666503906
-612804400483421532,61.28044000879775,-48.34215326673056,1.5199999809265137,0.9320583343505859
-612004191483406580,61.20041914478218,-48.34065800791847,2.5399999618530273,3.386690139770508
-610782364483400909,61.07823644130204,-48.34009099322692,1.7599999904632568,0.9652383327484131
-609880203483345586,60.988020358955005,-48.334558628711946,1.7200000286102295,2.0543746948242188
-609824536483338841,60.98245363191712,-48.333884130931,2.5799999237060547,2.8868918418884277
-611578616483210233,61.157861676634816,-48.32102331167704,2.4000000953674316,0.8030582070350647
-610125948483184818,61.01259485147488,-48.318481874593324,1.6399999856948853,1.6400742530822754
-609294847483108344,60.929484781078834,-48.31083443343871,3.799999952316284,3.908144474029541
-611841110483114093,61.1841110232519,-48.31140937176682,1.100000023841858,1.2503297328948975
-611448310483053580,61.14483100244353,-48.30535806211871,1.100000023841858,1.211437702178955
-609852166483037459,60.98521663856341,-48.30374592097661,1.7599999904632568,2.0546469688415527
-612481775483018484,61.24817750084131,-48.301848479345665,3.1600000858306885,3.795879602432251
-611419681482843815,61.14196813353907,-48.28438150739336,2.009999990463257,2.0539066791534424
-609585663482788694,60.95856639166364,-48.2788694427032,2.5999999046325684,2.6065566539764404
-610061218482763272,61.00612180125032,-48.27632726662414,1.559999942779541,0.8268139958381653
-611695547482564820,61.16955470854081,-48.25648201509641,2.0399999618530273,1.1475398540496826
-609106540485908861,60.9106540739516,-48.590886193211745,3.2300000190734863,4.020089626312256
-610290871485876551,61.02908717662369,-48.58765515456798,2.059999942779541,2.0549521446228027
-610046059485851520,61.004605936074235,-48.585152084336244,0.36000001430511475,0.3297670781612396
-609881097485827675,60.98810974668154,-48.58276752086215,2.0199999809265137,1.6995419263839722
-610125044485794695,61.01250442785233,-48.57946953956311,0.8399999737739563,0.2852405309677124
-610324927485794877,61.03249270861104,-48.57948774989027,2.75,0.4050509035587311
-609312739485787506,60.93127397937865,-48.5787506609612,2.930000066757202,3.1480021476745605
-609265496485702295,60.92654961965477,-48.57022955279219,0.6800000071525574,0.6903497576713562
-610060556485687577,61.006055657468686,-48.56875774334532,1.8899999856948853,2.054670810699463
-609933811485674498,60.993381127664364,-48.567449840604404,0.8399999737739563,0.7649954557418823
-610385542485659132,61.03855425825497,-48.565913234977806,1.559999942779541,1.6888291835784912
-610561762485629373,61.05617625066338,-48.562937320745554,1.9299999475479126,1.431423544883728
-611340209485623618,61.134020913212034,-48.56236184842783,2.490000009536743,3.1405625343322754
-610826956485598846,61.082695638801965,-48.55988467978196,1.100000023841858,1.2890489101409912
-609889656485575521,60.98896561877556,-48.55755217029508,0.25,0.23248639702796936
-611837485485556128,61.18374850056196,-48.555612828448034,1.3300000429153442,0.17459189891815186
-611208070485540289,61.12080702095442,-48.554028952162795,1.5099999904632568,1.430519461631775
-609496494485490357,60.949649424896556,-48.54903578409953,0.38999998569488525,0.3962070047855377
-610001687485447935,61.00016874442525,-48.5447935360631,1.9199999570846558,2.1935691833496094
-611955773485445082,61.19557736841541,-48.54450821585183,0.8299999833106995,0.497228741645813
-610904902485430269,61.09049022243908,-48.54302692269685,0.25999999046325684,0.2603316009044647
-609252375485379282,60.925237515805534,-48.53792821311967,1.9500000476837158,0.4202045202255249
-610143761485373744,61.01437616979977,-48.53737444325908,1.809999942779541,1.7662807703018188
-611953390485361039,61.19533900152054,-48.536103985694666,1.2200000286102295,1.2969645261764526
-610381510485339050,61.038151053413024,-48.53390502152741,0.2800000011920929,0.2673600912094116
-611097728485336929,61.10977288655027,-48.533692961928764,2.1500000953674316,2.4622879028320312
-610281027485328164,61.028102707266406,-48.53281649895235,1.100000023841858,1.1378542184829712
-609799511485313879,60.979951174802935,-48.531387979240165,1.659999966621399,1.4193778038024902
-610009808485301550,61.00098082039619,-48.53015508345916,1.5,1.5350240468978882
-612206446485291533,61.22064469939322,-48.52915331087754,0.699999988079071,0.7001357674598694
-610841201485273145,61.08412018200491,-48.527314594264304,0.550000011920929,0.49670934677124023
-609673075485258164,60.967307556556406,-48.52581646608092,0.6899999976158142,0.4416038393974304
-610469183485229234,61.046918374080974,-48.52292345174678,0.699999988079071,0.788933277130127
-610789949485225697,61.078994997119004,-48.52256971651349,0.9200000166893005,0.8381438851356506
-609113309485188447,60.91133099089388,-48.518844778725445,1.0700000524520874,0.8603876233100891
-611229774485130787,61.12297747921672,-48.513078730371724,3.180000066757202,3.2276084423065186
-612328700485116184,61.2328700470963,-48.511618479366426,2.0399999618530273,1.8441702127456665
-609398947485108588,60.939894796964644,-48.51085886761611,2.049999952316284,1.309769868850708
-611486653485102058,61.14866539219343,-48.51020581177342,1.3600000143051147,1.3173143863677979
-611118993485067117,61.111899337670025,-48.506711794776585,5.070000171661377,5.242266654968262
-611723290485021709,61.172329051241846,-48.50217095731456,2.0999999046325684,2.2365193367004395
-609166956485013320,60.91669561173653,-48.50133205370148,1.1399999856948853,1.1480540037155151
-609907318485016061,60.9907318878244,-48.50160614916672,0.3799999952316284,0.2876037359237671
-611465633485015563,61.146563339931454,-48.50155637644753,2.2200000286102295,0.32207754254341125
-611846971485012725,61.184697197326685,-48.50127250141378,1.409999966621399,1.377847671508789
-609082550484964634,60.90825500286388,-48.496463438903184,2.990000009536743,3.0372753143310547
-610365151484959096,61.036515165099495,-48.495909606806535,1.6299999952316284,0.42359694838523865
-612056843484954494,61.20568438770058,-48.49544945118674,1.190000057220459,1.1384527683258057
-610334210484949310,61.03342106960192,-48.494931028522146,0.8799999952316284,0.8534589409828186
-609593742484944043,60.95937426042361,-48.49440437970643,0.3700000047683716,0.30057644844055176
-612414382484935487,61.24143821334592,-48.493548786779066,0.8199999928474426,0.3166670799255371
-610862101484930526,61.08621013930519,-48.49305260285361,0.6000000238418579,0.5104734301567078
-610379552484897338,61.037955214446534,-48.48973383380099,3.430000066757202,3.519155502319336
-609369132484881314,60.936913255077876,-48.48813142176886,1.7100000381469727,1.6941841840744019
-610039688484838856,61.00396882825526,-48.48388560308354,1.6299999952316284,1.646178960800171
-610399441484828024,61.039944104143146,-48.48280240483785,0.800000011920929,0.3541424572467804
-609099031484808054,60.90990310894697,-48.48080549404988,3.6600000858306885,3.759070634841919
-610660449484781261,61.066044996939276,-48.478126192556864,4.050000190734863,4.387972354888916
-612654116484784474,61.265411696902405,-48.47844745643065,2.1700000762939453,1.728867769241333
-609322441484768027,60.93224414055216,-48.47680270699847,2.880000114440918,2.9887378215789795
-610346215484741357,61.03462159295502,-48.47413573591524,2.240000009536743,2.564333200454712
-612587977484743429,61.25879771621144,-48.47434294528751,4.0,4.521087169647217
-609604446484704916,60.96044468146175,-48.470491688230354,0.800000011920929,0.7887474894523621
-610890207484700597,61.08902070122296,-48.47005977220546,0.6299999952316284,0.5573481917381287
-611840388484673119,61.184038804425334,-48.46731192804187,0.5400000214576721,0.16060064733028412
-611457046484639114,61.14570465480866,-48.463911453498895,0.6399999856948853,0.6327494978904724
-612263371484635800,61.22633719639802,-48.46358002382471,0.3100000023841858,0.30285099148750305
-612497832484628820,61.249783202196795,-48.46288201684583,1.9900000095367432,1.6994144916534424
-610078347484625806,61.00783470488357,-48.462580678451175,2.7699999809265137,3.217273712158203
-609214859484622905,60.921485921431966,-48.46229055049399,1.149999976158142,1.1679526567459106
-609210122484616786,60.92101229148459,-48.461678606744634,3.869999885559082,4.374966144561768
-612026768484618776,61.20267688427714,-48.46187760238916,3.0,4.3747239112854
-612127437484606207,61.21274370187031,-48.46062073219987,0.6000000238418579,0.6015045046806335
-609675674484573473,60.96756746140031,-48.45734739242561,0.6600000262260437,0.29787519574165344
-610402871484570643,61.04028718703285,-48.45706430991944,4.139999866485596,4.536873817443848
-609814293484564916,60.98142930609255,-48.45649169781724,2.549999952316284,2.7671942710876465
-609797681484559333,60.97976817114117,-48.45593330863326,2.390000104904175,2.9332826137542725
-609197450484557799,60.919745003905234,-48.45577990679202,1.4500000476837158,1.4046070575714111
-610578940484530156,61.05789400820174,-48.45301564417702,0.5899999737739563,0.29475101828575134
-609726748484523443,60.97267481333292,-48.45234434208015,0.33000001311302185,0.31462109088897705
-610119140484520432,61.011914076867136,-48.45204324056096,3.9800000190734863,4.201364517211914
-609631632484504135,60.96316329372012,-48.45041352795128,2.430000066757202,0.3889150023460388
-610254418484434094,61.025441873849886,-48.443409400553655,1.2400000095367432,1.2576541900634766
-611763873484431365,61.17638735177508,-48.44313651469558,0.5600000023841858,0.6150078177452087
-612867316484428403,61.286731697700546,-48.44284038969511,2.109999895095825,2.1443774700164795
-609974496484375171,60.99744962853539,-48.43751719702909,1.6699999570846558,1.6459022760391235
-611612997484347906,61.16129975948501,-48.434790612359336,2.799999952316284,3.5714964866638184
-612993062484064388,61.29930625297457,-48.40643883640039,4.019999980926514,4.279304027557373
-609379977484052353,60.937997720008966,-48.40523532288319,2.200000047683716,2.0383245944976807
-610189265484053630,61.018926501692164,-48.40536307371368,3.5899999141693115,4.291197776794434
-611341714484053987,61.13417149078082,-48.40539879282564,0.4399999976158142,0.2950804531574249
-611454753484007998,61.145475391341186,-48.40079987657838,0.5799999833106995,0.6975405216217041
-610989175483992132,61.09891756143489,-48.39921323187003,1.6299999952316284,1.5595341920852661
-610502956483967113,61.05029568945191,-48.39671135845405,3.9200000762939453,4.135630130767822
-609894759483960931,60.98947590162609,-48.396093150516414,1.559999942779541,1.4120500087738037
-611439187483957048,61.14391878864092,-48.395704852481025,0.46000000834465027,0.31868594884872437
-609894706483939715,60.989470677939934,-48.39397157442652,0.9700000286102295,0.9695044755935669
-611262544483942070,61.12625446496944,-48.39420705173617,3.180000066757202,3.614616870880127
-611025999483937974,61.10259992415621,-48.39379745894202,1.8200000524520874,2.0545270442962646
-612174403483914307,61.21744032235791,-48.39143073717556,0.5299999713897705,0.08094896376132965
-612826424483906595,61.28264248464369,-48.39065956386015,1.5499999523162842,0.5315448641777039
-612981764483899135,61.298176421219694,-48.389913583141876,0.44999998807907104,0.4776207208633423
-610951107483852700,61.095110727436115,-48.38527007097451,2.569999933242798,0.5323987603187561
-610862258483847794,61.08622580329605,-48.38477940691099,3.1700000762939453,4.88021183013916
-609978937483820319,60.99789378068553,-48.38203191577916,0.2800000011920929,0.31156280636787415
-611260348483811206,61.12603482545822,-48.38112063531544,1.9299999475479126,3.353010416030884
-609705646483807502,60.97056461361478,-48.38075022806542,1.3700000047683716,0.6549667119979858
-612748859483800697,61.274885900902795,-48.380069771545834,0.5400000214576721,0.3713824450969696
-611240537483762631,61.1240537449331,-48.37626319199063,3.240000009536743,3.546719551086426
-609388914483702458,60.938891447654655,-48.3702458321691,3.9200000762939453,3.9834635257720947
-609940543483699986,60.9940543114612,-48.36999866580765,1.5,1.2929936647415161
-612330025483671524,61.23300259812516,-48.36715248965135,1.2100000381469727,1.149985671043396
-612561955483666174,61.256195536730665,-48.366617482788605,1.0,1.0136842727661133
-612604995483658990,61.26049952139179,-48.36589904568391,1.8899999856948853,1.9760438203811646
-610168294483635857,61.01682942140358,-48.36358579066005,2.7899999618530273,3.167506694793701
-610126841483629008,61.01268414422198,-48.36290081919059,0.3700000047683716,0.3804933428764343
-611551221483614370,61.15512217274374,-48.361437070106334,0.9200000166893005,0.48337656259536743
-609226388483580131,60.92263886325777,-48.35801312058427,2.0899999141693115,0.20009808242321014
-612390161483541343,61.23901611158933,-48.35413437822438,3.75,4.208885669708252
-612253218483538917,61.22532183473178,-48.35389177076881,0.5099999904632568,0.34466034173965454
-609619973483530593,60.96199739271269,-48.35305931999247,3.2699999809265137,4.086395263671875
-609203581483508987,60.92035812923831,-48.350898778093885,1.8600000143051147,2.145923137664795
-612383141483486411,61.23831411035646,-48.348641117771145,0.5199999809265137,0.5051028728485107
-611202733483471883,61.120273341612744,-48.3471883025535,3.630000114440918,3.8668301105499268
-611496971483443004,61.149697143880864,-48.344300421361176,3.319999933242798,3.3976447582244873
-611403118483432790,61.14031187132588,-48.34327909083542,1.3300000429153442,1.3359335660934448
-610224085483395768,61.02240855879052,-48.33957687925005,0.33000001311302185,0.29591265320777893
-611038914483390429,61.10389142438686,-48.33904297310569,1.5199999809265137,0.3323758542537689
-610515121483333135,61.051512180735614,-48.33331354617075,2.319999933242798,4.205793857574463
-609458081483286087,60.94580814093897,-48.32860874927384,0.8700000047683716,0.838377833366394
-609481462483270808,60.948146237242376,-48.327080890786725,0.41999998688697815,0.4100247621536255
-611791861483272436,61.17918618571592,-48.32724368989696,1.25,0.30040350556373596
-609829806483267400,60.982980657450945,-48.32674004304012,2.2100000381469727,0.6896329522132874
-611007158483265188,61.10071580039287,-48.32651889678752,1.7799999713897705,1.7002956867218018
-609656803483237361,60.96568036451638,-48.32373611868355,0.7400000095367432,0.09619037806987762
-609151384483225874,60.915138485363926,-48.322587413803596,2.309999942779541,1.303406834602356
-611883674483162999,61.18836741889307,-48.31629996963595,1.309999942779541,1.3089655637741089
-609395247483151945,60.93952474723725,-48.315194514135996,1.5,1.50075101852417
-610647871483104659,61.06478716658167,-48.31046590196993,3.2899999618530273,4.252415657043457
-610957313482998705,61.09573133548536,-48.2998705979516,2.5999999046325684,3.271799325942993
-610054120482984426,61.00541209522654,-48.29844266308524,1.1100000143051147,0.1985677182674408
-611295720482982915,61.129572038508414,-48.29829158984494,1.7699999809265137,2.0546066761016846
-609509019482978742,60.95090195499551,-48.29787422801704,0.5699999928474426,0.6446133255958557
-609635102482946588,60.963510287883416,-48.29465887098998,3.490000009536743,3.7566001415252686
-612513116482947792,61.2513116482777,-48.29477920317512,2.1500000953674316,2.035933256149292
-610795313482906403,61.07953135132866,-48.290640355700795,3.6700000762939453,4.128713607788086
-609502146482900731,60.950214662966324,-48.290073113872836,3.990000009536743,4.125823497772217
-610949333482900168,61.09493335949404,-48.29001686116097,1.3799999952316284,1.1437004804611206
-610249739482889174,61.02497398973151,-48.28891747094059,1.940000057220459,2.054408550262451
-609491479482873321,60.949147993780485,-48.28733212481417,0.3700000047683716,0.3499816358089447
-612467562482881913,61.246756262686304,-48.288191324373884,0.6000000238418579,0.5065728425979614
-611069601482869328,61.10696013735963,-48.28693280265045,0.25999999046325684,0.29546523094177246
-610102962482858518,61.01029625250242,-48.28585184753921,0.3799999952316284,0.5039721131324768
-609327658482853147,60.93276587484695,-48.28531471071576,2.109999895095825,4.374629497528076
-611356630482831473,61.13566304028172,-48.28314736501855,3.7200000286102295,3.9812679290771484
-610083676482813764,61.008367623003885,-48.28137640763872,0.6399999856948853,0.6527202129364014
-609574894482789339,60.95748949146111,-48.27893391944325,1.3700000047683716,1.3681793212890625
-609051742482776001,60.90517428601578,-48.277600159375645,1.7000000476837158,1.694326639175415
-610909985482738130,61.0909985977238,-48.27381305698954,0.7400000095367432,0.2738267481327057
-612084451482694234,61.20844518913814,-48.269423403635145,0.46000000834465027,0.6277171969413757
-610911284482660746,61.091128411391004,-48.26607465256315,2.380000114440918,0.293829083442688
-610507705482652876,61.05077055257273,-48.26528760129092,1.4299999475479126,1.3769001960754395
-611285317482637692,61.128531790358686,-48.263769220858684,3.380000114440918,3.9779574871063232
-609264582482587954,60.92645820856871,-48.258795429859425,1.2799999713897705,1.026370644569397
-610355123482587135,61.03551232051722,-48.258713534831074,0.8199999928474426,0.8630537390708923
-608975298482577058,60.897529899565995,-48.257705878579095,1.190000057220459,1.1983451843261719
-611490288482571580,61.14902889496703,-48.257158004627556,0.800000011920929,0.34980303049087524
-611693420482568804,61.16934200548285,-48.25688049542084,2.1700000762939453,2.3271334171295166
-609021128482544853,60.902112830903675,-48.254485374304714,0.550000011920929,0.554330587387085
-609951969482536256,60.99519694487999,-48.25362564049686,1.9500000476837158,2.0507352352142334
-609826376485940844,60.98263765639994,-48.59408447933756,2.9200000762939453,4.01276969909668
-610946919485878917,61.094691937018226,-48.587891707436604,2.440000057220459,2.311912775039673
-610920405485752536,61.092040554811064,-48.575253620373516,0.6700000166893005,0.31305405497550964
-609667445485605047,60.966744583813906,-48.56050477574108,2.309999942779541,1.0429108142852783
-611237047485513634,61.12370474808234,-48.551363434472,1.5700000524520874,0.3925168514251709
-611730846485394674,61.1730846132564,-48.539467457905396,1.8600000143051147,1.6978576183319092
-609100525485265034,60.91005253863454,-48.52650344407761,1.75,0.45773446559906006
-610106896485222719,61.01068963147301,-48.52227192725929,1.2899999618530273,1.2477701902389526
-610213643485120330,61.02136432273419,-48.51203304043624,1.3700000047683716,1.3747366666793823
-611873382485105925,61.18733824336441,-48.51059256435717,1.4199999570846558,0.4120001196861267
-609581146485061424,60.958114685656895,-48.50614248212451,2.3499999046325684,3.1800880432128906
-609043228484986411,60.90432284946639,-48.49864112579302,1.8799999952316284,0.8638513684272766
-609403910484920470,60.94039101326517,-48.492047009726235,2.4000000953674316,4.836434841156006
-611823287484902987,61.18232875344568,-48.490298789783644,3.2200000286102295,3.883840322494507
-609164338484795147,60.91643388974002,-48.47951470456908,4.75,5.578917503356934
-612323886484798127,61.232388625514005,-48.47981270408037,2.4000000953674316,2.293363094329834
-609046578484761220,60.90465788123573,-48.47612205084466,1.309999942779541,0.39770492911338806
-611294947484761588,61.12949473815404,-48.476158886383736,1.2899999618530273,1.306618094444275
-612144368484734335,61.21443687423178,-48.473433572561504,1.850000023841858,1.4825921058654785
-610229919484727774,61.02299197822572,-48.47277743196206,2.990000009536743,1.3078484535217285
-610310815484650958,61.03108156452131,-48.4650958891882,2.180000066757202,2.5112416744232178
-610047749484604248,61.00477498225823,-48.4604248850456,1.559999942779541,1.4130996465682983
-610709944484575229,61.07099448192851,-48.457522953353845,1.0099999904632568,1.2536799907684326
-612665042484468971,61.266504247625804,-48.446897175656055,2.4600000381469727,1.9607465267181396
-612074325484359260,61.207432523910775,-48.4359260430923,0.8999999761581421,0.7981545329093933
-612808289484285462,61.28082896682532,-48.42854629461856,2.3499999046325684,0.8355264663696289
-611982579484260330,61.19825792349873,-48.42603307316384,1.2899999618530273,1.3058887720108032
-612939607484249189,61.2939607039187,-48.424918904481295,1.8700000047683716,2.054687738418579
-609880852484230117,60.98808529749526,-48.42301172535494,2.809999942779541,3.3210017681121826
-609533875484221123,60.95338758881712,-48.42211233174672,2.4600000381469727,1.2927290201187134
-610365612483800953,61.03656129010886,-48.38009530769957,1.5299999713897705,1.557614803314209
-611577449483715661,61.15774493339939,-48.37156611016345,2.569999933242798,4.240657329559326
-611050212483618249,61.10502123005392,-48.36182498349465,1.6100000143051147,1.5063700675964355
-609816186485961439,60.98161862462706,-48.59614398161552,0.30000001192092896,0.5065706968307495
-611095470485813903,61.10954708029589,-48.58139032421647,2.2699999809265137,2.272190570831299
-609784050485804323,60.978405070112764,-48.58043232455713,1.7899999618530273,0.1635618358850479
-611328810485789808,61.132881089844346,-48.57898089590736,2.1600000858306885,2.182469606399536
-610803952485782112,61.080395260930196,-48.57821121651922,1.7699999809265137,2.0540859699249268
-610707594485765806,61.07075940898161,-48.57658069679598,1.9500000476837158,2.054823160171509
-611022282485741875,61.10222823755348,-48.574187517813556,0.7099999785423279,0.5341204404830933
-610827152485732499,61.08271524052229,-48.573249990727376,0.8999999761581421,0.9612790942192078
-610646468485708659,61.064646899743444,-48.570865994429056,1.0800000429153442,0.9324493408203125
-610114222485705604,61.01142227345121,-48.57056048318002,2.4200000762939453,0.32366448640823364
-611011564485694711,61.101156405039376,-48.56947119063309,2.359999895095825,3.1244773864746094
-610525859485689492,61.05258597144945,-48.56894928376178,0.18000000715255737,0.17669564485549927
-611247585485643102,61.12475854482184,-48.56431024502551,1.7300000190734863,1.7013107538223267
-610072820485612039,61.007282057955116,-48.561203930378426,3.5299999713897705,3.7955145835876465
-611209355485604831,61.12093550920595,-48.56048316836385,1.3300000429153442,0.41347604990005493
-609690804485535967,60.96908045462984,-48.553596751401,0.3799999952316284,0.342376172542572
-610108510485533969,61.010851025150274,-48.553396935865116,0.5,0.5068988800048828
-611942651485521504,61.19426511868562,-48.55215047439421,1.1799999475479126,1.2657650709152222
-609848030485521288,60.98480309995319,-48.55212881914371,4.53000020980835,4.553412914276123
-611869193485503436,61.18691935186653,-48.550343632953954,1.3200000524520874,1.3025269508361816
-610046848485474379,61.00468481198831,-48.54743794807238,0.7599999904632568,0.790766716003418
-610691452485462086,61.06914527149771,-48.54620869076046,1.9600000381469727,1.8884929418563843
-609780557485450479,60.978055747040855,-48.545047966248866,2.2799999713897705,2.3908615112304688
-610074913485413565,61.007491380791585,-48.54135656859388,0.5299999713897705,0.3196995258331299
-609543717485398296,60.95437178590848,-48.53982961733662,3.309999942779541,4.122314453125
-611591315485351336,61.15913153310103,-48.53513365647685,2.690000057220459,2.8402552604675293
-609780223485328764,60.978022303329645,-48.53287648940135,1.3600000143051147,1.268545150756836
-611536815485318037,61.15368150295683,-48.53180377715274,1.3300000429153442,1.1757460832595825
-612009364485311050,61.200936499964314,-48.53110503350881,2.059999942779541,2.053476095199585
-611465668485306536,61.14656682048024,-48.53065367463162,0.5400000214576721,0.5070270895957947
-609147030485281911,60.91470304667531,-48.52819112601875,0.49000000953674316,0.5095148086547852
-609055131485271421,60.90551310098784,-48.527142166162214,0.5099999904632568,0.6078382134437561
-609826018485233274,60.982601829258456,-48.52332740996752,1.7899999618530273,0.9338895678520203
-610838487485210486,61.08384872479044,-48.52104869427652,0.800000011920929,0.8127909898757935
-611374238485174011,61.13742380642761,-48.51740110052799,2.3499999046325684,0.35987311601638794
-609743943485167196,60.97439434962376,-48.516719669321226,2.859999895095825,0.3704020380973816
-609020753485095177,60.90207536377816,-48.509517744593786,3.4800000190734863,3.4174606800079346
-610466884485070879,61.046688490695836,-48.507087939556776,2.2899999618530273,0.3689545691013336
-611504518485067213,61.15045180974133,-48.50672136592375,1.8799999952316284,0.47734594345092773
-609831016485060668,60.98310160289134,-48.5060668708196,2.680000066757202,2.8290622234344482
-609596382485056755,60.95963824784644,-48.50567551372883,5.309999942779541,5.446099758148193
-612234276485056643,61.22342761730914,-48.505664326357866,2.3499999046325684,2.2906177043914795
-612355616485049896,61.23556167291565,-48.50498965062869,1.559999942779541,1.3681141138076782
-611365131485046510,61.13651315994295,-48.50465109560383,0.47999998927116394,0.47964662313461304
-610367086485013174,61.036708623392514,-48.50131744761071,1.7000000476837158,1.6382962465286255
-610591020485007717,61.05910209121323,-48.500771753539205,0.8299999833106995,0.9374825358390808
-609849452484999946,60.98494526632226,-48.499994668587455,1.059999942779541,1.053139328956604
-611091949484949347,61.10919494401442,-48.494934720891365,2.950000047683716,3.220305919647217
-612314669484926305,61.23146696028124,-48.49263059905447,0.41999998688697815,0.4041617512702942
-610404580484903486,61.04045806190738,-48.49034863607797,2.549999952316284,3.1534037590026855
-610927895484894318,61.09278952786697,-48.489431814411034,3.059999942779541,3.2180426120758057
-612644011484892620,61.264401167729915,-48.489262008996576,1.8200000524520874,1.8166414499282837
-609188783484883375,60.91887834614259,-48.488337505143164,1.6799999475479126,1.6923737525939941
-612369726484883395,61.236972658822204,-48.4883395834002,3.490000009536743,3.99914288520813
-611003224484860944,61.10032242644214,-48.48609440345532,3.7699999809265137,3.7716872692108154
-609699703484838470,60.96997039975346,-48.483847043722704,0.2800000011920929,0.27511847019195557
-609418507484807896,60.94185076939271,-48.48078966794867,2.640000104904175,3.2243969440460205
-609108574484799789,60.910857408826615,-48.47997898684329,0.3199999928474426,0.31293782591819763
-609568306484793316,60.95683068026155,-48.47933165693768,0.8700000047683716,0.7700046300888062
-608990976484778636,60.899097684792615,-48.47786360182882,0.8500000238418579,0.8572036623954773
-610240224484719521,61.02402242835825,-48.47195211309385,0.550000011920929,0.2913866639137268
-609974454484698911,60.99744540929447,-48.469891121969816,0.9900000095367432,0.9712421894073486
-610292106484655752,61.029210637731644,-48.465575204754394,3.309999942779541,4.001899719238281
-610009685484650403,61.00096851168989,-48.46504033126148,0.4099999964237213,0.15985749661922455
-612601813484635065,61.26018130404041,-48.463506548156175,1.850000023841858,1.6925190687179565
-610541275484632221,61.05412758021412,-48.46322217234654,1.340000033378601,1.4008171558380127
-610466433484611417,61.0466433241521,-48.4611417583304,5.96999979019165,5.7463274002075195
-609851817484613163,60.98518175433949,-48.46131634552901,1.0800000429153442,1.0816277265548706
-609702304484600527,60.97023049057319,-48.46005273108397,4.039999961853027,4.3933820724487305
-609718731484596379,60.97187315344098,-48.45963799004673,0.8299999833106995,0.7001960873603821
-610163093484533171,61.01630934696214,-48.453317110230216,2.0799999237060547,2.0547280311584473
-609614814484513210,60.961481433051134,-48.45132109694205,0.49000000953674316,0.298421174287796
-609918299484474776,60.991829927076495,-48.44747760392696,0.8899999856948853,0.851406991481781
-611493067484468366,61.14930679423193,-48.446836629038366,2.5799999237060547,0.4152292013168335
-612870149484466368,61.28701491186817,-48.446636864419574,0.5600000023841858,0.5630694627761841
-610672145484435073,61.067214557430916,-48.44350731827506,0.9300000071525574,0.16223415732383728
-611749704484372135,61.17497044152729,-48.43721352189781,4.420000076293945,4.4647932052612305
-610357140484363676,61.03571404781584,-48.43636764016269,1.149999976158142,1.0438629388809204
-611686567484354087,61.16865679488613,-48.43540872398056,2.0799999237060547,3.829761266708374
-611442069484349429,61.144206994143154,-48.43494290767198,1.2799999713897705,1.3100597858428955
-612024134484320282,61.20241346297272,-48.43202825099363,0.5899999737739563,0.3037974238395691
-609589948484307172,60.95899481354455,-48.43071729293634,0.4699999988079071,0.1620980203151703
-612067593484275997,61.20675935671248,-48.427599782015314,1.2000000476837158,1.145633578300476
-610027886484254938,61.00278866439975,-48.42549381646229,1.6699999570846558,0.34723329544067383
-610709313484256348,61.070931303278954,-48.425634811997796,1.2799999713897705,1.4084149599075317
-610389049484215113,61.03890499929377,-48.421511315259025,0.6499999761581421,0.6905725598335266
-611029188484194285,61.10291882794322,-48.41942858217594,1.7300000190734863,1.3889905214309692
-609585137484190106,60.95851377727064,-48.419010635697894,0.9599999785423279,0.5181145668029785
-611943652484161384,61.19436528229891,-48.41613843003054,0.5199999809265137,0.5908825993537903
-612232051484158850,61.2232051724379,-48.415885000028126,2.0,0.3206903338432312
-610452668484150753,61.04526682807886,-48.41507534410007,3.7100000381469727,3.667320728302002
-609605019484126782,60.96050190197173,-48.412678202196204,0.7200000286102295,0.7594776153564453
-609703182484120808,60.97031829494558,-48.412080859581145,4.340000152587891,4.322522163391113
-612753518484109568,61.27535184413543,-48.41095686233319,1.7100000381469727,1.6636121273040771
-610159673484098613,61.015967363560215,-48.409861340714954,0.6399999856948853,0.6488408446311951
-609924756484087119,60.99247564912853,-48.40871198379777,0.33000001311302185,0.32963550090789795
-609481573484072860,60.94815733801133,-48.407286032570006,0.5199999809265137,0.4184265732765198
-609929625484050983,60.99296256029708,-48.4050983500121,2.1700000762939453,2.2008118629455566
-612468731484053484,61.24687318680349,-48.40534840707066,4.059999942779541,4.3021345138549805
-611217406483998600,61.121740609876134,-48.39986004753585,1.7999999523162842,0.1600075364112854
-612591633483988185,61.2591633102494,-48.39881850099353,3.2100000381469727,3.3993334770202637
-610590991483972128,61.059099191916395,-48.39721283798143,0.8199999928474426,0.917752742767334
-609409629483945784,60.94096292034965,-48.39457845653326,1.7799999713897705,1.6952359676361084
-612319752483907868,61.23197523054761,-48.39078686603313,0.4699999988079071,0.5422553420066833
-609886718483888566,60.98867189050329,-48.38885668565613,1.2300000190734863,0.7681416273117065
-610237551483885817,61.02375511653973,-48.38858170461277,1.600000023841858,0.9115520119667053
-611127112483866150,61.11271126894459,-48.38661500805908,1.0099999904632568,1.0427978038787842
-612866241483865647,61.286624158399356,-48.38656477084806,2.0299999713897705,2.6832387447357178
-611899586483854408,61.18995861222675,-48.385440897587046,2.2100000381469727,0.7724467515945435
-610604756483831755,61.060475663326876,-48.38317559691131,2.859999895095825,3.185519218444824
-611550390483823541,61.15503900457096,-48.38235410786233,0.7699999809265137,0.8037188053131104
-609180538483798319,60.9180538439613,-48.379831900203236,2.490000009536743,0.9296058416366577
-609434716483793421,60.94347165243462,-48.379342141636,1.059999942779541,0.9105631113052368
-611637458483785436,61.16374582649054,-48.378543691774055,3.630000114440918,3.8035261631011963
-612506818483780139,61.250681864225974,-48.37801395881577,2.700000047683716,2.9384565353393555
-609568150483758571,60.95681506719972,-48.37585716237159,2.9000000953674316,2.951575994491577
-609351115484306313,60.935111555112286,-48.430631382024664,2.2699999809265137,0.4165841042995453
-609474300484305253,60.947430078563734,-48.430525379307326,0.5699999928474426,0.6779677867889404
-612969650484289490,61.29696502100096,-48.42894906915065,1.3799999952316284,1.3861312866210938
-610019686484234555,61.00196863524774,-48.42345554297031,0.4000000059604645,0.40751779079437256
-611096669484221362,61.109666932957325,-48.4221362586722,2.619999885559082,2.8822860717773438
-611231999484219586,61.123199922499865,-48.421958617463055,2.2899999618530273,3.6154892444610596
-609297353484195402,60.92973532934773,-48.4195402803214,1.899999976158142,1.4837173223495483
-612885856484172035,61.28858569898993,-48.41720359820395,2.319999933242798,2.6201205253601074
-612621200484122536,61.26212007495923,-48.41225363933782,1.3899999856948853,1.396889567375183
-609408640484073733,60.940864053806955,-48.407373344982965,1.090000033378601,1.1329848766326904
-610754303484061809,61.075430303519774,-48.40618099388973,0.9800000190734863,0.8882686495780945
-611944631484042812,61.19446316820773,-48.40428122118436,2.3499999046325684,2.442915201187134
-611700103484041532,61.17001034639052,-48.404153283541056,2.5399999618530273,3.0430853366851807
-609979748484028361,60.99797483032346,-48.402836114137344,0.9200000166893005,0.9143279790878296
-610067843484026183,61.00678434251288,-48.402618368150364,2.2300000190734863,2.6321797370910645
-612638620484026550,61.26386206072523,-48.4026550479993,3.380000114440918,3.4998183250427246
-610776541484023176,61.07765412011941,-48.402317607447586,2.5899999141693115,2.624570369720459
-609701523484002169,60.97015238408246,-48.4002169330555,0.8700000047683716,0.8476145267486572
-612823894483994954,61.28238940939087,-48.39949544624227,0.4300000071525574,0.4471021294593811
-611705849483918427,61.17058496691629,-48.39184272197191,2.809999942779541,3.006943941116333
-610404930483912789,61.04049305957131,-48.391278942181174,0.27000001072883606,0.2475452721118927
-611167501483911901,61.11675011215604,-48.39119018613667,3.930000066757202,4.079520225524902
-612812784483906115,61.28127843578021,-48.39061153863848,1.75,1.7027908563613892
-612173352483745693,61.217335240286786,-48.37456939136284,2.7799999713897705,4.9170026779174805
-610275868483727162,61.027586887190004,-48.37271626336683,1.059999942779541,1.0680961608886719
-610627487483719740,61.06274879547702,-48.37197408872358,3.859999895095825,3.989555835723877
-611834441483712820,61.18344418361284,-48.37128207860435,1.4900000095367432,1.4341726303100586
-612073918483684385,61.207391832704836,-48.368438548160775,4.059999942779541,5.486293792724609
-609105567483676924,60.91055677853587,-48.3676924083352,2.9200000762939453,3.8363378047943115
-610287507483677071,61.0287507206147,-48.367707159287775,0.9100000262260437,0.9304086565971375
-611163659483677443,61.11636599583122,-48.36774431442121,3.859999895095825,4.1235551834106445
-612902431483665942,61.290243170295035,-48.366594266776424,3.6500000953674316,4.301668643951416
-612007974483663809,61.20079748935798,-48.366380984627526,0.7200000286102295,0.8617264032363892
-611325380483663002,61.13253804241191,-48.36630023594334,3.8499999046325684,4.026981830596924
-612211056483629493,61.221105665952344,-48.36294932293344,0.5799999833106995,0.31788790225982666
-609922240483608235,60.992224062680656,-48.36082359518297,2.1500000953674316,2.2418060302734375
-611646852483588030,61.164685298516126,-48.35880309706507,0.5099999904632568,0.6114170551300049
-612652812483528428,61.26528121385343,-48.3528428525918,1.940000057220459,2.0546858310699463
-609962505483507206,60.99625051874874,-48.35072061899147,1.0299999713897705,1.0221376419067383
-611642289483496126,61.16422890540789,-48.34961267415796,1.1299999952316284,1.2593657970428467
-609284820483488023,60.92848209093677,-48.34880235902369,3.809999942779541,3.8848485946655273
-612703695483489691,61.270369558391245,-48.34896910294884,2.319999933242798,2.7037389278411865
-612173164483487194,61.217316482557834,-48.34871948646738,3.2699999809265137,3.4556360244750977
-611155537483479778,61.11555376170423,-48.34797785616425,1.2200000286102295,1.248603343963623
-612161241483478320,61.216124103570614,-48.347832008684485,3.1700000762939453,3.331833839416504
-611964552483409344,61.196455263859185,-48.340934456222584,0.75,0.7554046511650085
-612517994483352143,61.25179943308469,-48.33521437899452,1.5,4.578495502471924
-612699542483351123,61.269954293793205,-48.33511232372131,2.130000114440918,3.659642457962036
-610959992483298569,61.095999267971386,-48.329856940803396,0.7799999713897705,0.7907442450523376
-611848883483288633,61.18488832760727,-48.328863359020424,0.8999999761581421,0.9289351105690002
-609041360483277537,60.90413609827872,-48.3277537695021,3.880000114440918,4.374715805053711
-612269917483280178,61.22699178467538,-48.328017879831705,0.8799999952316284,0.16099783778190613
-610330719483274402,61.03307191383638,-48.32744025738572,4.659999847412109,4.781007766723633
-609494300483255191,60.9494300374842,-48.32551913018251,0.8600000143051147,0.9213160276412964
-609643880483220847,60.96438809755549,-48.32208471433052,1.1399999856948853,1.1090471744537354
-610654456483215636,61.06544569190653,-48.32156367532902,2.9200000762939453,3.122925043106079
-609509722483200400,60.9509722522723,-48.320040054545466,1.9700000286102295,1.7264329195022583
-612343306483191893,61.234330622847416,-48.31918939123315,2.4100000858306885,4.398904323577881
-609822746483119784,60.98227467777491,-48.31197840730828,1.2400000095367432,0.2769721746444702
-612538774483043139,61.25387741518759,-48.3043139646553,0.5,0.35136815905570984
-609170510483013141,60.91705101120343,-48.301314175534486,1.600000023841858,0.9428258538246155
-611552569483014670,61.15525696890936,-48.30146705685694,4.159999847412109,4.2510905265808105
-612469508483002423,61.24695083750061,-48.30024235707286,2.4800000190734863,2.4588615894317627
-609782106482972712,60.978210665593565,-48.29727123690403,2.759999990463257,2.937211751937866
-609492124482959253,60.94921245706628,-48.2959253142026,1.0199999809265137,1.1435418128967285
-610138152482958762,61.01381521141166,-48.29587621857658,0.7900000214576721,0.8605308532714844
-611219995482944162,61.121999546020625,-48.29441625957505,3.5799999237060547,4.372866153717041
-609637317482929831,60.963731727806554,-48.29298311903979,0.7200000286102295,0.7009363174438477
-612325604482895767,61.232560496679795,-48.28957677015486,1.0700000524520874,0.9211359620094299
-610576258482873620,61.05762589556673,-48.287362078781776,2.119999885559082,1.8715622425079346
-609162889482853047,60.91628899066041,-48.28530477975481,0.36000001430511475,0.31338366866111755
-609247321482832281,60.92473212602404,-48.2832281176477,1.3899999856948853,0.9368525147438049
-612290388482817766,61.22903880082671,-48.28177665950612,0.4000000059604645,0.4082280397415161
-610381142482809426,61.038114225347506,-48.280942601166245,1.5199999809265137,0.5370311141014099
-611665297482796766,61.16652973405497,-48.27967667160137,1.100000023841858,0.5432384610176086
-610548656482761800,61.054865622057065,-48.276180006960494,0.8999999761581421,1.0483440160751343
-612364352482765779,61.236435262721734,-48.276577941109274,0.6600000262260437,0.6488202214241028
-611526802482761748,61.1526802565581,-48.276174881148215,0.47999998927116394,0.4926670491695404
-609889523482758360,60.98895238901819,-48.275836013699845,,
-610397911482757210,61.03979112071564,-48.27572107478471,5.090000152587891,5.038856029510498
-609232261482741300,60.923226182669524,-48.27413006827081,1.659999966621399,1.7027586698532104
-609474167482738124,60.94741676847638,-48.273812485912906,3.4600000381469727,3.436067581176758
-611966364482733858,61.19663643403211,-48.27338587223841,1.5,1.4811664819717407
-610199139482725907,61.019913963559894,-48.2725907468729,1.659999966621399,1.5647704601287842
-611218815482670687,61.12188152453489,-48.26706875119436,1.909999966621399,1.7045098543167114
-609494736482591265,60.9494736723097,-48.25912653067074,0.4399999976158142,0.4828943908214569
-610996620482544889,61.09966202136265,-48.254488915314646,0.1899999976158142,0.06825912743806839
-611396638482540807,61.1396638362699,-48.25408077701936,0.28999999165534973,0.6445850729942322
-610101741485972729,61.01017419517814,-48.597272965467376,2.549999952316284,1.3573006391525269
-610337253485965456,61.03372533171288,-48.59654565696345,2.359999895095825,0.31669238209724426
-610901840485861585,61.090184013622434,-48.58615851318583,1.600000023841858,1.3752247095108032
-609230700485791322,60.923070087858406,-48.57913224838134,2.200000047683716,1.7037402391433716
-610363065485769784,61.03630652335525,-48.576978445616696,2.950000047683716,3.2208900451660156
-610919511485760971,61.09195116818834,-48.57609717561636,1.9700000286102295,0.4074900150299072
-608789354485750504,60.878935470446514,-48.57505047214687,0.7300000190734863,0.7340211272239685
-608923715485596381,60.89237157563106,-48.55963811221874,0.4300000071525574,0.32113850116729736
-608380420485443508,60.83804204252177,-48.5443508943861,3.4100000858306885,3.4093048572540283
-608129802485412311,60.812980241686574,-48.541231177717194,0.7300000190734863,0.4511563181877136
-608899974485196839,60.8899974270131,-48.519683948573935,1.7599999904632568,0.32170766592025757
-607923608485174277,60.7923608855128,-48.51742774471227,2.369999885559082,2.318075656890869
-608574114485129781,60.857411488239165,-48.51297819998163,1.690000057220459,1.686063528060913
-608917035485112142,60.89170358277827,-48.511214212851655,1.0399999618530273,0.9894669651985168
-608223601485098529,60.822360182636146,-48.509852983010546,3.75,3.776198387145996
-608828566485058729,60.88285667298511,-48.505872976220886,1.0700000524520874,1.1481125354766846
-607350109484884407,60.73501097898466,-48.48844070439781,4.670000076293945,4.60398530960083
-607850737484877678,60.785073766857344,-48.48776781168798,1.2799999713897705,1.3081825971603394
-608950137484756157,60.89501371241545,-48.475615770532414,0.9399999976158142,0.9665840268135071
-608955665484746505,60.895566593990246,-48.474650592738946,0.3799999952316284,0.3515172302722931
-608400929484704745,60.840092980593646,-48.47047457074284,1.1200000047683716,1.0415819883346558
-607276770484677273,60.72767704291191,-48.467727371370884,0.4099999964237213,0.3683239817619324
-607269891484614032,60.72698911749665,-48.4614032339884,0.5699999928474426,0.39517566561698914
-608221036484599972,60.82210361743695,-48.45999729610112,1.7200000286102295,1.6215068101882935
-607500959484536013,60.75009596405622,-48.45360137333156,0.3700000047683716,0.39770573377609253
-607262983484485435,60.726298388264205,-48.448543561235844,1.7300000190734863,2.0542213916778564
-607664663484452314,60.76646635345749,-48.44523141173883,0.5400000214576721,0.5425779819488525
-609024290484441886,60.902429036876725,-48.44418865915719,1.2100000381469727,1.30342435836792
-608772049484439366,60.877204941191195,-48.44393666953321,0.7400000095367432,0.7812860608100891
-608944545484392402,60.89445451700087,-48.43924022131422,1.5,1.506410837173462
-608823756484325703,60.882375619994306,-48.432570309991206,2.6600000858306885,3.2664222717285156
-608824808484232946,60.88248080738873,-48.42329467523759,1.7799999713897705,1.5095266103744507
-607629773484176924,60.76297732148363,-48.41769248020188,0.3199999928474426,0.3240937888622284
-608714885484073838,60.871488522128914,-48.40738381711896,1.7200000286102295,1.4061064720153809
-607288422484016904,60.72884227805639,-48.40169041476675,4.360000133514404,4.374161720275879
-607701870484014658,60.770187032592695,-48.40146583191746,4.46999979019165,4.48787260055542
-608586637484007612,60.858663732807955,-48.40076126392694,0.8199999928474426,0.8344263434410095
-607077086483954418,60.70770865542275,-48.395441808824124,0.25999999046325684,0.21266618371009827
-608971228483928083,60.897122840369356,-48.39280834874234,2.2100000381469727,0.45476385951042175
-607418338483878773,60.741833816242284,-48.387877362656525,0.4099999964237213,0.40992096066474915
-607918936483859807,60.791893650965825,-48.38598078947071,2.990000009536743,3.097254753112793
-608092440483841685,60.809244010045916,-48.384168512918244,1.2699999809265137,0.16350838541984558
-608394470483825457,60.83944707687873,-48.38254573822225,1.5299999713897705,1.5648030042648315
-608916228483778520,60.89162286768483,-48.3778520037097,3.6600000858306885,4.374139308929443
-608811940483732527,60.88119406241113,-48.37325279709483,1.590000033378601,1.6947219371795654
-608107236483689754,60.81072360576987,-48.36897546735496,4.079999923706055,4.144655227661133
-608784685483685757,60.87846858580829,-48.368575701268476,4.639999866485596,4.651103973388672
-608545439483680771,60.854543946777504,-48.36807715042154,5.010000228881836,5.295504570007324
-608634146483665093,60.86341468035466,-48.366509329111395,5.96999979019165,5.9513258934021
-608186083483662064,60.818608348523284,-48.36620645163228,0.8299999833106995,0.8005199432373047
-608716267483617614,60.87162672240232,-48.361761448713025,0.47999998927116394,0.18865589797496796
-608602735483520130,60.86027352593227,-48.35201305533298,1.2100000381469727,1.202883005142212
-608688968483453126,60.868896897627124,-48.345312631982395,0.7799999713897705,0.15969933569431305
-608809683483422685,60.88096834196149,-48.34226853063642,2.559999942779541,2.5647923946380615
-608272558483416069,60.827255831479576,-48.341606964257366,3.880000114440918,4.202490329742432
-607243438483412772,60.72434383077513,-48.34127722511031,1.2699999809265137,0.3001134991645813
